# Blender 4.0.2
# www.blender.org
mtllib kelp.mtl
o Kelp
v -0.519908 148.539062 2.430474
v -1.311814 148.542908 2.313058
v -2.977623 156.170181 18.818073
v -4.387071 155.997406 18.790962
v -1.364234 152.199280 9.685182
v -0.572890 147.393448 0.044446
v -2.771410 152.144318 9.534208
v -4.415207 164.127747 27.888866
v -2.061512 151.967072 9.463186
v -3.731081 155.824890 18.848709
v -4.448598 163.315506 26.076906
v -3.827398 162.498398 25.522472
v -4.181447 162.694336 25.792593
v -0.000001 -0.666682 -0.833331
v -0.000001 23.681818 -0.874018
v 0.865138 -0.998991 -0.499489
v 0.865052 0.998861 -0.499442
v 0.721687 -0.666682 0.416666
v 0.866026 0.999985 0.499996
v -0.000001 -0.666682 0.833335
v -0.000000 23.708454 0.874998
v -0.866027 -1.000015 0.500003
v -0.756997 23.684189 0.437049
v -0.866027 -1.000015 -0.499997
v -0.865141 0.998961 -0.499489
v 0.710077 167.095825 -0.409992
v -0.000133 169.966904 -0.804471
v 0.710203 164.927765 0.387677
v -0.000027 161.291702 0.715104
v -0.696764 167.798462 0.379761
v -0.866027 184.667740 -0.500014
v 0.471043 221.574066 -0.272009
v 0.003062 220.385620 -0.542233
v 0.471059 221.620819 0.272097
v -0.000080 229.245209 0.566877
v -0.468078 220.428543 0.273911
v -0.461952 218.022614 -0.266687
v -0.558405 159.798248 -1.606071
v 0.247781 159.568939 -1.349059
v 0.335810 170.240372 -19.228024
v 1.864806 169.940063 -19.182537
v -0.412305 164.737549 -9.313338
v -0.182236 159.277679 -0.726906
v 1.149148 164.678131 -9.258872
v 1.146995 180.041046 -27.933146
v 0.321401 164.896362 -9.368774
v 1.064522 170.321869 -19.060690
v 1.476539 177.455139 -25.649897
v 0.738975 177.910004 -25.747938
v 1.071238 177.985718 -25.681259
v -2.534264 170.392731 0.829505
v -0.502046 170.001450 -0.298395
v -22.343307 175.280853 4.315791
v -23.170660 174.394684 2.430586
v -11.427630 172.854813 2.591202
v -1.993316 170.313782 0.351413
v -11.681675 172.899918 1.256210
v -34.428268 182.062302 6.599002
v -11.556379 172.932983 1.972023
v -23.010412 174.335922 3.418046
v -31.137798 180.522552 5.510493
v -30.923779 180.523438 6.191056
v -30.937981 180.309662 5.797452
v -0.676629 175.494461 -0.682668
v -1.427277 176.515732 -3.037233
v -13.589764 184.207001 -17.544353
v -12.412415 184.471542 -18.319221
v -7.286840 180.445450 -8.984699
v -1.178905 176.263351 -1.996079
v -5.905921 180.550842 -10.028416
v -19.516991 193.085083 -26.752092
v -6.832857 180.433655 -9.642900
v -13.360436 183.492538 -18.518883
v -17.360821 190.984711 -24.387121
v -17.856014 190.852524 -23.947367
v -17.676052 191.146973 -24.266479
v -1.348644 195.378540 2.055201
v -2.035843 195.419632 1.584086
v -12.325564 201.653473 18.424475
v -13.679193 201.471985 17.675869
v -6.060787 198.513306 9.582752
v -1.290894 195.126068 1.176360
v -7.335664 198.476807 8.771564
v -18.837650 209.225296 28.442413
v -6.695701 198.528824 9.172459
v -12.929603 201.683167 18.017052
v -17.431980 207.605743 25.459641
v -16.791733 207.613922 25.785622
v -17.070946 207.610809 25.610107
v 0.333323 211.677399 1.512567
v -0.417542 211.706085 1.732736
v 5.880575 224.892487 16.468491
v 4.432158 224.879745 16.888323
v 2.979219 217.920532 8.084311
v -0.250558 211.216934 1.068917
v 1.693820 217.918915 8.459256
v 8.855350 236.634705 23.486492
v 2.337358 218.007965 8.266600
v 5.139792 224.813004 16.759218
v 7.475533 233.478088 21.450613
v 8.213085 233.704773 21.230082
v 7.942677 234.190582 21.368328
v -0.196515 228.219528 -0.089442
v -0.059467 228.336655 0.541254
v 15.067346 239.717850 -5.585535
v 15.365120 240.033600 -4.263845
v 7.196407 234.283340 -3.131206
v -0.127991 228.278091 0.225900
v 7.479353 234.642227 -1.846584
v 21.746698 249.527924 -8.754375
v 7.137074 234.590698 -2.568668
v 15.794426 239.443054 -4.794162
v 19.803984 247.229477 -7.519063
v 19.695858 247.698792 -8.355330
v 19.723238 247.249268 -7.806690
v -0.162036 228.181107 -0.089804
v 1.208688 229.356750 0.092989
v 15.638697 239.011505 -5.624676
v 16.014729 239.563828 -3.963348
v 7.192419 234.423599 -3.160464
v -0.093511 228.239670 0.225549
v 7.480068 234.669525 -1.831555
v 21.302887 249.062790 -8.588970
v 7.338875 234.540436 -2.495446
v 15.275572 239.849106 -4.918868
v 19.681179 247.053925 -7.467275
v 19.526108 246.995026 -8.044321
v 19.865335 248.028687 -8.076650
v -0.652607 135.565430 -0.068489
v 0.888252 136.015991 0.163896
v 16.129570 139.668594 -4.129140
v 16.248589 140.025269 -3.127480
v 7.745196 137.963623 -2.353133
v 0.594961 136.027466 -0.078267
v 8.003850 138.058762 -1.181068
v 25.325977 145.106384 -6.414772
v 7.835005 138.101471 -1.801393
v 16.154104 139.944061 -3.610127
v 22.800526 143.972382 -5.459088
v 22.721134 143.919067 -5.970842
v 22.766054 144.031036 -5.717165
v 0.108268 118.519180 -1.208874
v -0.310333 118.126823 0.385105
v 7.970622 122.042847 -12.932526
v 8.930027 121.795273 -12.357334
v 3.452530 120.313721 -6.648064
v -0.528875 118.099388 0.233688
v 4.368003 120.365044 -6.018582
v 12.742760 126.756630 -20.171804
v 3.902302 120.392380 -6.298352
v 8.510505 121.722656 -12.712803
v 11.726221 125.887444 -18.076017
v 11.269476 125.842140 -18.293268
v 11.602051 126.261505 -18.521662
v -0.482969 100.771851 -0.013930
v 0.098223 101.354980 0.668147
v 9.141724 106.087265 4.525963
v 8.764647 106.318588 5.062388
v 4.473379 103.628952 2.049457
v -0.588944 100.730042 0.139602
v 4.015309 103.843536 2.645665
v 14.086798 110.741348 6.134686
v 4.238865 103.805573 2.258916
v 9.118660 105.813896 5.261871
v 13.073552 110.347763 5.840750
v 12.880958 109.739136 5.538229
v 12.816841 109.797028 5.712286
v -0.090227 83.756104 -0.906963
v -0.354488 83.496834 0.322301
v 5.540403 86.219315 -10.164599
v 6.089949 86.397583 -9.679664
v 2.265578 85.073784 -5.157040
v -0.525541 83.399483 0.214379
v 2.958895 85.174759 -4.701472
v 8.864038 89.976059 -15.759549
v 2.646674 85.058632 -4.903333
v 5.908712 86.245766 -9.951558
v 8.083373 89.088234 -13.985902
v 7.824463 89.258865 -14.302764
v 8.061077 89.694626 -14.478270
v -2.284289 128.112640 0.058956
v -0.364255 126.991203 -0.121309
v -13.921183 135.652466 -2.175692
v -13.932294 135.386230 -3.666802
v -7.283872 131.674103 -0.745367
v -1.890193 127.982620 -0.132544
v -6.865654 131.797791 -1.660599
v -19.816120 142.932953 -2.918546
v -7.080751 131.842133 -1.129810
v -13.774288 135.735901 -2.703518
v -18.141582 141.385193 -3.001357
v -18.186029 141.271912 -2.503492
v -18.542610 142.151703 -2.653114
v -0.601842 52.686508 0.289882
v -0.310205 52.504917 0.037764
v -7.437730 56.030952 -9.331837
v -6.961425 55.357422 -10.095613
v -4.122787 54.925533 -4.406737
v -0.455715 52.568748 0.163676
v -3.475346 54.485199 -5.029584
v -10.465313 60.024338 -14.962523
v -3.742191 54.813004 -4.744229
v -7.176240 55.915550 -9.626669
v -9.410345 59.224136 -13.670777
v -9.666780 59.325081 -13.406379
v -9.628247 59.638340 -13.742935
v -0.450981 24.738773 -0.009934
v -0.731829 24.816536 0.278806
v 8.226594 29.413618 7.528181
v 7.487415 29.554876 8.291005
v 3.998931 27.731655 3.299969
v -0.591636 24.790321 0.134435
v 3.258932 27.869972 4.062036
v 13.301587 35.404587 11.489510
v 3.628933 27.800814 3.681002
v 7.857418 29.485718 7.909964
v 11.322248 34.257629 10.015450
v 11.545615 34.134830 9.697377
v 11.438721 34.214134 9.862850
v -0.378611 66.406776 0.058163
v -0.435983 67.131241 0.983144
v 3.550281 72.050606 10.347126
v 2.514530 71.903145 10.847896
v 1.993164 69.583168 4.956933
v -0.310194 66.866348 0.726270
v 0.987380 69.876343 5.180382
v 6.132724 77.302399 15.285809
v 1.490123 69.722778 5.068152
v 3.017672 71.763748 10.737260
v 5.420006 76.542603 13.922208
v 5.768505 76.396553 13.800257
v 5.598314 76.548630 13.876021
v -0.464945 36.273365 0.318247
v -0.488908 36.334328 -0.085937
v -12.462849 39.047810 1.187047
v -12.506566 39.061485 0.337505
v -6.469942 37.998341 0.947405
v -0.476676 36.285255 0.116199
v -6.492995 38.205887 0.041107
v -20.086147 43.195942 1.806929
v -6.495117 38.032173 0.528046
v -12.672050 38.653404 0.655182
v -17.446394 42.513508 1.446173
v -17.123333 42.064594 1.719229
v -17.427092 42.532127 1.639324
v -1.846949 92.886124 -0.665922
v -1.294686 93.045563 -0.798534
v -9.959626 90.720581 -7.525046
v -9.472933 91.410782 -8.072919
v -5.637789 92.336250 -3.586735
v -0.485367 93.131149 0.153114
v -5.044830 92.698708 -4.204066
v -15.935645 92.382339 -11.974247
v -5.376637 92.700974 -3.793440
v -9.795986 91.493118 -7.728622
v -14.097105 92.260223 -10.896939
v -14.490473 92.326477 -10.660314
v -14.352352 92.368011 -10.770226
v -1.410405 113.576149 0.792713
v -0.580149 113.298203 -0.083025
v -11.133768 116.135185 5.500937
v -11.438356 116.193687 4.816884
v -5.661568 115.146027 3.232975
v -1.504340 113.540672 0.589137
v -6.115405 115.208900 2.263480
v -17.031759 119.739304 8.429122
v -6.011808 114.951050 2.753309
v -11.620263 115.617271 5.122168
v -15.411955 118.864670 7.354671
v -15.341646 119.034424 7.758174
v -15.671559 119.495995 7.799101
v -0.229192 184.777481 0.012248
v -0.973267 184.833008 0.144870
v 3.950695 187.077972 22.524504
v 2.477271 187.271652 22.806192
v 2.270262 186.484543 11.318554
v -0.601230 184.805237 0.078560
v 0.704088 186.539734 11.601188
v 6.441214 192.597824 34.598946
v 1.402526 186.435577 11.484646
v 3.194325 187.069946 22.698545
v 5.704358 192.534058 32.535202
v 6.078643 191.537842 31.507030
v 5.736765 191.613586 31.607508
v 1.251298 200.514282 0.521796
v 0.906098 200.457703 1.284913
v 19.972971 205.347260 8.697069
v 19.417507 205.434952 9.965139
v 9.952524 203.074432 3.992543
v -0.640450 199.825287 0.169906
v 9.337166 203.101013 5.351481
v 31.355347 212.171753 13.523513
v 9.670446 203.041229 4.708019
v 20.013075 204.386749 9.862296
v 27.994507 210.702911 12.543734
v 28.210171 210.634232 11.926030
v 28.193489 210.700562 12.290940
v -3.423127 188.892868 0.342106
v -0.385589 188.024841 -0.275865
v -22.434502 194.439148 -0.977679
v -22.320963 194.677170 -2.510975
v -11.735957 191.678284 0.060287
v -2.708630 188.676819 -0.057222
v -11.370804 191.766373 -1.464651
v -34.179611 202.408524 -1.536227
v -11.628075 191.722656 -0.728056
v -22.771254 193.649338 -2.050431
v -30.827784 200.658859 -1.828644
v -30.834091 200.543243 -1.124979
v -30.899227 200.773270 -1.454901
v -1.912045 204.215240 0.672958
v -0.466410 203.060699 -0.305472
v -19.276512 215.735016 2.798022
v -19.488216 215.735947 1.443881
v -9.700551 209.883301 1.906794
v -1.577221 203.924500 0.209925
v -9.943629 209.756042 0.477433
v -27.700340 225.828323 3.719150
v -9.866719 209.778778 1.180163
v -20.290581 214.939163 1.959611
v -25.615705 223.624390 3.050200
v -25.489391 223.579910 3.695028
v -25.653416 223.669525 3.378252
v -1.789564 204.739349 -2.140253
v -0.715497 204.142014 -1.669991
v -7.869223 214.324860 -18.338537
v -6.533822 213.848877 -19.121315
v -4.885407 209.428055 -8.671940
v -1.157947 204.323578 -1.724488
v -3.160515 208.928650 -9.439710
v -11.460852 224.035767 -27.860113
v -3.915563 209.132660 -9.166524
v -7.228343 213.063187 -19.464354
v -9.999310 221.693634 -25.332932
v -10.650928 221.822433 -25.011951
v -10.350677 221.776917 -25.208548
v 0.131952 228.219528 -0.082098
v -0.408234 228.336639 0.271123
v 10.938774 239.043396 12.695160
v 9.591991 239.972229 12.871657
v 5.631358 234.337570 5.725623
v -0.138141 228.278091 0.094511
v 4.492045 234.493866 6.466824
v 17.038525 250.780396 18.465843
v 5.060661 234.348312 6.068948
v 10.148445 239.820404 12.606030
v 14.492174 248.139069 15.948505
v 14.700260 247.232910 15.599632
v 14.729349 248.046722 15.757701
v 0.144598 228.181122 -0.050017
v 0.439666 229.283722 1.279750
v 10.612912 239.990082 11.991698
v 9.631576 240.247849 12.647184
v 5.606546 234.369720 5.657747
v -0.125495 228.239670 0.126592
v 4.357277 234.932373 6.372105
v 16.150894 249.602982 17.480988
v 5.071997 234.778839 5.906884
v 10.111422 239.911377 12.474523
v 14.211243 247.306412 15.903329
v 14.617900 247.067780 15.573480
v 14.335603 246.795013 15.815029
v -0.149138 228.219528 -0.114581
v -0.130683 228.336655 0.530572
v 16.410599 239.288330 -2.643585
v 15.645170 240.268494 -1.554959
v 7.681582 234.403442 -1.742674
v -0.139910 228.278091 0.207998
v 7.650424 234.670654 -0.478131
v 24.502651 250.780396 -4.820687
v 7.515734 234.590698 -1.199660
v 16.434980 239.443054 -1.791355
v 20.801836 247.320786 -3.754534
v 20.834023 247.201187 -4.326643
v 20.857094 247.312744 -4.029237
v -0.115183 228.181107 -0.108576
v -0.096728 228.298233 0.536577
v 15.919641 239.729172 -2.666129
v 15.867117 239.787354 -1.376017
v 7.761484 234.323395 -1.634631
v -0.105955 228.239670 0.214002
v 7.788539 234.387344 -0.447910
v 23.193699 249.569275 -4.579540
v 7.539256 234.778839 -1.191860
v 15.927820 239.878876 -2.022450
v 20.837948 246.836578 -3.611026
v 20.982866 247.683701 -4.571050
v 20.882553 247.133011 -3.995844
v -0.279836 228.220978 0.267850
v 0.315699 228.329376 0.222013
v -3.356250 238.464508 -14.926596
v -2.314596 239.216995 -14.259324
v -2.163364 233.845001 -6.874032
v 0.017932 228.275177 0.244928
v -0.954132 234.126495 -6.904495
v -5.723794 248.844757 -22.286659
v -1.626239 234.339569 -6.775957
v -2.569569 238.607697 -14.987150
v -4.785775 246.655350 -19.133110
v -5.108581 245.753326 -18.937538
v -4.834717 245.858765 -18.972118
v -0.275801 228.185425 0.236192
v 0.319734 228.293823 0.190355
v -3.350474 238.190903 -14.949568
v -1.778223 238.475098 -15.068544
v -2.158103 233.752197 -6.887452
v 0.021966 228.239624 0.213274
v -0.831594 234.433334 -6.849910
v -5.716923 248.778809 -22.309177
v -1.616942 234.051422 -6.784033
v -2.854351 239.012650 -14.236472
v -4.782289 246.389542 -19.166737
v -5.104835 245.577362 -18.959545
v -5.058517 246.300491 -19.114897
v 0.011369 228.217407 0.470457
v 0.163031 228.347321 -0.229193
v -17.566788 241.313416 -0.868955
v -17.547218 241.268860 -2.395732
v -8.767220 235.119049 0.209968
v 0.087200 228.282349 0.120630
v -8.339511 235.722626 -1.323955
v -27.786762 253.242172 -1.016175
v -8.531110 235.309891 -0.399329
v -18.293453 240.666672 -2.133312
v -23.603491 249.416718 -1.226695
v -23.893402 250.105545 -0.333146
v -23.853872 250.209946 -0.675053
v -0.023600 228.174774 0.454969
v 0.128062 228.304703 -0.244688
v -17.599216 241.352112 -0.879613
v -17.392769 241.406998 -2.186178
v -8.782773 235.052017 0.199230
v 0.052231 228.239746 0.105138
v -8.475743 235.406998 -1.226702
v -27.813053 253.192886 -1.031903
v -8.700174 235.198532 -0.565794
v -18.337793 240.632355 -2.149181
v -23.852314 250.040192 -1.026061
v -23.671597 249.329315 -0.558433
v -23.688473 249.211212 -0.915140
v 0.219570 228.217407 0.345548
v -0.161463 228.347321 -0.260531
v -13.558318 241.115356 11.811017
v -14.342711 241.422989 10.586369
v -5.996727 235.379379 6.505940
v 0.029054 228.282349 0.042509
v -7.110415 235.411301 5.057001
v -19.398357 251.894516 17.668591
v -6.706770 235.281876 5.695458
v -14.682877 240.666672 11.289185
v -17.845295 249.447510 15.652826
v -17.451633 249.179260 16.183273
v -17.636431 250.209946 16.220840
v 0.183554 227.941223 0.358574
v -0.197291 228.304703 -0.247145
v -13.380892 241.340698 11.732491
v -14.085464 241.561340 10.628116
v -6.257718 235.143265 6.306564
v -0.006775 228.239746 0.055898
v -7.022047 235.663376 4.903749
v -18.993355 251.320923 17.324331
v -6.520261 235.493073 5.705613
v -14.725666 240.632355 11.308853
v -17.632769 249.193970 15.554569
v -17.277563 249.125153 16.055809
v -17.671566 249.933853 16.232956
v -0.501662 148.146713 1.936539
v -1.208120 148.144897 1.831414
v -3.002205 155.911743 18.958847
v -4.192460 156.224304 18.632792
v -1.436349 151.902008 9.568864
v -0.746659 147.859070 1.224892
v -2.638790 151.983597 9.334686
v -4.512846 164.369949 28.499376
v -2.014794 152.051819 9.401791
v -3.563674 156.104813 18.665754
v -4.463094 162.591705 25.708532
v -3.867534 162.401611 25.791790
v -4.184385 162.493591 25.812149
v -0.011263 -0.940491 -0.911667
v -0.009750 23.745131 -0.787856
v 0.695893 -0.620186 -0.357814
v 0.727593 23.711802 -0.376077
v 0.842310 -0.967890 0.474114
v 0.838924 0.982324 0.452036
v 0.005221 -0.968332 0.946932
v 0.008988 23.658766 0.791401
v -0.840500 -0.968896 0.463273
v -0.831500 0.969481 0.426339
v -0.844831 -0.956345 -0.450925
v -0.736034 23.725199 -0.398699
v 0.574737 156.920319 -0.300534
v -0.008985 167.135376 -0.737614
v 0.594204 154.092468 0.318750
v -0.010494 159.085007 0.624923
v -0.679138 164.008026 0.328108
v -0.839761 184.683655 -0.452890
v 0.465932 228.980286 -0.247167
v -0.001574 213.719727 -0.452480
v 0.429203 218.810364 0.217514
v 0.011265 217.562164 0.436055
v -0.434762 216.636932 0.214915
v -0.451587 221.561584 -0.255031
v -0.571152 159.535797 -1.196482
v 0.254131 159.448517 -1.398129
v 0.422242 170.150513 -19.124060
v 1.755549 170.071594 -19.103331
v -0.288265 164.754990 -9.566952
v -0.118652 159.740692 -1.752499
v 1.028425 164.480148 -9.359548
v 1.172931 179.715271 -27.914747
v 0.413847 164.522614 -9.603614
v 1.318825 169.212494 -19.972816
v 1.446510 177.366959 -25.600016
v 0.792187 177.474396 -25.610054
v 1.147424 177.276764 -25.674461
v -3.376529 170.658630 0.969347
v -3.499575 170.765411 0.147619
v -22.366444 174.942993 4.286218
v -22.468599 175.379089 2.953213
v -11.420889 173.066742 2.739402
v -2.978427 170.540527 0.486121
v -11.858683 173.093765 1.252488
v -33.677334 181.737534 6.422268
v -11.548161 173.104889 1.945644
v -22.412209 175.372742 3.670622
v -30.732807 180.295593 5.431521
v -30.628536 180.140930 6.063303
v -30.778391 180.445160 5.798354
v -0.675481 175.606781 -0.750602
v -1.127078 176.184036 -2.666719
v -13.413119 184.557343 -17.507921
v -12.424143 184.497314 -18.335985
v -7.198386 180.370361 -9.079476
v -1.177481 176.212524 -2.045748
v -6.116940 180.371765 -10.047184
v -19.170341 192.895813 -26.328896
v -6.706393 180.499146 -9.532555
v -12.891765 184.564056 -17.917494
v -17.300701 191.034134 -24.356680
v -17.751244 191.078033 -23.882324
v -17.938757 191.973618 -24.679218
v -1.724190 195.590515 2.544164
v -2.390919 195.676300 2.051881
v -12.511087 201.177887 18.534779
v -13.519831 201.603760 17.661251
v -6.308935 198.433121 9.757475
v -1.529740 195.349060 1.545359
v -7.392764 198.686050 8.890289
v -18.433823 208.798981 27.810928
v -6.571977 198.781891 9.148734
v -13.578764 200.363678 18.307882
v -17.558590 208.228409 25.923767
v -16.679958 207.225525 25.575916
v -16.940750 206.943939 25.211349
v 0.511575 212.041138 1.976792
v -0.264628 212.110153 2.207167
v 5.792617 225.023361 16.178743
v 4.547345 225.263306 16.569023
v 3.023015 218.030975 8.196789
v -0.627404 210.069794 0.119770
v 1.597023 218.094574 8.372294
v 8.690337 236.226685 23.031685
v 2.359571 218.022705 8.152282
v 5.165057 224.885941 16.800570
v 7.542652 233.799286 21.261805
v 8.069633 233.362640 21.020607
v 7.844017 233.744644 21.160641
v -0.163598 228.223175 -0.066904
v 1.189497 229.369019 0.036325
v 14.827376 239.846344 -5.501270
v 15.300900 240.014313 -4.379049
v 7.242604 234.285126 -2.996049
v -0.092267 228.257217 0.161741
v 7.498377 234.569733 -1.899802
v 21.893974 249.514755 -8.780569
v 7.330215 234.293564 -2.543756
v 15.166263 239.616150 -4.921775
v 19.815651 247.215668 -7.552896
v 19.717525 247.678406 -8.316678
v 19.690029 246.704407 -7.705337
v -0.160405 228.249298 -0.035613
v -0.026836 228.098145 0.494018
v 15.635489 239.317490 -5.548206
v 15.067478 240.139984 -4.450115
v 7.203930 234.328949 -3.057316
v -0.093425 228.305908 0.246889
v 7.323824 234.716858 -1.780805
v 21.903019 249.563721 -8.789639
v 7.320822 234.540451 -2.453497
v 15.812645 239.475006 -4.738132
v 19.943979 248.140137 -7.838153
v 19.665184 247.156738 -8.030063
v 19.819101 247.835480 -8.008405
v 0.941407 136.046570 -0.491984
v 1.069395 136.048828 0.102164
v 16.056099 139.823975 -4.127889
v 16.504158 139.680542 -2.973041
v 7.760076 137.886658 -2.298397
v 1.004683 136.035309 -0.205657
v 7.984324 138.042908 -1.259449
v 24.719055 144.773209 -6.281456
v 8.011054 137.928452 -1.816239
v 16.101105 139.866699 -3.627060
v 22.458618 143.612869 -5.355527
v 23.066816 144.423416 -6.235637
v 22.386623 143.554382 -5.604882
v 0.441912 118.697067 -1.754493
v 0.535506 118.579697 -0.896714
v 8.218045 121.184494 -13.290556
v 9.376407 121.269859 -12.498488
v 3.669575 120.267059 -6.780495
v 0.389170 118.602905 -1.190926
v 4.362620 120.316849 -6.096673
v 12.470810 126.565079 -19.810263
v 3.978930 120.431664 -6.475797
v 8.397416 122.011841 -12.743382
v 11.561281 125.387375 -17.755301
v 11.385200 126.163780 -18.719854
v 11.376199 125.702728 -18.060675
v 0.437118 101.270798 0.389831
v 0.202488 101.373795 0.731904
v 9.210021 105.901108 4.618027
v 8.782303 106.166672 5.235328
v 4.466156 103.511108 2.090968
v 0.320173 101.296616 0.560929
v 3.965524 104.027634 2.693668
v 14.356437 110.796585 6.313039
v 4.325929 103.726418 2.427386
v 8.980471 105.947830 4.980061
v 13.066881 110.208717 5.887040
v 12.968946 109.620598 5.652509
v 12.792448 109.524490 5.832881
v 0.123369 83.858810 -1.353243
v 0.255569 83.738586 -0.686924
v 5.528761 86.145187 -10.218652
v 6.217516 86.252556 -9.772544
v 2.354971 85.035400 -5.306821
v 0.127397 83.734497 -0.912747
v 2.998047 85.115662 -4.754361
v 8.684609 89.881035 -15.524657
v 2.582645 85.219032 -4.991335
v 5.817239 86.300240 -9.971057
v 8.253296 89.652916 -14.472208
v 7.895431 89.604828 -14.640484
v 7.910404 89.184097 -14.154372
v -1.920933 127.800842 0.078068
v -2.110221 128.215363 -0.520636
v -13.923777 135.604553 -2.225933
v -13.936593 135.322861 -3.733660
v -7.159389 131.486404 -0.637504
v -1.248221 127.524811 -0.068528
v -6.733752 131.847412 -1.749220
v -20.179996 142.989685 -3.075230
v -7.009555 131.549927 -1.181770
v -14.124425 135.232422 -3.060854
v -18.200289 141.135590 -3.114123
v -18.257668 141.088013 -2.622358
v -18.299068 141.213867 -2.860566
v -1.166574 53.001534 -0.556827
v -0.844091 52.860054 -0.837348
v -7.342375 56.107456 -9.355098
v -6.836900 55.998772 -9.849157
v -4.086149 54.647388 -4.528003
v -0.457962 52.554405 0.110503
v -3.355711 54.519814 -5.120543
v -10.268566 59.907547 -14.722777
v -3.783736 54.559948 -4.804846
v -7.145770 55.963463 -9.655436
v -9.512667 59.587280 -13.967417
v -9.495885 58.978882 -13.191899
v -9.449432 59.081215 -13.451488
v 0.272931 25.194767 0.569959
v -0.724204 24.736252 0.287731
v 8.073643 29.766085 7.342335
v 7.488209 29.868628 7.935561
v 3.934695 27.554235 3.465751
v -0.057575 25.095669 0.584035
v 3.340818 27.636238 4.071970
v 12.604193 34.901695 10.891761
v 3.639081 27.768448 3.680673
v 7.782141 29.812399 7.642315
v 11.102143 33.745216 9.984056
v 11.352749 33.702797 9.700408
v 11.433802 34.137508 9.885097
v -0.019283 66.914879 0.915235
v -0.764306 66.484047 0.189154
v 3.540517 71.958069 10.378915
v 2.743716 72.184685 10.546630
v 1.819445 69.414330 5.093816
v -0.573898 66.421906 0.146852
v 0.981508 69.907608 5.223503
v 6.449608 77.772469 16.174667
v 1.417600 69.533287 5.189916
v 3.140831 72.067513 10.470053
v 5.205726 76.174744 13.876759
v 5.543897 75.963501 13.753963
v 5.588993 76.530899 13.942887
v -1.459662 36.528854 0.373123
v -1.485404 36.555141 -0.074405
v -12.450175 38.956154 1.148721
v -12.520410 39.050140 0.301589
v -6.461156 37.906982 0.906913
v -0.475665 36.252724 0.064816
v -6.494753 38.174652 -0.013473
v -19.080801 42.869995 1.700019
v -6.485337 37.923309 0.474628
v -12.673516 38.584717 0.607155
v -17.177952 42.052082 1.305429
v -17.375847 42.392838 1.789522
v -17.152306 42.024567 1.487984
v -1.642181 92.837250 -0.587188
v -1.152724 92.944778 -0.728423
v -9.976153 91.152306 -7.539810
v -9.562347 91.461174 -8.060138
v -5.542267 92.300858 -3.534518
v -1.492360 92.950974 -0.718134
v -5.139467 92.399826 -4.218197
v -15.627171 92.350906 -11.768544
v -5.338167 92.330551 -3.938354
v -9.706347 91.220093 -7.813227
v -14.103326 92.308884 -10.869395
v -14.331673 92.231499 -10.602902
v -14.084263 92.133041 -10.707795
v -0.408373 113.089729 0.245292
v -1.939682 113.623825 0.517285
v -11.210099 115.905212 5.485630
v -11.844815 115.469620 4.619259
v -5.793843 114.716331 2.993773
v -0.494177 113.101608 0.061998
v -6.224280 114.891060 2.338014
v -16.695290 119.594261 8.247800
v -5.960387 114.771591 2.639173
v -11.389044 115.864090 5.100552
v -15.383701 118.800537 7.308812
v -15.232721 118.883263 7.675754
v -15.245852 118.711494 7.428029
v 0.330407 185.253998 2.830740
v -0.629301 185.195251 2.019142
v 3.978658 187.509521 22.401585
v 2.668962 187.594757 22.650013
v 2.128952 186.438446 11.547196
v -0.286840 185.126602 1.711769
v 0.796522 186.461792 11.533797
v 6.534637 192.530731 35.225044
v 1.490612 186.482788 11.427158
v 3.316911 187.623566 22.430067
v 5.456501 191.651031 31.834061
v 6.399279 192.161743 32.256287
v 5.671836 191.348938 31.529140
v -0.474024 199.939270 -0.209345
v 0.927293 200.426590 1.248683
v 20.019266 204.895233 8.770523
v 19.411991 204.959229 10.121397
v 9.970221 202.839172 4.110154
v 0.657411 200.215515 0.706567
v 9.391054 202.813782 5.374112
v 30.595701 211.788437 13.206765
v 9.677889 202.948517 4.669349
v 19.817997 205.002563 9.497548
v 27.608765 210.250885 12.470268
v 27.856035 210.187988 11.821460
v 27.877726 210.504578 12.163967
v -2.591161 188.476746 0.295337
v -3.127134 188.818237 -0.526884
v -22.245556 194.581421 -1.044491
v -22.141232 194.721497 -2.371001
v -11.464548 191.537994 -0.061220
v -0.418131 187.714737 0.043531
v -11.346600 191.708267 -1.507313
v -33.313965 201.811890 -1.574250
v -11.361007 191.988998 -0.619339
v -22.282972 194.554749 -1.775602
v -30.313732 200.184723 -1.853201
v -30.330090 200.108521 -1.209954
v -30.313019 199.972137 -1.594172
v -1.949046 204.018219 0.613325
v -0.476762 202.790771 -0.331380
v -19.425165 215.327774 2.781699
v -19.618240 215.490906 1.295275
v -9.869931 209.521790 1.798836
v -0.429381 203.000595 0.044553
v -9.995915 209.654755 0.356597
v -27.649267 225.558105 3.655796
v -9.890139 209.671478 1.090891
v -19.380882 215.548264 2.071313
v -25.609245 223.127487 2.934245
v -25.486584 223.066467 3.622794
v -25.450434 223.051453 3.270765
v -1.466267 204.059982 -1.521765
v -0.609579 203.919098 -1.514632
v -7.831779 214.135056 -18.409451
v -6.555351 213.999634 -18.901031
v -4.658634 209.057480 -8.963050
v -0.416459 202.802887 0.154750
v -2.990473 209.194260 -9.426424
v -11.180162 223.356842 -27.263027
v -3.878203 208.949509 -9.269193
v -7.219692 213.000595 -19.548132
v -9.834488 221.158630 -24.995703
v -10.538021 221.410095 -24.832153
v -10.333685 221.544952 -25.274887
v 0.122669 228.009308 0.012867
v -0.375386 228.330429 0.290685
v 10.654718 239.739166 12.145749
v 9.620754 240.104706 12.518126
v 5.600762 234.349274 5.810253
v -0.139979 228.298355 0.185701
v 4.538503 234.506927 6.351069
v 16.041290 249.319336 17.321106
v 5.054481 234.561401 6.041546
v 10.109507 240.012451 12.242097
v 14.232153 247.178619 15.847593
v 14.940858 247.709076 15.635993
v 14.713338 247.779602 15.811370
v 0.129923 228.249268 -0.010279
v 0.482700 229.345566 1.282221
v 10.535372 239.761566 12.040859
v 9.638318 239.968079 12.842891
v 5.516075 234.253708 5.826444
v -0.128125 228.306854 0.150594
v 4.584013 234.359253 6.455823
v 15.701303 248.958313 16.929346
v 5.065868 234.578644 5.863194
v 10.244091 239.191437 13.141427
v 14.139207 247.161072 15.786743
v 14.417331 246.724808 15.453945
v 14.332420 247.020523 15.632174
v -0.120369 228.225357 -0.076418
v 1.180994 229.411072 0.270812
v 15.796695 239.644974 -2.662158
v 16.462187 239.293961 -1.023427
v 7.506875 234.653137 -1.998588
v -0.101135 228.264725 0.171835
v 7.715359 234.597229 -0.488299
v 22.499207 248.903839 -4.483958
v 7.698165 234.504700 -1.131907
v 15.882060 239.611664 -2.029676
v 21.047213 248.077255 -4.042992
v 20.942293 247.681976 -4.521773
v 20.877338 247.258759 -4.057888
v 1.785991 229.709839 -0.460416
v -0.092838 228.329971 0.486162
v 15.510082 239.808929 -2.660251
v 15.578167 240.093552 -1.623381
v 7.489084 234.446060 -1.960423
v -0.106846 228.307251 0.241075
v 7.637271 234.561752 -0.508650
v 22.972460 249.140427 -4.511484
v 7.512308 234.604263 -1.149639
v 15.465223 239.989960 -2.137131
v 20.811035 247.112061 -3.789924
v 20.682850 246.595795 -4.120306
v 20.709806 246.669342 -3.879704
v -0.254859 228.198120 0.179376
v 0.297917 228.301483 0.154146
v -3.346962 238.898071 -14.203820
v -2.154932 239.052185 -14.557452
v -2.110797 233.943054 -6.896270
v 0.028425 228.245270 0.148134
v -0.857151 234.192261 -6.877709
v -5.718737 249.031204 -22.343855
v -1.527077 234.001221 -7.002942
v -2.554199 238.304886 -15.060938
v -4.574494 245.884186 -19.053535
v -4.970851 245.358398 -18.869640
v -5.050259 246.513580 -19.175348
v -0.263582 228.242447 0.240614
v 0.292269 228.342163 0.203500
v -3.343321 238.910828 -14.367644
v -2.162852 239.003372 -14.480321
v -2.010815 233.728607 -6.971626
v 0.014573 228.303299 0.225812
v -0.922224 234.102005 -6.956369
v -5.470839 247.874512 -21.052164
v -1.466732 233.810501 -6.976523
v -2.577578 238.393433 -14.921858
v -4.522295 245.540543 -18.812603
v -5.003357 245.450714 -18.753262
v -4.692829 245.230972 -18.723148
v -0.010926 228.217026 0.418035
v 0.126512 228.339874 -0.199976
v -18.467342 240.198395 -1.301732
v -17.655800 241.232239 -2.436725
v -8.732250 235.324799 0.432656
v 0.053697 228.278412 0.100694
v -8.625008 235.055939 -1.246699
v -26.283894 251.786224 -0.909921
v -8.531519 235.243866 -0.467069
v -18.299564 240.604675 -2.199096
v -23.391483 249.005493 -1.222125
v -23.403782 248.502594 -0.740101
v -23.439850 249.001755 -0.962841
v -0.020897 228.223389 0.430749
v 0.112007 228.365707 -0.159407
v -17.874071 240.898376 -1.030061
v -17.553631 241.240784 -2.381160
v -8.897593 234.954834 -0.018418
v 0.039690 228.309082 0.170145
v -8.564122 235.198090 -1.215474
v -27.750181 252.901718 -1.027773
v -8.640908 235.147812 -0.499993
v -17.498917 241.192200 -1.525924
v -23.482864 248.730011 -1.316952
v -23.651426 248.839569 -0.670249
v -23.466309 248.690216 -0.968270
v -1.108435 229.332840 1.459056
v -0.184701 228.352997 -0.179732
v -13.598389 240.888916 11.729175
v -15.183042 240.597809 10.564431
v -6.494679 234.737152 6.197697
v -0.000309 228.054718 0.115000
v -7.140257 235.181915 5.109269
v -20.674000 253.176895 18.706696
v -6.721280 235.237030 5.699741
v -14.703293 240.624573 11.309299
v -17.841572 248.855530 15.539106
v -17.471390 249.103424 16.115057
v -17.659840 250.175568 16.251225
v -1.413572 229.819885 1.808625
v -1.849718 230.026581 1.181556
v -13.357807 240.985138 11.622795
v -14.063108 241.378540 10.668380
v -6.442849 235.021561 6.351706
v -0.008812 228.309616 0.107202
v -7.010610 235.457001 4.975430
v -19.535870 251.628082 17.690338
v -6.714624 235.040756 5.704737
v -13.899439 240.976318 11.140571
v -17.864853 250.063766 16.033484
v -17.407291 248.625305 15.919496
v -17.662050 248.623077 15.717768
vn 0.1192 0.8688 -0.4806
vn 0.9716 0.2357 -0.0205
vn -0.9595 0.2343 -0.1562
vn 0.4061 0.6544 -0.6378
vn -0.2765 0.6776 -0.6815
vn 0.8340 0.5242 -0.1721
vn -0.0137 0.4839 -0.8750
vn 0.0094 0.9085 -0.4177
vn 0.7263 0.6618 -0.1859
vn -0.8039 0.4493 -0.3897
vn 0.9294 0.3689 -0.0090
vn 0.9395 0.3426 -0.0044
vn 0.0287 0.8266 -0.5620
vn 0.8528 0.4705 -0.2266
vn -0.2855 -0.8274 0.4836
vn -0.3736 -0.7321 0.5697
vn -0.2710 -0.7325 0.6245
vn 0.0889 -0.8141 0.5738
vn 0.4230 -0.7277 0.5399
vn 0.7971 -0.3241 0.5094
vn 0.2920 -0.8812 0.3719
vn 0.4325 -0.7938 0.4276
vn -0.1741 -0.9002 0.3992
vn -0.0594 -0.9727 0.2246
vn -0.4472 -0.8369 0.3157
vn -0.4440 -0.8598 0.2522
vn -0.2015 -0.8145 0.5441
vn -0.3788 0.1341 0.9157
vn 0.9898 0.0373 0.1376
vn -0.0565 0.9961 0.0680
vn 0.0569 -0.5248 -0.8493
vn 0.0441 0.0005 -0.9990
vn 0.8368 -0.0132 -0.5474
vn 0.6897 -0.6301 -0.3567
vn 0.9990 -0.0197 0.0402
vn 0.6903 -0.7182 0.0883
vn 0.3701 -0.0065 0.9290
vn -0.2001 -0.7476 0.6333
vn -0.4486 0.0011 0.8937
vn -0.8094 0.0007 0.5872
vn -0.6420 -0.6444 0.4154
vn 0.8536 0.0029 -0.5209
vn 1.0000 0.0013 0.0012
vn -0.8279 0.0016 -0.5608
vn -0.6424 -0.6741 -0.3646
vn 0.0699 0.0025 -0.9975
vn 0.4427 0.0048 -0.8967
vn 0.9818 0.0047 -0.1897
vn -0.8188 0.0017 0.5741
vn -0.8686 0.0091 -0.4954
vn 0.4175 0.0010 0.9087
vn -0.4674 0.0009 0.8841
vn -0.3773 0.1491 -0.9140
vn -0.8689 0.0093 -0.4948
vn -0.4790 0.0028 0.8778
vn -0.5253 0.0031 0.8509
vn 1.0000 0.0043 0.0067
vn 0.4733 0.0028 0.8809
vn -0.0402 0.6005 0.7987
vn -0.7356 0.4795 0.4785
vn -0.8639 -0.0013 0.5036
vn -0.0644 -0.0017 0.9979
vn -0.5792 0.8014 0.1496
vn -0.9854 0.0013 0.1702
vn -0.5004 -0.0058 -0.8658
vn 0.2392 0.8452 -0.4779
vn 0.6672 0.6448 -0.3729
vn 0.8704 -0.0062 -0.4923
vn 0.4129 -0.0011 -0.9108
vn -0.9998 -0.0015 0.0207
vn -0.8862 -0.0016 0.4633
vn 0.6379 0.6179 0.4596
vn 0.8601 -0.0014 0.5101
vn -0.9178 -0.0028 0.3971
vn -0.1522 -0.0052 0.9883
vn -0.0650 -0.0016 0.9979
vn 0.2469 -0.0066 0.9690
vn 0.9962 -0.0002 -0.0867
vn -0.4316 -0.0013 -0.9021
vn 0.4114 -0.0010 -0.9114
vn 0.8944 -0.1676 -0.4146
vn 0.2327 -0.0067 0.9725
vn 0.4112 -0.0035 -0.9116
vn -0.9908 -0.0022 -0.1353
vn 0.9627 -0.0065 -0.2705
vn -0.4641 -0.0026 -0.8858
vn 0.1112 0.7736 0.6239
vn 0.9287 0.1959 0.3150
vn 0.9365 0.2722 0.2211
vn -0.1113 0.6889 0.7162
vn -0.9669 0.2470 0.0636
vn -0.8931 0.3645 0.2636
vn -0.9960 0.0639 0.0618
vn -0.3488 -0.9281 -0.1300
vn 0.0099 0.8653 0.5012
vn -0.9462 0.2937 0.1360
vn 0.1748 0.8194 0.5459
vn 0.9587 -0.2727 -0.0806
vn -0.3076 -0.2249 -0.9246
vn 0.6663 0.5394 0.5148
vn 0.0871 -0.7714 -0.6304
vn -0.0069 -0.6443 -0.7647
vn 0.1187 -0.6534 -0.7476
vn 0.3846 -0.7468 -0.5426
vn -0.6595 -0.5951 -0.4593
vn -0.6821 -0.4623 -0.5666
vn -0.2612 -0.8698 -0.4187
vn -0.5478 -0.7109 -0.4411
vn -0.0167 -0.8704 -0.4920
vn -0.1385 -0.8656 -0.4812
vn 0.5490 -0.7439 -0.3811
vn 0.4388 -0.8329 -0.3372
vn 0.1027 -0.4185 -0.9024
vn 0.5834 -0.7735 -0.2475
vn 0.3027 0.9014 -0.3097
vn 0.3673 0.5000 0.7843
vn -0.3108 -0.9460 0.0922
vn 0.4742 0.7912 -0.3862
vn 0.3172 0.9088 0.2711
vn -0.1393 -0.5633 0.8145
vn 0.4865 0.4550 0.7459
vn 0.0015 0.0964 -0.9953
vn 0.1889 0.9751 -0.1158
vn 0.1595 0.9460 -0.2823
vn 0.0919 0.3794 -0.9207
vn 0.2187 0.6155 0.7572
vn 0.3109 0.8304 -0.4623
vn 0.4814 0.8303 0.2808
vn -0.4448 -0.8688 -0.2177
vn -0.4686 -0.8700 -0.1534
vn -0.2661 -0.7689 0.5814
vn -0.1459 -0.6377 0.7563
vn -0.2879 -0.7645 0.5768
vn -0.3864 -0.8208 0.4206
vn -0.3150 -0.4949 -0.8099
vn -0.3310 -0.9196 -0.2115
vn -0.2636 -0.9610 -0.0833
vn -0.2693 -0.9588 -0.0905
vn -0.0477 -0.6333 0.7725
vn -0.1144 -0.7355 0.6678
vn -0.1987 -0.9785 0.0550
vn -0.3603 -0.8500 0.3842
vn -0.3411 -0.8249 0.4507
vn 0.2496 0.8481 0.4673
vn -0.0701 0.6172 0.7837
vn -0.4544 0.3793 0.8060
vn 0.0384 0.7410 0.6704
vn 0.8685 0.2582 -0.4232
vn 0.9138 0.2499 -0.3203
vn -0.2474 -0.9078 -0.3386
vn 0.2304 0.9101 0.3443
vn 0.1901 0.9324 0.3076
vn 0.8190 0.2036 -0.5365
vn 0.8299 0.4768 -0.2896
vn 0.7852 0.5581 -0.2681
vn 0.8453 -0.0559 -0.5314
vn 0.5177 0.8171 0.2537
vn -0.3647 -0.8563 -0.3657
vn -0.3023 -0.8875 -0.3478
vn -0.8662 -0.4544 0.2077
vn -0.7887 -0.5323 0.3077
vn 0.2561 -0.6993 -0.6674
vn 0.3102 -0.5775 -0.7552
vn -0.2350 -0.9088 -0.3447
vn -0.0336 -0.8924 -0.4499
vn -0.2951 -0.9170 -0.2683
vn -0.2528 -0.9085 -0.3328
vn 0.1204 -0.8432 -0.5239
vn -0.4228 -0.8835 -0.2018
vn 0.6807 -0.3434 -0.6471
vn 0.7899 0.6132 -0.0115
vn 0.0089 0.8861 0.4634
vn -0.7500 -0.0391 0.6603
vn 0.0908 0.9181 -0.3857
vn 0.8001 0.5749 0.1714
vn 0.8898 -0.0593 0.4524
vn 0.1003 0.8072 -0.5817
vn 0.3306 0.8222 -0.4634
vn 0.2245 0.9416 -0.2511
vn 0.1846 0.9436 -0.2749
vn 0.1367 0.9518 -0.2746
vn 0.8218 0.4184 0.3868
vn 0.1878 0.9447 -0.2688
vn 0.7086 0.6558 0.2605
vn 0.8363 0.2408 0.4926
vn 0.2245 0.9002 -0.3731
vn 0.1592 0.8971 -0.4121
vn -0.4421 -0.8824 0.1606
vn -0.6159 -0.7246 0.3093
vn -0.2960 -0.9159 0.2710
vn -0.1336 -0.9208 0.3663
vn 0.4941 -0.6029 0.6265
vn 0.4904 -0.5233 0.6970
vn -0.0428 -0.9343 0.3540
vn 0.3458 -0.7908 0.5051
vn -0.3399 -0.9344 0.1070
vn -0.3339 -0.9244 0.1843
vn 0.2180 -0.8668 0.4485
vn 0.4858 -0.6071 0.6288
vn 0.6045 -0.5768 0.5494
vn -0.0900 -0.8903 0.4464
vn 0.7957 -0.1358 0.5903
vn -0.3798 -0.9059 0.1873
vn -0.3798 -0.9059 0.1874
vn -0.3799 -0.9059 0.1872
vn 0.6785 -0.4967 0.5412
vn 0.6319 -0.3261 0.7032
vn -0.4186 0.5171 -0.7466
vn -0.1671 0.4884 -0.8565
vn -0.0824 0.7392 -0.6684
vn -0.1765 0.7470 -0.6410
vn -0.1745 0.7706 -0.6130
vn -0.1378 0.7670 -0.6267
vn -0.2578 0.7482 -0.6114
vn 0.4827 0.5712 -0.6639
vn 0.6327 0.4823 -0.6059
vn -0.1745 0.7910 -0.5864
vn -0.1939 0.7910 -0.5802
vn 0.4675 0.4728 -0.7470
vn -0.8248 0.5134 -0.2370
vn -0.2960 -0.3632 0.8834
vn 0.4049 -0.6681 0.6242
vn 0.4828 -0.5172 0.7067
vn 0.2075 -0.7007 0.6826
vn 0.0813 -0.7280 0.6808
vn 0.2329 -0.7653 0.6001
vn 0.0573 -0.7471 0.6623
vn 0.0872 -0.7272 0.6809
vn 0.7276 -0.6124 0.3093
vn 0.8770 -0.4477 0.1746
vn 0.5288 -0.7315 0.4304
vn -0.3342 -0.4921 0.8039
vn 0.1436 -0.6264 0.7661
vn 0.9564 -0.1294 -0.2618
vn -0.7824 0.4852 -0.3904
vn -0.9090 0.0110 0.4167
vn -0.9546 0.0420 0.2950
vn 0.5501 0.3342 -0.7653
vn 0.9294 -0.3572 -0.0932
vn 0.9521 -0.2973 -0.0708
vn -0.5568 -0.4105 0.7221
vn -0.7907 0.6002 -0.1206
vn -0.5714 0.7433 0.3479
vn -0.8428 0.2813 -0.4589
vn -0.8055 0.5287 0.2675
vn -0.5577 0.0955 -0.8246
vn 0.1255 -0.4254 -0.8963
vn -0.6818 0.6777 -0.2753
vn -0.6079 0.7781 0.1581
vn -0.5607 0.7204 -0.4083
vn -0.4937 0.8573 0.1458
vn -0.4723 0.8555 0.2123
vn -0.4827 0.6655 0.5693
vn -0.6751 0.6983 0.2377
vn 0.5373 -0.5536 -0.6363
vn 0.7787 -0.2036 0.5934
vn 0.6457 -0.7635 -0.0050
vn 0.4579 -0.7971 -0.3937
vn 0.6031 -0.7951 0.0644
vn 0.6462 -0.7632 -0.0026
vn 0.6223 -0.6284 0.4667
vn 0.6498 -0.7599 0.0171
vn 0.5443 -0.8330 0.0989
vn 0.2221 0.0404 0.9742
vn 0.1481 -0.6300 -0.7623
vn -0.0450 -0.3210 -0.9460
vn 0.3436 -0.5210 -0.7814
vn 0.3984 -0.1022 0.9115
vn 0.0904 -0.5401 -0.8367
vn 0.2181 0.2117 0.9527
vn 0.6293 -0.7594 0.1654
vn -0.2251 -0.1086 -0.9683
vn -0.7143 -0.6436 0.2749
vn 0.6640 -0.6570 0.3570
vn 0.7020 -0.6859 -0.1918
vn -0.0560 0.4428 0.8949
vn 0.2965 -0.4898 -0.8199
vn 0.8618 -0.4398 0.2527
vn 0.8619 -0.4397 0.2527
vn 0.6901 -0.5164 0.5071
vn 0.7883 -0.4430 0.4269
vn 0.5698 -0.6014 -0.5601
vn 0.5713 -0.7903 -0.2217
vn 0.6080 -0.7885 -0.0927
vn 0.6558 -0.7403 0.1478
vn 0.6003 -0.7995 0.0210
vn 0.6145 -0.5477 0.5678
vn 0.6682 -0.7000 0.2519
vn 0.5179 -0.3936 0.7595
vn 0.6067 -0.6573 0.4470
vn 0.0480 0.3697 0.9279
vn 0.6821 -0.2504 0.6870
vn -0.5968 -0.0025 -0.8024
vn -0.4889 0.6611 0.5692
vn -0.7142 0.6292 -0.3067
vn -0.5447 0.1847 -0.8180
vn -0.6215 0.5395 0.5680
vn -0.6578 0.7478 -0.0897
vn -0.5996 0.7190 -0.3515
vn -0.4513 0.8073 0.3803
vn -0.6404 0.7644 0.0745
vn 0.6791 -0.3414 0.6499
vn -0.4062 0.8430 0.3526
vn 0.0053 0.4212 0.9070
vn -0.6534 0.5553 -0.5145
vn -0.0326 -0.4076 -0.9126
vn 0.5251 -0.7227 -0.4493
vn -0.8360 -0.4549 0.3069
vn 0.6722 -0.6517 0.3514
vn 0.2788 0.2417 0.9294
vn 0.1205 0.3298 0.9363
vn 0.1205 0.3298 0.9364
vn -0.3669 0.9294 0.0406
vn -0.1184 0.7525 0.6478
vn 0.1892 0.2012 0.9611
vn -0.5047 0.8611 0.0617
vn -0.5725 0.7524 -0.3258
vn -0.4816 -0.3464 -0.8050
vn -0.9801 0.1972 0.0222
vn -0.2628 0.9648 -0.0073
vn 0.1499 -0.7357 0.6605
vn -0.7597 0.0353 0.6494
vn -0.1189 0.8765 0.4665
vn -0.2624 0.9093 -0.3230
vn -0.4375 0.8487 -0.2971
vn -0.4375 0.8487 -0.2972
vn -0.3162 0.9151 0.2502
vn -0.3161 0.9151 0.2501
vn -0.3163 0.9151 0.2501
vn 0.3036 -0.9325 -0.1957
vn 0.4124 -0.8592 -0.3028
vn 0.5287 -0.5051 0.6822
vn 0.4469 -0.6063 0.6578
vn 0.3776 -0.7070 0.5980
vn 0.3466 -0.7012 0.6231
vn 0.1817 -0.9463 -0.2673
vn 0.2450 -0.9692 0.0259
vn 0.2361 -0.9716 -0.0140
vn 0.2251 -0.9725 0.0604
vn 0.3146 -0.8222 0.4743
vn 0.1735 -0.9838 0.0451
vn 0.2913 -0.0303 0.9561
vn 0.1677 -0.0134 0.9858
vn 0.0165 0.3863 0.9222
vn 0.3118 -0.9170 0.2487
vn 0.3572 -0.1316 0.9247
vn -0.1120 0.9216 0.3717
vn 0.3819 0.7343 0.5613
vn 0.6001 0.4460 0.6640
vn -0.7527 0.6301 -0.1908
vn -0.7028 0.7046 -0.0975
vn -0.7127 0.6991 0.0571
vn 0.9180 0.1549 0.3652
vn 0.8734 0.0705 0.4818
vn -0.1206 0.9726 0.1990
vn -0.7901 0.4686 -0.3951
vn 0.8669 0.0557 0.4953
vn 0.5021 0.7042 0.5021
vn 0.9244 0.3328 0.1866
vn 0.4171 0.7500 0.5133
vn 0.2943 -0.9274 -0.2310
vn 0.2494 -0.8721 -0.4211
vn 0.7004 -0.6996 -0.1415
vn 0.6638 -0.7455 0.0605
vn -0.0800 -0.8846 -0.4595
vn 0.8002 -0.5045 0.3242
vn -0.0605 -0.9389 -0.3388
vn -0.1987 -0.8996 -0.3890
vn 0.2185 -0.9686 -0.1184
vn 0.2242 -0.9572 -0.1832
vn 0.4561 -0.8883 0.0542
vn 0.2753 -0.9519 -0.1343
vn 0.8152 0.2038 0.5421
vn -0.2641 0.7305 -0.6298
vn -0.2226 0.8131 -0.5379
vn -0.6758 0.6523 0.3433
vn -0.1884 0.3191 -0.9288
vn -0.0291 0.5615 -0.8269
vn 0.1680 0.1612 -0.9725
vn -0.2564 0.8026 -0.5386
vn -0.3257 0.8364 -0.4408
vn -0.2801 0.8165 -0.5049
vn -0.0543 0.7266 -0.6849
vn -0.1939 0.8524 -0.4856
vn 0.3601 0.2279 -0.9046
vn -0.4444 0.7881 -0.4258
vn 0.2351 0.1155 -0.9651
vn 0.2260 -0.7202 0.6559
vn 0.3141 -0.5083 0.8018
vn -0.4267 0.2317 0.8742
vn -0.3083 0.0825 0.9477
vn 0.6298 -0.7490 -0.2059
vn 0.6552 -0.4344 -0.6181
vn 0.5746 -0.6960 -0.4306
vn 0.5422 -0.8078 -0.2313
vn 0.1320 -0.8231 0.5523
vn 0.2480 -0.8203 0.5154
vn 0.1028 -0.6938 0.7128
vn -0.3872 0.8772 -0.2839
vn 0.5929 -0.7893 0.1597
vn -0.3382 0.0613 0.9391
vn 0.5255 -0.3552 -0.7731
vn 0.1191 -0.7476 0.6534
vn 0.4073 -0.8822 0.2363
vn 0.1550 0.4444 -0.8823
vn -0.4497 0.5253 0.7224
vn 0.5856 -0.2527 -0.7702
vn -0.2136 0.9452 0.2468
vn -0.0064 0.8957 0.4446
vn -0.2716 0.8503 0.4507
vn 0.5996 0.5596 0.5722
vn -0.5960 0.7587 0.2630
vn -0.0829 0.9628 0.2571
vn -0.4199 0.9071 0.0300
vn -0.2751 0.9601 0.0504
vn 0.7158 0.4241 0.5548
vn -0.7496 0.5992 -0.2812
vn -0.4854 0.8716 0.0693
vn -0.8417 0.2683 -0.4685
vn 0.7005 0.4652 0.5412
vn 0.2998 -0.9195 -0.2544
vn 0.3080 -0.8405 -0.4457
vn 0.0686 -0.8173 -0.5721
vn 0.2953 -0.9527 0.0719
vn -0.0711 -0.9533 -0.2934
vn 0.6850 -0.6791 0.2638
vn -0.5250 -0.6816 -0.5096
vn -0.4852 -0.7062 -0.5156
vn 0.2336 -0.9634 -0.1319
vn 0.0791 -0.9661 -0.2457
vn 0.6740 -0.7043 0.2230
vn 0.6469 -0.7377 0.1931
vn 0.5722 0.4896 0.6579
vn 0.8545 -0.4543 0.2517
vn -0.1262 -0.9356 -0.3298
vn 0.3897 -0.9208 -0.0161
vn 0.3206 -0.9449 -0.0659
vn -0.0289 0.8065 0.5905
vn -0.8430 -0.2670 -0.4670
vn 0.5596 0.5097 0.6535
vn 0.7525 0.5638 -0.3404
vn 0.1683 0.4060 0.8982
vn 0.5676 0.7888 0.2359
vn -0.0525 0.1637 0.9851
vn 0.0934 0.1454 0.9850
vn 0.4457 0.7193 0.5330
vn 0.5041 0.7471 0.4332
vn 0.4958 0.8381 0.2277
vn 0.4256 0.7867 0.4472
vn 0.6382 0.6063 0.4745
vn 0.4843 0.8567 0.1773
vn 0.5006 0.7664 -0.4026
vn -0.5643 0.6355 0.5270
vn 0.4833 0.5590 -0.6738
vn -0.6473 -0.7594 -0.0660
vn -0.7249 -0.6823 -0.0951
vn -0.3072 -0.1787 -0.9347
vn -0.4097 -0.1715 -0.8959
vn -0.6498 -0.6519 0.3909
vn -0.6828 -0.5133 0.5199
vn -0.1842 -0.4822 0.8565
vn -0.5290 -0.8455 -0.0732
vn -0.4683 -0.8442 -0.2608
vn -0.5003 -0.8515 -0.1569
vn 0.5381 -0.0880 -0.8383
vn 0.0975 -0.4988 -0.8612
vn -0.8939 -0.0250 -0.4476
vn 0.0957 0.3320 0.9384
vn -0.1101 0.1820 0.9771
vn 0.3709 0.4020 -0.8371
vn 0.6456 0.7635 -0.0180
vn 0.0217 0.8874 0.4604
vn -0.1363 0.6483 0.7491
vn 0.7348 0.6621 0.1471
vn -0.4894 0.6823 0.5431
vn -0.6246 0.2605 0.7362
vn 0.4612 0.8832 0.0853
vn 0.6380 0.7649 -0.0887
vn 0.6332 0.7694 -0.0840
vn 0.1917 0.9593 0.2073
vn 0.5572 0.8171 -0.1480
vn -0.8542 -0.0758 0.5144
vn -0.5059 0.6595 0.5559
vn 0.8198 0.3527 -0.4511
vn -0.3361 -0.9000 -0.2774
vn -0.1808 -0.8382 -0.5145
vn -0.6469 -0.7559 0.1009
vn -0.7700 -0.6098 0.1876
vn -0.5925 -0.8044 -0.0432
vn -0.5977 -0.7651 -0.2395
vn -0.6886 -0.6944 0.2090
vn -0.6323 -0.7522 0.1854
vn -0.3209 -0.9407 -0.1097
vn -0.5618 -0.8243 0.0705
vn -0.7664 -0.5366 0.3531
vn -0.8522 0.0221 0.5227
vn -0.8554 -0.1218 0.5034
vn -0.6102 -0.7823 0.1254
vn -0.3697 -0.9208 -0.1245
vn -0.5952 -0.7962 0.1090
vn -0.8817 -0.2785 0.3808
vn -0.3174 0.8298 -0.4589
vn 0.4013 0.2813 -0.8717
vn -0.8300 0.3393 0.4426
vn -0.5003 0.6266 -0.5976
vn -0.7486 0.6231 0.2264
vn 0.3950 -0.0362 -0.9180
vn -0.2491 0.8626 -0.4403
vn -0.2680 0.8681 -0.4179
vn -0.1042 0.9554 -0.2763
vn -0.4707 0.0049 0.8823
vn 0.5637 -0.6361 0.5269
vn -0.1216 0.8622 -0.4918
vn -0.1216 0.8622 -0.4917
vn -0.1216 0.8621 -0.4919
vn -0.2079 0.8874 -0.4115
vn -0.2077 0.8875 -0.4114
vn -0.2078 0.8874 -0.4116
vn 0.6037 -0.7171 0.3484
vn -0.1945 -0.5836 0.7884
vn 0.0189 -0.5068 0.8619
vn 0.2594 -0.6268 0.7347
vn 0.2077 -0.8565 0.4725
vn 0.5188 -0.8534 0.0508
vn 0.1176 -0.8962 0.4278
vn 0.2201 -0.9041 0.3664
vn 0.3934 -0.8785 0.2712
vn 0.1773 -0.9098 0.3752
vn -0.5040 -0.3334 0.7967
vn 0.5545 -0.8320 -0.0198
vn -0.5362 -0.2434 0.8082
vn 0.6893 -0.6588 -0.3013
vn 0.6963 -0.6017 -0.3912
vn 0.3811 -0.9245 0.0035
vn 0.2214 -0.8937 0.3903
vn -0.6251 -0.1320 0.7693
vn 0.2285 -0.6803 0.6964
vn 0.7178 -0.6917 0.0796
vn 0.3123 -0.7145 0.6261
vn -0.0737 0.5785 -0.8124
vn -0.4973 0.6643 -0.5580
vn 0.0935 0.8138 -0.5735
vn 0.1813 0.7895 -0.5863
vn -0.0547 0.9374 -0.3439
vn 0.1816 0.9090 -0.3751
vn -0.0297 0.9370 -0.3482
vn -0.2737 0.9149 -0.2966
vn 0.4098 0.7307 -0.5460
vn -0.1403 0.8943 -0.4250
vn 0.2193 -0.6858 0.6939
vn -0.3057 -0.4963 0.8125
vn -0.0437 -0.8453 0.5325
vn -0.4079 -0.6896 0.5984
vn -0.3178 -0.7894 0.5252
vn -0.4026 -0.7408 0.5377
vn -0.2721 -0.8343 0.4795
vn -0.3962 -0.7801 0.4842
vn -0.1402 -0.8738 0.4657
vn -0.9209 -0.0553 0.3859
vn 0.6578 -0.7368 0.1563
vn 0.7118 -0.6946 0.1042
vn 0.1487 0.7419 -0.6538
vn 0.8091 -0.5876 -0.0121
vn 0.9119 -0.4047 -0.0688
vn 0.8227 -0.5684 0.0142
vn 0.0225 -0.9761 0.2162
vn -0.8280 0.5541 -0.0861
vn -0.7847 0.6196 0.0204
vn 0.7665 -0.6148 0.1860
vn 0.9455 -0.3131 -0.0898
vn 0.5618 0.5725 0.5972
vn 0.2328 0.7131 -0.6613
vn 0.2867 0.9569 -0.0469
vn 0.2713 0.7495 0.6038
vn 0.2616 0.5111 -0.8188
vn 0.2837 0.9554 0.0822
vn 0.3278 0.9424 0.0661
vn 0.2153 0.9652 0.1483
vn 0.1712 0.5538 0.8148
vn 0.5532 0.2385 -0.7982
vn 0.1986 0.9711 -0.1321
vn 0.1228 0.9410 -0.3152
vn 0.1779 0.8919 -0.4158
vn 0.0178 0.5370 -0.8434
vn -0.3726 -0.9192 -0.1277
vn -0.5743 -0.8061 0.1426
vn -0.1802 0.0535 -0.9822
vn -0.1943 -0.0949 -0.9763
vn -0.2332 -0.7872 0.5709
vn -0.1606 -0.3052 -0.9387
vn -0.1976 -0.8757 0.4407
vn -0.1421 -0.8080 0.5718
vn -0.2157 -0.9610 -0.1732
vn -0.1773 -0.8993 -0.3999
vn -0.0605 -0.1057 -0.9926
vn -0.1225 -0.3719 -0.9202
vn -0.2306 -0.6964 0.6796
vn -0.4076 -0.9097 -0.0799
vn -0.2178 -0.9720 0.0884
vn -0.0909 -0.0211 -0.9956
vn -0.0991 0.8993 0.4259
vn 0.8033 -0.1058 -0.5861
vn 0.0165 0.9835 0.1802
vn -0.0416 0.9796 0.1968
vn 0.7122 0.2455 -0.6577
vn -0.6117 0.1136 0.7829
vn -0.6013 0.0922 0.7937
vn 0.1130 -0.9306 0.3481
vn -0.4610 0.7489 0.4760
vn 0.6483 0.4154 -0.6380
vn -0.0498 0.9977 -0.0469
vn -0.1012 0.9751 -0.1971
vn -0.6716 0.4603 0.5806
vn -0.4821 0.7542 0.4458
vn 0.2149 -0.9440 -0.2504
vn 0.0696 -0.9230 -0.3784
vn 0.0982 -0.9286 -0.3580
vn 0.1363 -0.9779 -0.1585
vn 0.4453 -0.6838 -0.5780
vn 0.1283 -0.8977 -0.4215
vn 0.1490 -0.9863 0.0710
vn -0.0327 -0.9581 0.2846
vn 0.2520 -0.9652 -0.0703
vn 0.2016 -0.9795 -0.0029
vn 0.5414 -0.7099 -0.4504
vn 0.4853 -0.8077 -0.3348
vn -0.4422 -0.7906 0.4236
vn 0.6862 -0.2637 -0.6780
vn 0.6758 -0.1949 -0.7109
vn -0.3181 -0.8217 0.4729
vn 0.5672 0.8081 0.1589
vn 0.2162 0.9151 -0.3404
vn 0.7306 -0.6566 -0.1874
vn 0.3161 0.9487 -0.0006
vn 0.5813 0.0439 0.8125
vn 0.6543 0.1833 0.7337
vn 0.1114 0.9175 -0.3819
vn 0.4454 0.8556 0.2639
vn 0.3285 0.3627 -0.8721
vn 0.0301 0.8950 -0.4450
vn 0.4200 0.7440 0.5197
vn -0.1149 0.8164 -0.5660
vn -0.8578 0.4786 0.1873
vn -0.1941 -0.9105 0.3652
vn -0.3654 -0.8367 0.4079
vn -0.6735 -0.5290 -0.5162
vn -0.5462 -0.6795 -0.4898
vn -0.0104 -0.7658 0.6430
vn 0.1681 -0.4413 0.8815
vn -0.2480 -0.9649 0.0868
vn 0.0487 -0.8368 0.5454
vn -0.2298 -0.9728 0.0290
vn -0.2734 -0.9588 -0.0778
vn -0.4260 -0.6357 -0.6437
vn -0.4495 -0.6006 -0.6613
vn -0.1696 -0.8056 0.5676
vn -0.3096 -0.8707 0.3822
vn 0.3135 -0.4295 0.8469
vn 0.3007 -0.4259 0.8533
vn 0.3171 0.9262 -0.2038
vn 0.1350 0.9481 -0.2879
vn 0.8431 0.4913 -0.2188
vn -0.9485 0.1411 0.2837
vn 0.2514 0.8253 -0.5056
vn -0.6759 0.7310 -0.0942
vn -0.7647 0.6333 -0.1187
vn -0.0427 0.9896 -0.1371
vn 0.0252 0.9887 -0.1481
vn 0.0505 0.9928 -0.1090
vn -0.7981 0.5781 0.1699
vn 0.1029 0.9817 -0.1599
vn 0.9590 0.2257 -0.1715
vn 0.1093 0.9363 -0.3338
vn 0.8761 0.3572 -0.3238
vn 0.0380 -0.9721 0.2315
vn 0.1075 -0.9282 0.3564
vn -0.5186 -0.7251 0.4531
vn 0.0667 -0.9602 0.2713
vn -0.6722 -0.6884 0.2726
vn 0.5017 -0.1085 -0.8582
vn -0.0196 -0.9895 0.1431
vn -0.4715 -0.8644 0.1745
vn -0.0344 -0.9913 0.1269
vn -0.0146 -0.9903 0.1385
vn 0.1893 -0.9779 0.0889
vn 0.0993 -0.9874 0.1231
vn -0.9496 -0.0025 0.3136
vn -0.0295 -0.9801 0.1965
vn -0.0294 -0.9800 0.1966
vn -0.0295 -0.9800 0.1966
vn -0.1108 -0.9743 0.1963
vn -0.1107 -0.9742 0.1964
vn -0.1109 -0.9742 0.1963
vn -0.8648 0.4929 0.0953
vn -0.2615 0.9127 -0.3139
vn -0.3775 0.9216 0.0903
vn -0.3636 0.0317 0.9310
vn -0.4464 0.7929 -0.4148
vn -0.0395 0.7747 -0.6311
vn 0.3313 0.1022 -0.9380
vn 0.0898 0.6625 -0.7437
vn -0.3124 0.9493 -0.0357
vn -0.1776 0.9742 -0.1390
vn 0.1108 0.7248 -0.6800
vn -0.4080 0.8746 0.2621
vn -0.3981 0.8269 0.3971
vn -0.3553 0.9167 -0.1829
vn -0.3215 0.9101 -0.2615
vn 0.3425 -0.9216 0.1828
vn 0.3827 -0.8885 0.2532
vn 0.1100 -0.5751 0.8107
vn -0.0460 -0.6555 0.7538
vn 0.4764 -0.7995 -0.3659
vn 0.5997 -0.7289 -0.3302
vn -0.7836 -0.5040 0.3632
vn 0.4018 -0.7770 -0.4846
vn 0.2000 -0.9753 0.0934
vn 0.2137 -0.9683 0.1291
vn -0.1476 -0.7074 0.6912
vn 0.0143 -0.8675 0.4973
vn 0.5150 -0.8109 0.2779
vn 0.1264 -0.9332 0.3363
vn 0.1264 -0.9332 0.3364
vn 0.1265 -0.9332 0.3365
vn 0.3254 -0.7029 0.6325
vn 0.4089 0.8885 0.2084
vn -0.1317 -0.0861 0.9876
vn 0.3620 0.6322 -0.6851
vn 0.5017 0.8430 0.1940
vn 0.1271 0.2517 -0.9594
vn 0.5484 0.8133 -0.1946
vn 0.0811 0.2980 0.9511
vn 0.3324 0.9053 0.2646
vn 0.2482 0.9515 0.1818
vn 0.1539 0.1719 -0.9730
vn 0.3294 0.9437 -0.0307
vn 0.1262 0.5667 0.8142
vn 0.3203 0.7820 -0.5347
vn -0.4090 -0.9009 -0.1451
vn -0.5370 -0.7996 -0.2687
vn -0.5414 -0.8173 -0.1972
vn -0.3915 -0.9115 0.1262
vn -0.3396 -0.8697 -0.3582
vn -0.4937 -0.7245 -0.4810
vn 0.6712 -0.1162 -0.7322
vn -0.2975 -0.9540 0.0376
vn -0.2832 -0.9464 -0.1556
vn -0.2751 -0.9611 -0.0246
vn -0.2445 -0.9232 -0.2964
vn -0.1986 -0.7376 -0.6454
vn -0.5020 -0.8218 0.2694
vn -0.1896 -0.1933 -0.9626
vn 0.4479 -0.6641 -0.5986
vn -0.4490 -0.6671 0.5945
vn 0.5999 0.6975 0.3919
vn 0.6075 0.7754 -0.1724
vn 0.4621 0.5675 -0.6814
vn 0.5665 0.2487 0.7856
vn 0.4796 0.4409 -0.7587
vn 0.5680 0.5871 0.5767
vn 0.6454 0.7539 0.1227
vn 0.5289 0.8434 -0.0945
vn 0.4776 0.6165 0.6259
vn 0.5600 0.6512 -0.5122
vn 0.4693 0.7844 -0.4056
vn 0.2500 0.3309 0.9100
vn 0.7020 0.6921 -0.1676
vn 0.7247 0.6890 -0.0116
vn -0.6590 -0.7522 0.0037
vn -0.7628 -0.6444 0.0533
vn -0.6022 -0.3379 -0.7233
vn -0.5314 -0.4037 -0.7447
vn -0.5062 -0.6608 0.5542
vn -0.5556 -0.5238 0.6457
vn -0.1782 -0.6662 0.7242
vn -0.4004 -0.7182 0.5691
vn -0.5505 -0.8348 0.0090
vn 0.5125 -0.3137 0.7993
vn -0.3731 -0.4606 -0.8054
vn 0.2454 -0.1148 -0.9626
vn -0.9968 -0.0242 -0.0758
vn -0.1394 -0.1626 0.9768
vn -0.9275 0.0640 0.3683
vn -0.0236 0.8152 0.5787
vn -0.7997 0.3028 0.5185
vn 0.8337 0.5319 0.1484
vn 0.1816 0.7445 0.6425
vn 0.8744 0.4525 0.1750
vn -0.6185 0.4711 0.6289
vn 0.1539 0.8103 0.5654
vn 0.3075 0.8748 0.3743
vn -0.5947 0.5737 0.5632
vn -0.0035 0.8181 0.5750
vn -0.3817 0.7402 0.5536
vn -0.0274 0.9376 0.3467
vn 0.4279 0.7686 0.4756
vn 0.8268 0.5611 0.0405
vn -0.1025 -0.8014 -0.5893
vn -0.4083 -0.7382 -0.5369
vn -0.1940 -0.6777 -0.7093
vn -0.3399 -0.7671 -0.5440
vn -0.8383 -0.5409 -0.0683
vn -0.8091 -0.5347 -0.2439
vn -0.8620 -0.3167 0.3957
vn -0.7589 -0.6446 -0.0922
vn -0.0828 -0.8779 -0.4716
vn 0.4893 -0.4788 0.7289
vn -0.6837 -0.7166 -0.1381
vn 0.9899 -0.0886 -0.1109
vn 0.6909 -0.2758 -0.6683
vn -0.9634 -0.2105 0.1663
vn -0.9360 -0.3515 -0.0195
vn -0.3158 0.4911 -0.8118
vn 0.3078 0.1877 -0.9328
vn -0.6104 0.7601 -0.2229
vn -0.2495 0.7785 -0.5758
vn -0.0970 0.7679 -0.6332
vn -0.6487 0.7493 -0.1332
vn -0.2193 0.7733 -0.5949
vn -0.1290 0.8048 -0.5794
vn 0.2556 0.6673 -0.6996
vn -0.7729 0.6037 0.1954
vn 0.6971 0.1126 -0.7081
vn -0.1925 0.7679 -0.6110
vn -0.1137 -0.3654 0.9239
vn -0.5145 -0.1709 0.8403
vn -0.5095 -0.1702 0.8434
vn 0.6688 -0.6070 0.4292
vn 0.0023 -0.6711 0.7414
vn 0.3074 -0.7511 0.5842
vn 0.0132 -0.7808 0.6246
vn 0.1414 -0.8118 0.5666
vn 0.7641 -0.6131 0.2008
vn -0.4137 -0.2517 0.8749
vn -0.8491 0.4224 0.3173
vn -0.8119 0.5558 0.1786
vn 0.0563 -0.7747 0.6298
vn 0.8209 -0.1382 -0.5540
vn 0.1971 -0.6756 0.7104
vn -0.5116 -0.6437 -0.5691
vn 0.7873 0.0014 -0.6165
vn -0.6953 0.0364 0.7178
vn 0.2900 -0.5159 0.8061
vn 0.2501 -0.6912 0.6780
vn 0.5129 -0.6027 0.6113
vn 0.1073 -0.4568 0.8831
vn 0.1073 -0.4567 0.8831
vn 0.6234 -0.7470 0.2312
vn 0.6542 -0.6436 0.3972
vn 0.0498 -0.7290 0.6827
vn 0.1364 -0.7341 0.6652
vn 0.8084 -0.5868 -0.0455
vn 0.3361 -0.7794 0.5288
vn 0.2671 -0.8170 0.5110
vn 0.2671 -0.8171 0.5110
vn -0.8666 0.4172 -0.2737
vn -0.1056 -0.7085 0.6978
vn 0.2194 -0.7729 0.5954
vn 0.2193 -0.7730 0.5953
vn 0.2193 -0.7729 0.5954
vn 0.7784 -0.6260 -0.0462
vn 0.3347 0.1454 -0.9310
vn -0.4933 0.7560 -0.4302
vn -0.4581 0.7934 -0.4009
vn -0.8475 0.5122 -0.1394
vn -0.7643 0.5622 -0.3158
vn 0.3847 0.4310 -0.8162
vn 0.0494 0.6608 -0.7489
vn -0.2185 0.8073 -0.5482
vn 0.1186 0.6603 -0.7415
vn 0.1571 0.6330 -0.7581
vn 0.1608 0.6744 -0.7206
vn 0.1846 0.7157 -0.6736
vn 0.0569 0.5273 -0.8478
vn 0.0570 0.5273 -0.8478
vn -0.1582 0.6240 -0.7652
vn -0.2591 0.7678 -0.5860
vn -0.2590 0.7675 -0.5864
vn -0.2590 0.7677 -0.5861
vn 0.8563 -0.3639 -0.3666
vn 0.8563 -0.3638 -0.3666
vn -0.8250 0.5596 -0.0783
vn -0.5987 -0.1393 -0.7887
vn -0.5988 -0.1397 -0.7886
vn -0.5981 -0.1398 -0.7891
vn -0.5987 -0.1396 -0.7887
vn -0.8428 0.4766 0.2502
vn -0.8464 0.4924 0.2028
vn -0.8060 0.4002 0.4361
vn 0.8529 -0.5187 -0.0593
vn -0.6449 0.5467 -0.5340
vn -0.6155 0.7603 0.2078
vn -0.0063 0.0767 0.9970
vn -0.7792 0.4878 -0.3936
vn -0.5539 0.6333 0.5405
vn -0.5775 0.5534 0.6002
vn -0.3299 0.1672 -0.9291
vn -0.6326 0.7074 -0.3154
vn -0.5322 0.7162 -0.4514
vn -0.5503 0.7579 -0.3503
vn -0.6351 0.7723 -0.0149
vn -0.2972 0.6142 0.7311
vn -0.1909 0.4297 0.8826
vn -0.6983 0.6974 -0.1609
vn 0.7932 -0.5922 -0.1418
vn 0.8135 -0.5678 -0.1253
vn 0.5857 -0.5880 0.5579
vn 0.5520 -0.7485 -0.3675
vn 0.5125 -0.7814 -0.3559
vn 0.5072 -0.5907 0.6275
vn 0.5455 -0.5853 0.5999
vn 0.4780 -0.8076 -0.3454
vn 0.3384 -0.3210 0.8846
vn 0.5050 -0.7079 0.4938
vn 0.4058 -0.3479 0.8451
vn 0.1431 0.0740 0.9869
vn 0.5512 -0.6486 -0.5249
vn 0.5930 -0.6696 -0.4472
vn 0.5448 -0.7901 0.2811
vn 0.2553 -0.5319 -0.8074
vn -0.7527 -0.6436 0.1384
vn 0.0473 0.0950 0.9944
vn 0.0264 0.1258 0.9917
vn 0.0831 0.2233 0.9712
vn 0.6393 -0.7215 -0.2659
vn 0.7815 -0.5580 -0.2791
vn 0.8781 -0.4129 0.2419
vn 0.5488 -0.3669 0.7512
vn 0.4212 -0.6565 -0.6258
vn -0.1278 0.2724 0.9537
vn 0.5993 -0.7778 -0.1893
vn 0.3506 -0.5883 -0.7286
vn 0.5578 -0.8199 -0.1287
vn 0.6062 -0.7807 -0.1516
vn 0.4720 -0.5231 0.7096
vn 0.5697 -0.7593 -0.3145
vn 0.5319 -0.6614 -0.5289
vn 0.5318 -0.6614 -0.5289
vn 0.3343 -0.0865 0.9385
vn 0.3342 -0.0865 0.9385
vn -0.6919 0.7088 -0.1372
vn -0.5487 0.6741 0.4945
vn -0.4564 0.5403 0.7069
vn -0.8017 0.5586 -0.2128
vn -0.6682 0.6173 -0.4153
vn -0.7617 0.6017 0.2406
vn -0.6504 0.7324 -0.2013
vn -0.6230 0.7774 0.0863
vn -0.6043 0.7945 -0.0597
vn -0.5686 0.6972 -0.4367
vn -0.6197 0.7785 0.0990
vn -0.4563 0.5711 -0.6823
vn -0.7471 0.6544 -0.1164
vn -0.7472 0.6544 -0.1164
vn -0.5323 0.2834 -0.7977
vn -0.5322 0.2835 -0.7977
vn -0.1136 0.4129 0.9037
vn -0.1137 0.4129 0.9037
vn -0.1138 0.4128 0.9037
vn 0.6426 -0.7534 0.1394
vn -0.6342 0.7548 -0.1678
vn -0.0581 -0.3125 -0.9482
vn -0.0582 -0.3125 -0.9481
vn -0.0582 -0.3124 -0.9482
vn -0.2471 0.3375 0.9083
vn -0.2472 0.3375 0.9083
vn -0.8817 0.0003 0.4719
vn -0.5123 0.5567 0.6539
vn -0.3360 0.6733 0.6586
vn -0.1164 0.6076 0.7857
vn -0.6134 0.4080 0.6762
vn -0.4656 0.6221 0.6294
vn 0.2197 0.7694 0.5998
vn 0.1221 0.8235 0.5540
vn -0.3028 0.7804 0.5470
vn 0.4693 0.7848 0.4048
vn -0.8714 0.3668 0.3257
vn -0.9874 -0.0260 0.1558
vn -0.9219 0.1304 0.3647
vn 0.2634 -0.6778 -0.6864
vn -0.3307 -0.5750 -0.7484
vn 0.9026 0.0790 -0.4233
vn 0.6774 -0.3745 -0.6331
vn 0.1603 -0.6219 -0.7665
vn 0.8372 -0.0998 -0.5377
vn 0.3499 -0.6849 -0.6391
vn 0.2347 -0.7166 -0.6568
vn 0.3562 -0.7793 -0.5155
vn 0.8722 -0.3631 -0.3278
vn 0.0872 -0.8419 -0.5326
vn 0.9487 -0.1233 -0.2912
vn 0.1310 -0.7700 -0.6244
vn -0.9791 -0.1268 0.1590
vn 0.1745 -0.6437 0.7451
vn -0.9464 -0.0519 0.3188
vn -0.8289 0.3499 0.4365
vn 0.9689 0.0704 -0.2371
vn 0.9125 0.3926 0.1150
vn -0.9906 -0.0655 0.1199
vn 0.0772 -0.6922 -0.7175
vn -0.5993 -0.6353 -0.4871
vn 0.7489 0.6581 -0.0778
vn 0.9935 0.0595 -0.0974
vn -0.1783 -0.6971 -0.6945
vn -0.8541 -0.4054 -0.3259
vn -0.0053 -0.7783 -0.6279
vn 0.2779 -0.7157 -0.6408
vn 0.1812 -0.8034 -0.5672
vn 0.3482 -0.7637 -0.5436
vn -0.9715 -0.2328 -0.0452
vn 0.8356 -0.4139 -0.3611
vn 0.9808 0.0160 -0.1942
vn -0.9745 -0.0677 0.2141
vn -0.3952 0.6472 0.6519
vn -0.6166 0.4405 0.6525
vn -0.0841 0.5871 0.8052
vn -0.4849 0.3988 0.7783
vn 0.6354 0.5255 0.5657
vn -0.1199 0.7763 0.6189
vn -0.2900 0.7258 0.6238
vn -0.1550 0.8271 0.5403
vn -0.7183 0.5391 0.4397
vn 0.7016 0.6456 0.3016
vn -0.6659 0.6154 0.4218
vn -0.8044 0.3040 0.5104
vn -0.7206 0.4174 0.5536
vn 0.8774 0.4591 0.1396
vn 0.1521 -0.7690 0.6209
vn -0.8111 0.4213 0.4058
vn 0.1982 -0.7735 0.6020
vn -0.6189 0.5533 0.5575
vn 0.6869 0.6944 0.2143
vn 0.0700 0.0015 0.9975
vn 0.0229 -0.1636 0.9863
vn 0.8119 0.5430 -0.2145
vn 0.6301 0.6609 -0.4076
vn 0.7123 0.5138 -0.4782
vn 0.5678 0.7304 0.3795
vn 0.5708 0.7223 0.3905
vn 0.5625 0.5699 -0.5990
vn 0.6023 0.7467 -0.2822
vn 0.5216 0.8027 0.2891
vn 0.5344 0.7785 -0.3293
vn 0.5660 0.7679 0.2999
vn 0.5115 0.5936 -0.6213
vn -0.6296 -0.6751 -0.3844
vn -0.6118 -0.3484 -0.7102
vn -0.6444 -0.7279 -0.2346
vn -0.4811 -0.6522 -0.5858
vn -0.6008 -0.6405 0.4783
vn -0.6542 -0.5043 0.5637
vn -0.5957 -0.7694 -0.2306
vn -0.5958 -0.8007 0.0625
vn -0.5368 -0.7876 -0.3025
vn -0.5814 -0.7564 -0.2996
vn -0.3170 -0.5709 -0.7574
vn -0.3519 -0.5374 -0.7664
vn -0.6743 -0.6909 0.2607
vn -0.3735 -0.4619 0.8044
vn -0.1556 -0.1615 0.9745
vn 0.7639 -0.6437 0.0461
vn -0.4511 -0.3749 0.8099
vn -0.2786 -0.2319 0.9320
vn 0.7640 -0.6436 0.0461
vn -0.3524 -0.4356 0.8283
vn -0.4211 -0.3447 0.8390
vn -0.5739 -0.5968 -0.5608
vn -0.5986 -0.2759 -0.7520
vn -0.6668 -0.5792 0.4690
vn -0.5093 -0.7217 -0.4688
vn -0.6552 -0.6170 0.4359
vn -0.7642 -0.4922 0.4168
vn -0.6237 -0.7719 -0.1234
vn -0.6237 -0.7718 -0.1237
vn -0.6237 -0.7718 -0.1236
vn -0.6221 -0.7762 0.1028
vn -0.4040 -0.8273 -0.3903
vn 0.0962 -0.1018 -0.9901
vn 0.8095 -0.5376 0.2358
vn -0.4041 -0.3969 -0.8241
vn -0.4038 -0.3971 -0.8241
vn -0.4040 -0.3970 -0.8241
vn -0.6940 -0.7062 -0.1397
vn -0.6939 -0.7064 -0.1397
vn -0.6940 -0.7063 -0.1396
vn 0.6466 0.6379 0.4183
vn 0.7314 0.5263 -0.4337
vn 0.5019 0.3391 0.7957
vn 0.7410 0.6286 0.2362
vn 0.2355 0.3590 0.9032
vn 0.5665 0.4565 -0.6861
vn 0.5937 0.7649 -0.2499
vn 0.5151 0.7064 0.4854
vn 0.4612 0.7025 0.5419
vn 0.4831 0.7735 0.4103
vn 0.6000 0.7827 0.1656
vn 0.5547 0.8299 0.0600
vn -0.0447 -0.7140 0.6987
vn 0.4704 0.5777 -0.6670
vn 0.9720 0.0400 0.2315
vn 0.3039 0.2586 -0.9169
vn 0.9664 0.1030 0.2357
vn 0.3343 0.2908 -0.8965
vn -0.6082 -0.7808 -0.1431
vn 0.7367 0.6751 -0.0392
vn 0.7399 0.1036 0.6646
vn 0.9519 0.2204 0.2128
vn 0.9508 0.2943 0.0968
vn 0.4935 0.5486 -0.6750
vn 0.7616 0.1512 0.6301
vn 0.5445 0.7757 -0.3189
vn 0.5364 0.8094 -0.2392
vn 0.7388 0.6632 -0.1201
vn 0.7753 0.5893 0.2271
vn 0.7651 0.4163 0.4913
vn -0.4881 0.2886 -0.8237
vn 0.6854 0.0966 0.7217
vn -0.0686 0.6080 -0.7909
vn -0.8290 -0.3047 -0.4689
vn -0.8877 -0.0762 -0.4541
vn -0.7789 -0.5331 0.3303
vn -0.5784 -0.7055 0.4096
vn -0.1493 -0.5162 0.8433
vn -0.4249 -0.7770 0.4644
vn -0.3958 -0.8031 0.4454
vn -0.7382 -0.6673 -0.0992
vn -0.7159 -0.6948 0.0689
vn -0.0897 -0.7129 0.6955
vn 0.0847 -0.5149 0.8531
vn -0.1837 -0.8017 0.5687
vn -0.7522 -0.2313 -0.6170
vn -0.1055 -0.6750 0.7302
vn 0.5781 -0.6436 -0.5016
vn -0.5588 0.1707 -0.8116
vn -0.5308 -0.8255 0.1918
vn 0.7600 -0.2219 -0.6109
vn -0.7006 -0.6635 0.2624
vn -0.7237 -0.1637 -0.6704
vn -0.4468 -0.7090 0.5457
vn 0.0447 -0.5239 0.8506
vn -0.9679 -0.1550 -0.1978
vn -0.8311 -0.4403 -0.3398
vn -0.2919 -0.7067 0.6444
vn -0.4899 -0.5453 0.6802
vn -0.7312 -0.6815 -0.0291
vn -0.1866 -0.7596 0.6231
vn -0.5317 -0.8177 0.2207
vn -0.6329 -0.7536 0.1773
vn -0.7457 -0.4308 -0.5082
vn -0.6204 -0.7592 0.1969
vn -0.6406 -0.0150 -0.7677
vn -0.6402 -0.0153 -0.7680
vn -0.6405 -0.0151 -0.7678
vn 0.2302 -0.4785 0.8474
vn 0.7307 0.6732 -0.1135
vn 0.4071 0.7238 -0.5571
vn 0.6917 0.6871 -0.2223
vn 0.8544 0.5068 -0.1145
vn 0.8201 0.5572 0.1301
vn 0.4220 0.6334 -0.6487
vn 0.7828 0.2762 0.5576
vn 0.6580 0.7437 -0.1179
vn 0.6415 0.7620 -0.0886
vn 0.7651 0.3707 0.5265
vn 0.1739 0.6875 -0.7051
vn 0.2390 0.7620 -0.6019
vn -0.1367 0.5006 -0.8548
vn 0.6239 0.7328 -0.2716
vn 0.6245 0.7322 -0.2718
vn 0.6245 0.7323 -0.2717
vn 0.6242 0.7323 -0.2721
vn 0.6281 -0.1081 0.7706
vn 0.6281 -0.1080 0.7706
vn 0.6281 -0.1082 0.7705
vn 0.7960 0.0588 0.6025
vn 0.7957 0.0590 0.6028
vn 0.7960 0.0583 0.6025
vn 0.7958 0.0583 0.6027
vn -0.1019 0.4652 -0.8793
vt 0.500000 0.731666
vt 1.000000 1.000000
vt 0.682502 1.000000
vt 0.500000 0.901118
vt 0.000000 1.000000
vt 0.313966 1.000000
vt 0.000000 0.000000
vt 0.500000 0.000000
vt 0.500000 0.500000
vt 0.000000 0.500000
vt 1.000000 0.000000
vt 1.000000 0.500000
vt 0.500000 1.000000
vt 0.833333 1.000000
vt 0.833333 0.500000
vt 0.666667 1.000000
vt 0.666667 0.500000
vt 0.333333 1.000000
vt 0.333333 0.500000
vt 0.166667 1.000000
vt 0.166667 0.500000
vt 0.750000 0.490000
vt 0.957846 0.370000
vt 0.957846 0.130000
vt 0.750000 0.010000
vt 0.542154 0.130000
vt 0.542154 0.370000
vt 0.457846 0.370000
vt 0.250000 0.490000
vt 0.042154 0.370000
vt 0.042154 0.130000
vt 0.250000 0.010000
vt 0.457846 0.130000
s 1
usemtl Kelp.011
f 10/1/1 4/2/2 11/3/3 13/4/4
s 0
f 3/5/5 10/1/5 13/4/5 12/6/5
s 1
f 1/7/6 6/8/7 9/9/8 5/10/9
f 6/8/7 2/11/10 7/12/11 9/9/8
f 9/9/8 7/12/11 4/2/2 10/1/1
f 5/10/9 9/9/8 10/1/1 3/5/12
s 0
f 12/6/13 13/4/13 8/13/13
f 13/4/14 11/3/14 8/13/14
s 1
f 476/1/15 479/4/16 477/3/17 470/2/18
f 469/5/19 478/6/20 479/4/16 476/1/15
f 467/7/21 471/10/22 475/9/23 472/8/24
f 472/8/24 475/9/23 473/12/25 468/11/26
f 475/9/23 476/1/15 470/2/18 473/12/25
f 471/10/22 469/5/19 476/1/15 475/9/23
s 0
f 478/6/27 474/13/27 479/4/27
s 1
f 479/4/16 474/13/28 477/3/17
f 1/7/6 5/10/9 471/10/22 467/7/21
f 2/11/10 6/8/7 472/8/24 468/11/26
f 4/2/2 7/12/11 473/12/25 470/2/18
f 3/5/12 12/6/29 478/6/20 469/5/19
f 5/10/9 3/5/12 469/5/19 471/10/22
f 6/8/7 1/7/6 467/7/21 472/8/24
f 7/12/11 2/11/10 468/11/26 473/12/25
f 8/13/30 11/3/3 477/3/17 474/13/28
f 11/3/3 4/2/2 470/2/18 477/3/17
f 12/6/29 8/13/30 474/13/28 478/6/20
usemtl Material.001
f 14/12/31 15/2/32 17/14/33 16/15/34
f 16/15/34 17/14/33 19/16/35 18/17/36
s 0
f 18/17/37 19/16/37 21/13/37 20/9/37
s 1
f 20/9/38 21/13/39 23/18/40 22/19/41
f 19/16/35 17/14/33 26/14/42 28/16/43
f 22/19/41 23/18/40 25/20/44 24/21/45
f 24/21/45 25/20/44 15/5/32 14/10/31
f 14/22/31 16/23/34 18/24/36 20/25/38 22/26/41 24/27/45
f 26/14/42 27/2/46 33/2/47 32/14/48
f 25/20/44 23/18/40 30/18/49 31/20/50
f 17/14/33 15/2/32 27/2/46 26/14/42
s 0
f 21/13/51 19/16/51 28/16/51 29/13/51
s 1
f 15/5/32 25/20/44 31/20/50 27/5/46
f 23/18/40 21/13/39 29/13/52 30/18/49
s 0
f 32/28/53 33/29/53 37/30/53 36/31/53 35/32/53 34/33/53
s 1
f 27/5/46 31/20/50 37/20/54 33/5/47
f 30/18/49 29/13/52 35/13/55 36/18/56
f 28/16/43 26/14/42 32/14/48 34/16/57
f 31/20/50 30/18/49 36/18/56 37/20/54
s 0
f 29/13/58 28/16/58 34/16/58 35/13/58
s 1
f 480/12/59 482/15/60 483/14/61 481/2/62
f 482/15/60 484/17/63 485/16/64 483/14/61
s 0
f 484/17/65 486/9/65 487/13/65 485/16/65
s 1
f 486/9/66 488/19/67 489/18/68 487/13/69
f 485/16/64 494/16/70 492/14/71 483/14/61
f 488/19/67 490/21/72 491/20/73 489/18/68
f 490/21/72 480/10/59 481/5/62 491/20/73
f 480/22/59 490/27/72 488/26/67 486/25/66 484/24/63 482/23/60
f 492/14/71 498/14/74 499/2/75 493/2/76
f 491/20/73 497/20/77 496/18/78 489/18/68
f 483/14/61 492/14/71 493/2/76 481/2/62
s 0
f 487/13/79 495/13/79 494/16/79 485/16/79
s 1
f 481/5/62 493/5/76 497/20/77 491/20/73
f 489/18/68 496/18/78 495/13/80 487/13/69
s 0
f 498/28/81 500/33/81 501/32/81 502/31/81 503/30/81 499/29/81
s 1
f 493/5/76 499/5/75 503/20/82 497/20/77
s 0
f 496/18/83 502/18/83 501/13/83 495/13/83
s 1
f 494/16/70 500/16/84 498/14/74 492/14/71
s 0
f 497/20/85 503/20/85 502/18/85 496/18/85
s 1
f 495/13/86 501/13/86 500/16/84 494/16/70
usemtl Kelp
f 47/1/87 41/2/88 48/3/89 50/4/90
f 40/5/91 47/1/87 50/4/90 49/6/92
f 38/7/93 43/8/94 46/9/95 42/10/96
s 0
f 43/8/97 39/11/97 44/12/97 46/9/97
s 1
f 46/9/95 44/12/98 41/2/88 47/1/87
f 42/10/96 46/9/95 47/1/87 40/5/91
f 49/6/92 50/4/90 45/13/99
s 0
f 50/4/100 48/3/100 45/13/100
s 1
f 513/1/101 516/4/102 514/3/103 507/2/104
f 506/5/105 515/6/106 516/4/102 513/1/101
f 504/7/107 508/10/108 512/9/109 509/8/110
f 509/8/110 512/9/109 510/12/111 505/11/112
f 512/9/109 513/1/101 507/2/104 510/12/111
f 508/10/108 506/5/105 513/1/101 512/9/109
f 515/6/106 511/13/113 516/4/102
f 516/4/102 511/13/113 514/3/103
f 38/7/93 42/10/96 508/10/108 504/7/107
f 39/11/114 43/8/94 509/8/110 505/11/112
f 41/2/88 44/12/98 510/12/111 507/2/104
f 40/5/91 49/6/92 515/6/106 506/5/105
f 42/10/96 40/5/91 506/5/105 508/10/108
f 43/8/94 38/7/93 504/7/107 509/8/110
f 44/12/98 39/11/114 505/11/112 510/12/111
f 45/13/99 48/3/89 514/3/103 511/13/113
f 48/3/89 41/2/88 507/2/104 514/3/103
f 49/6/92 45/13/99 511/13/113 515/6/106
usemtl Kelp.001
f 60/1/115 54/2/116 61/3/117 63/4/118
f 53/5/119 60/1/115 63/4/118 62/6/120
f 51/7/121 56/8/122 59/9/123 55/10/124
f 56/8/122 52/11/125 57/12/126 59/9/123
f 59/9/123 57/12/126 54/2/116 60/1/115
f 55/10/124 59/9/123 60/1/115 53/5/119
s 0
f 62/6/127 63/4/127 58/13/127
f 63/4/128 61/3/128 58/13/128
s 1
f 526/1/129 529/4/130 527/3/131 520/2/132
f 519/5/133 528/6/134 529/4/130 526/1/129
f 517/7/135 521/10/136 525/9/137 522/8/138
f 522/8/138 525/9/137 523/12/139 518/11/140
s 0
f 525/9/141 526/1/141 520/2/141 523/12/141
s 1
f 521/10/136 519/5/133 526/1/129 525/9/137
f 528/6/134 524/13/142 529/4/130
f 529/4/130 524/13/142 527/3/131
f 51/7/121 55/10/124 521/10/136 517/7/135
f 52/11/125 56/8/122 522/8/138 518/11/140
f 54/2/116 57/12/126 523/12/139 520/2/132
f 53/5/119 62/6/120 528/6/134 519/5/133
f 55/10/124 53/5/119 519/5/133 521/10/136
f 56/8/122 51/7/121 517/7/135 522/8/138
f 57/12/126 52/11/125 518/11/140 523/12/139
f 58/13/143 61/3/117 527/3/131 524/13/142
f 61/3/117 54/2/116 520/2/132 527/3/131
f 62/6/120 58/13/143 524/13/142 528/6/134
usemtl Kelp.002
f 73/1/144 67/2/145 74/3/146 76/4/147
f 66/5/148 73/1/144 76/4/147 75/6/149
f 64/7/150 69/8/151 72/9/152 68/10/153
f 69/8/151 65/11/154 70/12/155 72/9/152
f 72/9/152 70/12/155 67/2/145 73/1/144
f 68/10/153 72/9/152 73/1/144 66/5/148
f 75/6/149 76/4/147 71/13/156
s 0
f 76/4/157 74/3/157 71/13/157
s 1
f 539/1/158 542/4/159 540/3/160 533/2/161
f 532/5/162 541/6/163 542/4/159 539/1/158
f 530/7/164 534/10/165 538/9/166 535/8/167
f 535/8/167 538/9/166 536/12/168 531/11/169
f 538/9/166 539/1/158 533/2/161 536/12/168
f 534/10/165 532/5/162 539/1/158 538/9/166
f 541/6/163 537/13/170 542/4/159
f 542/4/159 537/13/170 540/3/160
f 64/7/150 68/10/153 534/10/165 530/7/164
s 0
f 65/11/171 69/8/171 535/8/171 531/11/171
s 1
f 67/2/145 70/12/155 536/12/168 533/2/161
f 66/5/148 75/6/149 541/6/163 532/5/162
f 68/10/153 66/5/148 532/5/162 534/10/165
s 0
f 69/8/172 64/7/172 530/7/172 535/8/172
s 1
f 70/12/155 65/11/154 531/11/169 536/12/168
s 0
f 71/13/173 74/3/173 540/3/173 537/13/173
s 1
f 74/3/146 67/2/145 533/2/161 540/3/160
f 75/6/149 71/13/156 537/13/170 541/6/163
usemtl Kelp.003
f 86/1/174 80/2/175 87/3/176 89/4/177
s 0
f 79/5/178 86/1/178 89/4/178 88/6/178
s 1
f 77/7/179 82/8/180 85/9/181 81/10/182
f 82/8/180 78/11/183 83/12/184 85/9/181
f 85/9/181 83/12/184 80/2/175 86/1/174
f 81/10/182 85/9/181 86/1/174 79/5/185
f 88/6/186 89/4/186 84/13/186
s 0
f 89/4/187 87/3/187 84/13/187
s 1
f 552/1/188 555/4/189 553/3/190 546/2/191
f 545/5/192 554/6/193 555/4/189 552/1/188
f 543/7/194 547/10/195 551/9/196 548/8/197
f 548/8/197 551/9/196 549/12/198 544/11/199
f 551/9/196 552/1/188 546/2/191 549/12/198
f 547/10/195 545/5/192 552/1/188 551/9/196
f 554/6/193 550/13/200 555/4/189
f 555/4/189 550/13/200 553/3/190
f 77/7/179 81/10/182 547/10/195 543/7/194
s 0
f 78/11/201 82/8/201 548/8/201 544/11/201
s 1
f 80/2/175 83/12/184 549/12/198 546/2/191
f 79/5/185 88/6/202 554/6/193 545/5/192
f 81/10/182 79/5/185 545/5/192 547/10/195
s 0
f 82/8/203 77/7/204 543/7/205 548/8/203
s 1
f 83/12/184 78/11/183 544/11/199 549/12/198
f 84/13/206 87/3/176 553/3/190 550/13/200
f 87/3/176 80/2/175 546/2/191 553/3/190
s 0
f 88/6/207 84/13/207 550/13/207 554/6/207
usemtl Kelp.004
f 99/1/208 93/2/208 100/3/208 102/4/208
f 92/5/209 99/1/209 102/4/209 101/6/209
s 1
f 90/7/210 95/8/211 98/9/212 94/10/213
f 95/8/211 91/11/214 96/12/215 98/9/212
f 98/9/212 96/12/215 93/2/216 99/1/217
f 94/10/213 98/9/212 99/1/217 92/5/218
s 0
f 101/6/219 102/4/219 97/13/219
f 102/4/220 100/3/220 97/13/220
f 565/1/221 568/4/221 566/3/221 559/2/221
s 1
f 558/5/222 567/6/223 568/4/223 565/1/224
f 556/7/225 560/10/226 564/9/227 561/8/228
f 561/8/228 564/9/227 562/12/229 557/11/230
f 564/9/227 565/1/224 559/2/231 562/12/229
f 560/10/226 558/5/222 565/1/224 564/9/227
s 0
f 567/6/232 563/13/232 568/4/232
f 568/4/233 563/13/233 566/3/233
f 90/7/234 94/10/234 560/10/234 556/7/234
f 91/11/235 95/8/235 561/8/235 557/11/235
s 1
f 93/2/216 96/12/215 562/12/229 559/2/231
s 0
f 92/5/236 101/6/236 567/6/236 558/5/236
f 94/10/237 92/5/237 558/5/237 560/10/237
f 95/8/238 90/7/238 556/7/238 561/8/238
s 1
f 96/12/215 91/11/214 557/11/230 562/12/229
s 0
f 97/13/239 100/3/239 566/3/239 563/13/239
f 100/3/240 93/2/240 559/2/240 566/3/240
f 101/6/241 97/13/241 563/13/241 567/6/241
s 1
usemtl Kelp.005
f 112/1/242 106/2/243 113/3/244 115/4/245
f 105/5/246 112/1/242 115/4/245 114/6/247
s 0
f 103/7/248 108/8/248 111/9/248 107/10/248
f 108/8/249 104/11/249 109/12/249 111/9/249
s 1
f 111/9/250 109/12/251 106/2/243 112/1/242
s 0
f 107/10/252 111/9/252 112/1/252 105/5/252
f 114/6/253 115/4/253 110/13/253
f 115/4/254 113/3/254 110/13/254
f 125/1/255 128/4/255 126/3/255 119/2/255
f 118/5/256 127/6/256 128/4/256 125/1/256
s 1
f 116/7/257 120/10/258 124/9/259 121/8/260
f 121/8/260 124/9/259 122/12/261 117/11/262
f 124/9/259 125/1/263 119/2/264 122/12/261
f 120/10/258 118/5/265 125/1/263 124/9/259
f 127/6/266 123/13/267 128/4/268
s 0
f 128/4/269 123/13/269 126/3/269
f 103/7/270 107/10/270 120/10/270 116/7/270
f 104/11/271 108/8/271 121/8/271 117/11/271
s 1
f 106/2/243 109/12/251 122/12/261 119/2/264
f 105/5/246 114/6/247 127/6/266 118/5/265
f 107/10/272 105/5/246 118/5/265 120/10/258
s 0
f 108/8/273 103/7/273 116/7/273 121/8/273
f 109/12/274 104/11/274 117/11/274 122/12/274
f 110/13/275 113/3/275 126/3/275 123/13/275
s 1
f 113/3/244 106/2/243 119/2/264 126/3/276
f 114/6/247 110/13/277 123/13/267 127/6/266
s 0
f 578/1/278 581/4/279 579/3/278 572/2/278
s 1
f 571/5/280 580/6/281 581/4/282 578/1/283
s 0
f 569/7/284 573/10/284 577/9/284 574/8/284
s 1
f 574/8/285 577/9/286 575/12/287 570/11/288
f 577/9/286 578/1/283 572/2/289 575/12/287
f 573/10/290 571/5/280 578/1/283 577/9/286
f 580/6/281 576/13/291 581/4/282
f 581/4/282 576/13/291 579/3/292
s 0
f 591/1/293 585/2/293 592/3/293 594/4/293
s 1
f 584/5/294 591/1/295 594/4/296 593/6/297
f 582/7/298 587/8/298 590/9/299 586/10/300
s 0
f 587/8/301 583/11/301 588/12/301 590/9/301
s 1
f 590/9/299 588/12/302 585/2/303 591/1/295
f 586/10/300 590/9/299 591/1/295 584/5/294
f 593/6/297 594/4/296 589/13/304
s 0
f 594/4/305 592/3/305 589/13/305
f 569/7/306 582/7/306 586/10/306 573/10/306
f 570/11/307 583/11/307 587/8/307 574/8/307
s 1
f 572/2/289 585/2/303 588/12/302 575/12/287
f 571/5/280 584/5/294 593/6/297 580/6/281
f 573/10/290 586/10/300 584/5/294 571/5/280
s 0
f 574/8/308 587/8/308 582/7/308 569/7/308
s 1
f 575/12/287 588/12/302 583/11/309 570/11/288
f 576/13/291 589/13/304 592/3/310 579/3/292
s 0
f 579/3/311 592/3/312 585/2/312 572/2/312
s 1
f 580/6/281 593/6/297 589/13/304 576/13/291
usemtl Kelp.006
f 138/1/313 132/2/314 139/3/315 141/4/316
s 0
f 131/5/317 138/1/317 141/4/317 140/6/317
s 1
f 129/7/318 134/8/319 137/9/320 133/10/321
f 134/8/319 130/11/322 135/12/323 137/9/320
f 137/9/320 135/12/323 132/2/314 138/1/313
s 0
f 133/10/324 137/9/324 138/1/324 131/5/324
f 140/6/325 141/4/325 136/13/326
f 141/4/327 139/3/328 136/13/329
s 1
f 604/1/330 607/4/331 605/3/332 598/2/333
f 597/5/334 606/6/335 607/4/331 604/1/330
f 595/7/336 599/10/337 603/9/338 600/8/339
f 600/8/339 603/9/338 601/12/340 596/11/341
f 603/9/338 604/1/330 598/2/333 601/12/340
f 599/10/337 597/5/334 604/1/330 603/9/338
f 606/6/335 602/13/342 607/4/331
f 607/4/331 602/13/342 605/3/332
f 129/7/318 133/10/321 599/10/337 595/7/336
f 130/11/322 134/8/319 600/8/339 596/11/341
f 132/2/314 135/12/323 601/12/340 598/2/333
f 131/5/343 140/6/344 606/6/335 597/5/334
f 133/10/321 131/5/343 597/5/334 599/10/337
f 134/8/319 129/7/318 595/7/336 600/8/339
s 0
f 135/12/345 130/11/345 596/11/345 601/12/345
s 1
f 136/13/346 139/3/315 605/3/332 602/13/342
f 139/3/315 132/2/314 598/2/333 605/3/332
f 140/6/344 136/13/346 602/13/342 606/6/335
usemtl Kelp.007
f 151/1/347 145/2/348 152/3/349 154/4/350
f 144/5/351 151/1/347 154/4/350 153/6/352
f 142/7/353 147/8/354 150/9/355 146/10/356
f 147/8/354 143/11/357 148/12/358 150/9/355
f 150/9/355 148/12/358 145/2/348 151/1/347
f 146/10/356 150/9/355 151/1/347 144/5/351
f 153/6/352 154/4/350 149/13/359
s 0
f 154/4/360 152/3/360 149/13/360
s 1
f 617/1/361 620/4/362 618/3/363 611/2/364
f 610/5/365 619/6/366 620/4/362 617/1/361
f 608/7/367 612/10/368 616/9/369 613/8/370
f 613/8/370 616/9/369 614/12/371 609/11/372
f 616/9/369 617/1/361 611/2/364 614/12/371
f 612/10/368 610/5/365 617/1/361 616/9/369
f 619/6/366 615/13/373 620/4/362
f 620/4/362 615/13/373 618/3/363
f 142/7/353 146/10/356 612/10/368 608/7/367
f 143/11/357 147/8/354 613/8/370 609/11/372
f 145/2/348 148/12/358 614/12/371 611/2/364
f 144/5/351 153/6/352 619/6/366 610/5/365
f 146/10/356 144/5/351 610/5/365 612/10/368
f 147/8/354 142/7/353 608/7/367 613/8/370
f 148/12/358 143/11/357 609/11/372 614/12/371
f 149/13/359 152/3/349 618/3/363 615/13/373
f 152/3/349 145/2/348 611/2/364 618/3/363
f 153/6/352 149/13/359 615/13/373 619/6/366
usemtl Kelp.008
f 164/1/374 158/2/375 165/3/376 167/4/377
f 157/5/378 164/1/374 167/4/377 166/6/379
s 0
f 155/7/380 160/8/380 163/9/380 159/10/380
s 1
f 160/8/381 156/11/382 161/12/383 163/9/384
f 163/9/384 161/12/383 158/2/375 164/1/374
f 159/10/385 163/9/384 164/1/374 157/5/378
s 0
f 166/6/386 167/4/386 162/13/386
f 167/4/387 165/3/387 162/13/387
s 1
f 630/1/388 633/4/389 631/3/390 624/2/391
f 623/5/392 632/6/393 633/4/389 630/1/388
f 621/7/394 625/10/395 629/9/396 626/8/397
s 0
f 626/8/398 629/9/398 627/12/398 622/11/398
s 1
f 629/9/396 630/1/388 624/2/391 627/12/399
f 625/10/395 623/5/392 630/1/388 629/9/396
s 0
f 632/6/400 628/13/400 633/4/400
s 1
f 633/4/389 628/13/401 631/3/390
f 155/7/402 159/10/385 625/10/395 621/7/394
s 0
f 156/11/403 160/8/403 626/8/403 622/11/403
s 1
f 158/2/375 161/12/383 627/12/399 624/2/391
f 157/5/378 166/6/379 632/6/393 623/5/392
f 159/10/385 157/5/378 623/5/392 625/10/395
s 0
f 160/8/404 155/7/404 621/7/404 626/8/404
s 1
f 161/12/383 156/11/382 622/11/405 627/12/399
s 0
f 162/13/406 165/3/406 631/3/406 628/13/406
s 1
f 165/3/376 158/2/375 624/2/391 631/3/390
f 166/6/379 162/13/407 628/13/407 632/6/393
usemtl Kelp.009
f 177/1/408 171/2/409 178/3/410 180/4/411
s 0
f 170/5/412 177/1/412 180/4/412 179/6/412
f 168/7/413 173/8/413 176/9/413 172/10/413
f 173/8/414 169/11/414 174/12/414 176/9/414
s 1
f 176/9/415 174/12/416 171/2/409 177/1/408
f 172/10/417 176/9/415 177/1/408 170/5/418
s 0
f 179/6/419 180/4/419 175/13/419
s 1
f 180/4/411 178/3/410 175/13/420
f 643/1/421 646/4/422 644/3/423 637/2/424
f 636/5/425 645/6/426 646/4/422 643/1/421
f 634/7/427 638/10/428 642/9/429 639/8/430
f 639/8/430 642/9/429 640/12/431 635/11/432
f 642/9/429 643/1/421 637/2/424 640/12/431
f 638/10/428 636/5/425 643/1/421 642/9/429
f 645/6/426 641/13/433 646/4/422
s 0
f 646/4/434 641/13/434 644/3/434
s 1
f 168/7/435 172/10/417 638/10/428 634/7/427
f 169/11/436 173/8/437 639/8/430 635/11/432
f 171/2/409 174/12/416 640/12/431 637/2/424
f 170/5/418 179/6/438 645/6/426 636/5/425
f 172/10/417 170/5/418 636/5/425 638/10/428
f 173/8/437 168/7/435 634/7/427 639/8/430
f 174/12/416 169/11/436 635/11/432 640/12/431
s 0
f 175/13/439 178/3/439 644/3/439 641/13/439
s 1
f 178/3/410 171/2/409 637/2/424 644/3/423
f 179/6/438 175/13/440 641/13/433 645/6/426
s 0
usemtl Kelp.010
f 190/1/441 184/2/441 191/3/441 193/4/441
s 1
f 183/5/442 190/1/443 193/4/444 192/6/445
f 181/7/446 186/8/447 189/9/448 185/10/449
f 186/8/447 182/11/450 187/12/451 189/9/448
f 189/9/448 187/12/451 184/2/452 190/1/443
f 185/10/449 189/9/448 190/1/443 183/5/442
f 192/6/445 193/4/444 188/13/453
s 0
f 193/4/454 191/3/454 188/13/454
s 1
f 656/1/455 659/4/456 657/3/457 650/2/458
f 649/5/459 658/6/460 659/4/456 656/1/455
f 647/7/461 651/10/462 655/9/463 652/8/464
f 652/8/464 655/9/463 653/12/465 648/11/466
f 655/9/463 656/1/455 650/2/458 653/12/465
f 651/10/462 649/5/459 656/1/455 655/9/463
f 658/6/460 654/13/467 659/4/456
f 659/4/456 654/13/467 657/3/457
s 0
f 181/7/468 185/10/468 651/10/468 647/7/468
s 1
f 182/11/450 186/8/447 652/8/464 648/11/466
f 184/2/452 187/12/451 653/12/465 650/2/458
f 183/5/442 192/6/445 658/6/460 649/5/459
s 0
f 185/10/469 183/5/469 649/5/469 651/10/469
s 1
f 186/8/447 181/7/446 647/7/461 652/8/464
f 187/12/451 182/11/450 648/11/466 653/12/465
f 188/13/453 191/3/470 657/3/457 654/13/467
f 191/3/470 184/2/452 650/2/458 657/3/457
f 192/6/445 188/13/453 654/13/467 658/6/460
usemtl Kelp.012
f 203/1/471 197/2/472 204/3/473 206/4/474
f 196/5/475 203/1/471 206/4/474 205/6/476
s 0
f 194/7/477 199/8/477 202/9/477 198/10/477
s 1
f 199/8/478 195/11/479 200/12/480 202/9/481
f 202/9/481 200/12/480 197/2/472 203/1/471
f 198/10/482 202/9/481 203/1/471 196/5/475
s 0
f 205/6/483 206/4/483 201/13/483
f 206/4/484 204/3/484 201/13/484
s 1
f 669/1/485 672/4/486 670/3/487 663/2/488
f 662/5/489 671/6/490 672/4/486 669/1/485
f 660/7/491 664/10/492 668/9/493 665/8/494
f 665/8/494 668/9/493 666/12/495 661/11/496
f 668/9/493 669/1/485 663/2/488 666/12/495
f 664/10/492 662/5/489 669/1/485 668/9/493
f 671/6/490 667/13/497 672/4/486
f 672/4/486 667/13/497 670/3/487
f 194/7/498 198/10/482 664/10/492 660/7/491
s 0
f 195/11/499 199/8/499 665/8/499 661/11/499
s 1
f 197/2/472 200/12/480 666/12/495 663/2/488
f 196/5/475 205/6/476 671/6/490 662/5/489
f 198/10/482 196/5/475 662/5/489 664/10/492
f 199/8/500 194/7/498 660/7/491 665/8/494
f 200/12/480 195/11/479 661/11/496 666/12/495
f 201/13/501 204/3/473 670/3/487 667/13/497
f 204/3/473 197/2/472 663/2/488 670/3/487
f 205/6/476 201/13/501 667/13/497 671/6/490
usemtl Kelp.013
f 216/1/502 210/2/503 217/3/504 219/4/505
f 209/5/506 216/1/502 219/4/505 218/6/507
s 0
f 207/7/508 212/8/508 215/9/508 211/10/508
f 212/8/509 208/11/509 213/12/509 215/9/509
s 1
f 215/9/510 213/12/511 210/2/503 216/1/502
f 211/10/512 215/9/510 216/1/502 209/5/506
s 0
f 218/6/513 219/4/514 214/13/515
f 219/4/516 217/3/517 214/13/518
f 682/1/519 685/4/519 683/3/519 676/2/519
s 1
f 675/5/520 684/6/521 685/4/522 682/1/523
f 673/7/524 677/10/525 681/9/526 678/8/527
f 678/8/527 681/9/526 679/12/528 674/11/529
f 681/9/526 682/1/523 676/2/530 679/12/528
f 677/10/525 675/5/520 682/1/523 681/9/526
s 0
f 684/6/531 680/13/531 685/4/531
f 685/4/532 680/13/532 683/3/532
s 1
f 207/7/533 211/10/512 677/10/525 673/7/524
s 0
f 208/11/534 212/8/534 678/8/534 674/11/534
s 1
f 210/2/503 213/12/511 679/12/528 676/2/530
f 209/5/506 218/6/507 684/6/521 675/5/520
f 211/10/512 209/5/506 675/5/520 677/10/525
s 0
f 212/8/535 207/7/535 673/7/535 678/8/535
s 1
f 213/12/511 208/11/536 674/11/529 679/12/528
f 214/13/537 217/3/504 683/3/538 680/13/539
f 217/3/504 210/2/503 676/2/530 683/3/538
f 218/6/507 214/13/537 680/13/539 684/6/521
s 0
usemtl Kelp.014
f 229/1/540 223/2/540 230/3/540 232/4/540
f 222/5/541 229/1/541 232/4/541 231/6/541
f 220/7/542 225/8/542 228/9/542 224/10/542
f 225/8/543 221/11/543 226/12/543 228/9/543
s 1
f 228/9/544 226/12/545 223/2/545 229/1/546
f 224/10/547 228/9/544 229/1/546 222/5/547
s 0
f 231/6/548 232/4/548 227/13/548
f 232/4/549 230/3/549 227/13/549
f 695/1/550 698/4/550 696/3/550 689/2/550
f 688/5/551 697/6/551 698/4/551 695/1/551
f 686/7/552 690/10/552 694/9/552 691/8/552
s 1
f 691/8/553 694/9/554 692/12/555 687/11/553
f 694/9/554 695/1/556 689/2/557 692/12/555
f 690/10/558 688/5/558 695/1/556 694/9/554
s 0
f 697/6/559 693/13/559 698/4/559
f 698/4/560 693/13/560 696/3/560
f 220/7/561 224/10/561 690/10/561 686/7/561
f 221/11/562 225/8/562 691/8/562 687/11/562
f 223/2/563 226/12/563 692/12/563 689/2/563
f 222/5/564 231/6/564 697/6/564 688/5/564
f 224/10/565 222/5/565 688/5/565 690/10/565
f 225/8/566 220/7/566 686/7/566 691/8/566
f 226/12/567 221/11/567 687/11/567 692/12/567
f 227/13/568 230/3/568 696/3/568 693/13/568
f 230/3/569 223/2/569 689/2/569 696/3/569
f 231/6/570 227/13/570 693/13/570 697/6/570
usemtl Kelp.015
f 242/1/571 236/2/571 243/3/571 245/4/571
s 1
f 235/5/572 242/1/573 245/4/574 244/6/575
f 233/7/576 238/8/577 241/9/578 237/10/579
f 238/8/577 234/11/580 239/12/581 241/9/578
f 241/9/578 239/12/581 236/2/582 242/1/573
f 237/10/579 241/9/578 242/1/573 235/5/572
f 244/6/575 245/4/574 240/13/583
f 245/4/574 243/3/584 240/13/583
f 708/1/585 711/4/586 709/3/587 702/2/588
f 701/5/589 710/6/590 711/4/586 708/1/585
f 699/7/591 703/10/592 707/9/593 704/8/594
f 704/8/594 707/9/593 705/12/595 700/11/596
f 707/9/593 708/1/585 702/2/588 705/12/595
f 703/10/592 701/5/589 708/1/585 707/9/593
s 0
f 710/6/597 706/13/597 711/4/597
f 711/4/598 706/13/598 709/3/598
s 1
f 233/7/576 237/10/579 703/10/592 699/7/591
f 234/11/580 238/8/577 704/8/594 700/11/596
f 236/2/582 239/12/581 705/12/595 702/2/588
f 235/5/572 244/6/575 710/6/590 701/5/589
f 237/10/579 235/5/572 701/5/589 703/10/592
s 0
f 238/8/599 233/7/599 699/7/599 704/8/599
s 1
f 239/12/581 234/11/580 700/11/596 705/12/595
f 240/13/583 243/3/584 709/3/587 706/13/600
f 243/3/584 236/2/582 702/2/588 709/3/587
f 244/6/575 240/13/583 706/13/600 710/6/590
usemtl Kelp.016
f 255/1/601 249/2/602 256/3/603 258/4/604
f 248/5/605 255/1/601 258/4/604 257/6/606
f 246/7/607 251/8/608 254/9/609 250/10/610
s 0
f 251/8/611 247/11/611 252/12/611 254/9/611
f 254/9/612 252/12/612 249/2/612 255/1/612
f 250/10/613 254/9/613 255/1/613 248/5/613
s 1
f 257/6/606 258/4/604 253/13/614
f 258/4/604 256/3/603 253/13/614
f 721/1/615 724/4/616 722/3/617 715/2/618
f 714/5/619 723/6/620 724/4/616 721/1/615
f 712/7/621 716/10/622 720/9/623 717/8/624
f 717/8/624 720/9/623 718/12/625 713/11/626
f 720/9/623 721/1/615 715/2/618 718/12/625
f 716/10/622 714/5/619 721/1/615 720/9/623
f 723/6/620 719/13/627 724/4/616
f 724/4/616 719/13/627 722/3/617
f 246/7/607 250/10/610 716/10/622 712/7/621
f 247/11/628 251/8/608 717/8/624 713/11/626
f 249/2/602 252/12/629 718/12/625 715/2/618
f 248/5/605 257/6/606 723/6/620 714/5/619
f 250/10/610 248/5/605 714/5/619 716/10/622
f 251/8/608 246/7/607 712/7/621 717/8/624
f 252/12/629 247/11/628 713/11/626 718/12/625
s 0
f 253/13/630 256/3/630 722/3/630 719/13/630
s 1
f 256/3/603 249/2/602 715/2/618 722/3/617
f 257/6/606 253/13/614 719/13/627 723/6/620
usemtl Kelp.017
f 268/1/631 262/2/632 269/3/633 271/4/634
f 261/5/635 268/1/631 271/4/634 270/6/636
s 0
f 259/7/637 264/8/637 267/9/637 263/10/637
s 1
f 264/8/638 260/11/639 265/12/640 267/9/641
f 267/9/641 265/12/640 262/2/632 268/1/631
s 0
f 263/10/642 267/9/642 268/1/642 261/5/642
s 1
f 270/6/636 271/4/634 266/13/643
f 271/4/634 269/3/633 266/13/643
f 734/1/644 737/4/645 735/3/646 728/2/647
f 727/5/648 736/6/649 737/4/645 734/1/644
f 725/7/650 729/10/651 733/9/652 730/8/653
f 730/8/653 733/9/652 731/12/654 726/11/655
f 733/9/652 734/1/644 728/2/647 731/12/654
f 729/10/651 727/5/648 734/1/644 733/9/652
s 0
f 736/6/656 732/13/656 737/4/656
s 1
f 737/4/645 732/13/657 735/3/646
f 259/7/658 263/10/659 729/10/651 725/7/650
f 260/11/639 264/8/638 730/8/653 726/11/655
f 262/2/632 265/12/640 731/12/654 728/2/647
f 261/5/635 270/6/636 736/6/649 727/5/648
f 263/10/659 261/5/635 727/5/648 729/10/651
s 0
f 264/8/660 259/7/660 725/7/660 730/8/660
s 1
f 265/12/640 260/11/639 726/11/655 731/12/654
f 266/13/643 269/3/633 735/3/646 732/13/657
f 269/3/633 262/2/632 728/2/647 735/3/646
f 270/6/636 266/13/643 732/13/657 736/6/649
usemtl Kelp.018
f 281/1/661 275/2/662 282/3/663 284/4/664
f 274/5/665 281/1/661 284/4/664 283/6/666
f 272/7/667 277/8/668 280/9/669 276/10/670
f 277/8/668 273/11/671 278/12/672 280/9/669
f 280/9/669 278/12/672 275/2/662 281/1/661
f 276/10/670 280/9/669 281/1/661 274/5/665
s 0
f 283/6/673 284/4/673 279/13/673
f 284/4/674 282/3/674 279/13/674
s 1
f 747/1/675 750/4/676 748/3/677 741/2/678
f 740/5/679 749/6/680 750/4/676 747/1/675
f 738/7/681 742/10/682 746/9/683 743/8/684
f 743/8/684 746/9/683 744/12/685 739/11/686
f 746/9/683 747/1/675 741/2/678 744/12/685
f 742/10/682 740/5/679 747/1/675 746/9/683
f 749/6/680 745/13/687 750/4/676
f 750/4/676 745/13/687 748/3/677
f 272/7/667 276/10/670 742/10/682 738/7/681
s 0
f 273/11/688 277/8/689 743/8/690 739/11/688
s 1
f 275/2/662 278/12/672 744/12/685 741/2/678
f 274/5/665 283/6/666 749/6/680 740/5/679
f 276/10/670 274/5/665 740/5/679 742/10/682
s 0
f 277/8/691 272/7/692 738/7/693 743/8/691
s 1
f 278/12/672 273/11/671 739/11/686 744/12/685
f 279/13/694 282/3/663 748/3/677 745/13/687
f 282/3/663 275/2/662 741/2/678 748/3/677
f 283/6/666 279/13/694 745/13/687 749/6/680
usemtl Kelp.019
f 294/1/695 288/2/696 295/3/697 297/4/698
f 287/5/699 294/1/695 297/4/698 296/6/700
f 285/7/701 290/8/702 293/9/703 289/10/704
f 290/8/702 286/11/705 291/12/706 293/9/703
f 293/9/703 291/12/706 288/2/696 294/1/695
f 289/10/704 293/9/703 294/1/695 287/5/699
s 0
f 296/6/707 297/4/707 292/13/707
f 297/4/708 295/3/708 292/13/708
s 1
f 760/1/709 763/4/710 761/3/711 754/2/712
f 753/5/713 762/6/714 763/4/710 760/1/709
f 751/7/715 755/10/716 759/9/717 756/8/718
f 756/8/718 759/9/717 757/12/719 752/11/720
f 759/9/717 760/1/709 754/2/712 757/12/719
f 755/10/716 753/5/713 760/1/709 759/9/717
f 762/6/714 758/13/721 763/4/710
f 763/4/710 758/13/721 761/3/711
f 285/7/701 289/10/704 755/10/716 751/7/715
s 0
f 286/11/722 290/8/723 756/8/723 752/11/724
s 1
f 288/2/696 291/12/706 757/12/719 754/2/712
f 287/5/699 296/6/700 762/6/714 753/5/713
f 289/10/704 287/5/699 753/5/713 755/10/716
f 290/8/702 285/7/701 751/7/715 756/8/718
f 291/12/706 286/11/705 752/11/720 757/12/719
f 292/13/725 295/3/697 761/3/711 758/13/721
f 295/3/697 288/2/696 754/2/712 761/3/711
f 296/6/700 292/13/725 758/13/721 762/6/714
usemtl Kelp.020
f 307/1/726 301/2/727 308/3/728 310/4/729
f 300/5/730 307/1/726 310/4/729 309/6/731
f 298/7/732 303/8/733 306/9/734 302/10/735
f 303/8/733 299/11/736 304/12/737 306/9/734
f 306/9/734 304/12/737 301/2/727 307/1/726
f 302/10/735 306/9/734 307/1/726 300/5/730
f 309/6/731 310/4/729 305/13/738
f 310/4/729 308/3/728 305/13/738
f 773/1/739 776/4/740 774/3/741 767/2/742
f 766/5/743 775/6/744 776/4/740 773/1/739
f 764/7/745 768/10/746 772/9/747 769/8/748
f 769/8/748 772/9/747 770/12/749 765/11/750
f 772/9/747 773/1/739 767/2/742 770/12/749
f 768/10/746 766/5/743 773/1/739 772/9/747
s 0
f 775/6/751 771/13/751 776/4/751
s 1
f 776/4/740 771/13/752 774/3/741
f 298/7/732 302/10/735 768/10/746 764/7/745
s 0
f 299/11/753 303/8/753 769/8/753 765/11/753
s 1
f 301/2/727 304/12/737 770/12/749 767/2/742
f 300/5/730 309/6/731 775/6/744 766/5/743
f 302/10/735 300/5/730 766/5/743 768/10/746
f 303/8/733 298/7/732 764/7/745 769/8/748
f 304/12/737 299/11/736 765/11/750 770/12/749
f 305/13/738 308/3/728 774/3/741 771/13/752
f 308/3/728 301/2/727 767/2/742 774/3/741
s 0
f 309/6/754 305/13/754 771/13/754 775/6/754
s 1
usemtl Kelp.021
f 320/1/755 314/2/756 321/3/757 323/4/758
s 0
f 313/5/759 320/1/759 323/4/759 322/6/759
s 1
f 311/7/760 316/8/761 319/9/762 315/10/763
f 316/8/761 312/11/764 317/12/765 319/9/762
f 319/9/762 317/12/765 314/2/756 320/1/755
f 315/10/763 319/9/762 320/1/755 313/5/766
s 0
f 322/6/767 323/4/767 318/13/767
f 323/4/768 321/3/768 318/13/768
s 1
f 786/1/769 789/4/770 787/3/771 780/2/772
f 779/5/773 788/6/774 789/4/770 786/1/769
f 777/7/775 781/10/776 785/9/777 782/8/778
f 782/8/778 785/9/777 783/12/779 778/11/780
f 785/9/777 786/1/769 780/2/772 783/12/779
f 781/10/776 779/5/773 786/1/769 785/9/777
f 788/6/774 784/13/781 789/4/770
f 789/4/770 784/13/781 787/3/771
f 311/7/760 315/10/763 781/10/776 777/7/775
f 312/11/764 316/8/761 782/8/778 778/11/780
f 314/2/756 317/12/765 783/12/779 780/2/772
f 313/5/766 322/6/782 788/6/774 779/5/773
f 315/10/763 313/5/766 779/5/773 781/10/776
f 316/8/761 311/7/760 777/7/775 782/8/778
f 317/12/765 312/11/764 778/11/780 783/12/779
f 318/13/783 321/3/757 787/3/771 784/13/781
f 321/3/757 314/2/756 780/2/772 787/3/771
f 322/6/782 318/13/783 784/13/781 788/6/774
usemtl Kelp.022
f 333/1/784 327/2/785 334/3/786 336/4/787
s 0
f 326/5/788 333/1/788 336/4/788 335/6/788
s 1
f 324/7/789 329/8/790 332/9/791 328/10/792
f 329/8/790 325/11/793 330/12/794 332/9/791
f 332/9/791 330/12/794 327/2/785 333/1/784
f 328/10/792 332/9/791 333/1/784 326/5/795
f 335/6/796 336/4/787 331/13/797
f 336/4/787 334/3/786 331/13/797
f 799/1/798 802/4/799 800/3/800 793/2/801
f 792/5/802 801/6/803 802/4/799 799/1/798
f 790/7/804 794/10/805 798/9/806 795/8/807
f 795/8/807 798/9/806 796/12/808 791/11/809
f 798/9/806 799/1/798 793/2/801 796/12/808
f 794/10/805 792/5/802 799/1/798 798/9/806
f 801/6/803 797/13/810 802/4/799
f 802/4/799 797/13/810 800/3/800
f 324/7/789 328/10/792 794/10/805 790/7/804
f 325/11/793 329/8/790 795/8/807 791/11/809
f 327/2/785 330/12/794 796/12/808 793/2/801
s 0
f 326/5/811 335/6/811 801/6/811 792/5/811
s 1
f 328/10/792 326/5/795 792/5/802 794/10/805
f 329/8/790 324/7/789 790/7/804 795/8/807
f 330/12/794 325/11/793 791/11/809 796/12/808
f 331/13/797 334/3/786 800/3/800 797/13/810
f 334/3/786 327/2/785 793/2/801 800/3/800
s 0
f 335/6/812 331/13/812 797/13/812 801/6/812
usemtl Kelp.023
f 346/1/813 340/2/813 347/3/813 349/4/813
f 339/5/814 346/1/814 349/4/814 348/6/814
s 1
f 337/7/815 342/8/816 345/9/817 341/10/818
f 342/8/816 338/11/819 343/12/819 345/9/817
s 0
f 345/9/820 343/12/820 340/2/820 346/1/820
s 1
f 341/10/818 345/9/817 346/1/821 339/5/822
s 0
f 348/6/823 349/4/823 344/13/823
f 349/4/824 347/3/824 344/13/824
f 359/1/825 362/4/825 360/3/825 353/2/825
s 1
f 352/5/826 361/6/827 362/4/828 359/1/828
s 0
f 350/7/829 354/10/829 358/9/829 355/8/829
f 355/8/830 358/9/830 356/12/830 351/11/830
f 358/9/831 359/1/831 353/2/831 356/12/831
f 354/10/832 352/5/832 359/1/832 358/9/832
f 361/6/833 357/13/833 362/4/833
s 1
f 362/4/834 357/13/834 360/3/834
f 337/7/815 341/10/818 354/10/835 350/7/836
s 0
f 338/11/837 342/8/837 355/8/837 351/11/837
s 1
f 340/2/838 343/12/838 356/12/838 353/2/838
f 339/5/822 348/6/839 361/6/827 352/5/826
f 341/10/818 339/5/822 352/5/826 354/10/835
s 0
f 342/8/840 337/7/840 350/7/840 355/8/840
f 343/12/841 338/11/841 351/11/841 356/12/841
f 344/13/842 347/3/842 360/3/842 357/13/842
f 347/3/843 340/2/843 353/2/843 360/3/843
s 1
f 348/6/839 344/13/844 357/13/844 361/6/827
s 0
f 812/1/845 815/4/845 813/3/845 806/2/845
f 805/5/846 814/6/847 815/4/846 812/1/846
s 1
f 803/7/848 807/10/849 811/9/850 808/8/851
f 808/8/851 811/9/850 809/12/852 804/11/853
s 0
f 811/9/854 812/1/854 806/2/854 809/12/855
s 1
f 807/10/849 805/5/856 812/1/857 811/9/850
s 0
f 814/6/858 810/13/859 815/4/860
f 815/4/861 810/13/861 813/3/861
f 825/1/862 819/2/862 826/3/862 828/4/862
s 1
f 818/5/863 825/1/864 828/4/865 827/6/866
f 816/7/867 821/8/868 824/9/869 820/10/870
f 821/8/868 817/11/871 822/12/872 824/9/869
f 824/9/869 822/12/872 819/2/873 825/1/864
f 820/10/870 824/9/869 825/1/864 818/5/863
s 0
f 827/6/874 828/4/874 823/13/875
f 828/4/876 826/3/876 823/13/876
s 1
f 803/7/848 816/7/867 820/10/870 807/10/849
s 0
f 804/11/877 817/11/878 821/8/877 808/8/879
f 806/2/880 819/2/880 822/12/881 809/12/881
s 1
f 805/5/856 818/5/863 827/6/866 814/6/882
f 807/10/849 820/10/870 818/5/863 805/5/856
s 0
f 808/8/883 821/8/884 816/7/885 803/7/886
s 1
f 809/12/852 822/12/872 817/11/871 804/11/853
f 810/13/887 823/13/888 826/3/889 813/3/889
s 0
f 813/3/890 826/3/890 819/2/890 806/2/890
s 1
f 814/6/882 827/6/866 823/13/888 810/13/887
usemtl Kelp.024
f 372/1/891 366/2/892 373/3/893 375/4/894
f 365/5/895 372/1/891 375/4/894 374/6/896
f 363/7/897 368/8/898 371/9/899 367/10/900
s 0
f 368/8/901 364/11/901 369/12/901 371/9/901
s 1
f 371/9/899 369/12/902 366/2/892 372/1/891
f 367/10/900 371/9/899 372/1/891 365/5/895
f 374/6/896 375/4/894 370/13/903
s 0
f 375/4/904 373/3/904 370/13/904
f 385/1/905 388/4/905 386/3/905 379/2/905
f 378/5/906 387/6/906 388/4/906 385/1/906
f 376/7/907 380/10/907 384/9/907 381/8/907
s 1
f 381/8/908 384/9/909 382/12/910 377/11/911
f 384/9/909 385/1/912 379/2/913 382/12/910
s 0
f 380/10/914 378/5/914 385/1/914 384/9/914
s 1
f 387/6/915 383/13/916 388/4/917
s 0
f 388/4/918 383/13/918 386/3/918
s 1
f 363/7/897 367/10/900 380/10/919 376/7/920
s 0
f 364/11/921 368/8/921 381/8/921 377/11/921
s 1
f 366/2/892 369/12/902 382/12/910 379/2/913
f 365/5/895 374/6/896 387/6/915 378/5/922
f 367/10/900 365/5/895 378/5/922 380/10/919
s 0
f 368/8/921 363/7/921 376/7/921 381/8/921
s 1
f 369/12/902 364/11/923 377/11/911 382/12/910
f 370/13/903 373/3/893 386/3/924 383/13/916
f 373/3/893 366/2/892 379/2/913 386/3/924
f 374/6/896 370/13/903 383/13/916 387/6/915
f 838/1/925 841/4/926 839/3/927 832/2/928
f 831/5/929 840/6/930 841/4/926 838/1/925
f 829/7/931 833/10/932 837/9/933 834/8/934
f 834/8/934 837/9/933 835/12/935 830/11/936
f 837/9/933 838/1/925 832/2/928 835/12/935
f 833/10/932 831/5/929 838/1/925 837/9/933
s 0
f 840/6/937 836/13/938 841/4/937
f 841/4/939 836/13/940 839/3/940
s 1
f 851/1/941 845/2/942 852/3/943 854/4/944
f 844/5/945 851/1/941 854/4/944 853/6/946
f 842/7/947 847/8/948 850/9/949 846/10/950
f 847/8/948 843/11/951 848/12/952 850/9/949
f 850/9/949 848/12/952 845/2/942 851/1/941
f 846/10/950 850/9/949 851/1/941 844/5/945
s 0
f 853/6/953 854/4/953 849/13/954
f 854/4/955 852/3/956 849/13/955
f 829/7/957 842/7/957 846/10/958 833/10/959
f 830/11/960 843/11/960 847/8/960 834/8/960
s 1
f 832/2/928 845/2/942 848/12/952 835/12/935
f 831/5/929 844/5/945 853/6/946 840/6/930
f 833/10/932 846/10/950 844/5/945 831/5/929
s 0
f 834/8/961 847/8/961 842/7/961 829/7/961
s 1
f 835/12/935 848/12/952 843/11/951 830/11/936
s 0
f 836/13/962 849/13/963 852/3/964 839/3/964
s 1
f 839/3/927 852/3/943 845/2/942 832/2/928
f 840/6/930 853/6/946 849/13/965 836/13/966
s 0
usemtl Kelp.025
f 398/1/967 392/2/967 399/3/967 401/4/967
s 1
f 391/5/968 398/1/969 401/4/970 400/6/971
s 0
f 389/7/972 394/8/972 397/9/972 393/10/972
s 1
f 394/8/973 390/11/973 395/12/974 397/9/975
f 397/9/975 395/12/974 392/2/976 398/1/969
f 393/10/977 397/9/975 398/1/969 391/5/968
f 400/6/971 401/4/970 396/13/978
s 0
f 401/4/979 399/3/979 396/13/979
s 1
f 411/1/980 414/4/981 412/3/982 405/2/983
f 404/5/984 413/6/985 414/4/981 411/1/980
s 0
f 402/7/986 406/10/986 410/9/986 407/8/986
f 407/8/987 410/9/987 408/12/987 403/11/987
s 1
f 410/9/988 411/1/980 405/2/983 408/12/989
f 406/10/990 404/5/984 411/1/980 410/9/988
s 0
f 413/6/991 409/13/991 414/4/991
f 414/4/992 409/13/992 412/3/992
f 389/7/993 393/10/993 406/10/993 402/7/993
f 390/11/994 394/8/994 407/8/994 403/11/994
s 1
f 392/2/976 395/12/974 408/12/989 405/2/983
s 0
f 391/5/995 400/6/995 413/6/995 404/5/995
s 1
f 393/10/977 391/5/968 404/5/984 406/10/990
s 0
f 394/8/994 389/7/994 402/7/994 407/8/994
f 395/12/996 390/11/996 403/11/996 408/12/996
f 396/13/997 399/3/997 412/3/997 409/13/997
s 1
f 399/3/998 392/2/976 405/2/983 412/3/982
f 400/6/971 396/13/978 409/13/999 413/6/999
f 864/1/1000 867/4/1001 865/3/1002 858/2/1003
f 857/5/1004 866/6/1005 867/4/1001 864/1/1000
s 0
f 855/7/1006 859/10/1006 863/9/1006 860/8/1006
s 1
f 860/8/1007 863/9/1008 861/12/1009 856/11/1010
f 863/9/1008 864/1/1000 858/2/1003 861/12/1009
f 859/10/1011 857/5/1004 864/1/1000 863/9/1008
s 0
f 866/6/1012 862/13/1012 867/4/1012
s 1
f 867/4/1001 862/13/1013 865/3/1002
f 877/1/1014 871/2/1015 878/3/1016 880/4/1017
s 0
f 870/5/1018 877/1/1018 880/4/1018 879/6/1018
f 868/7/1019 873/8/1019 876/9/1019 872/10/1019
f 873/8/1020 869/11/1020 874/12/1020 876/9/1020
s 1
f 876/9/1021 874/12/1022 871/2/1015 877/1/1014
f 872/10/1023 876/9/1021 877/1/1014 870/5/1024
f 879/6/1025 880/4/1017 875/13/1026
f 880/4/1017 878/3/1016 875/13/1026
s 0
f 855/7/1027 868/7/1027 872/10/1027 859/10/1027
f 856/11/1028 869/11/1028 873/8/1028 860/8/1028
f 858/2/1029 871/2/1029 874/12/1029 861/12/1029
s 1
f 857/5/1004 870/5/1024 879/6/1025 866/6/1005
f 859/10/1011 872/10/1023 870/5/1024 857/5/1004
s 0
f 860/8/1030 873/8/1030 868/7/1030 855/7/1030
s 1
f 861/12/1009 874/12/1031 869/11/1031 856/11/1010
f 862/13/1013 875/13/1026 878/3/1016 865/3/1002
f 865/3/1002 878/3/1016 871/2/1015 858/2/1003
f 866/6/1005 879/6/1025 875/13/1026 862/13/1013
usemtl Kelp.026
f 424/1/1032 418/2/1033 425/3/1034 427/4/1035
f 417/5/1036 424/1/1032 427/4/1035 426/6/1037
s 0
f 415/7/1038 420/8/1038 423/9/1038 419/10/1038
s 1
f 420/8/1039 416/11/1040 421/12/1041 423/9/1042
f 423/9/1042 421/12/1041 418/2/1033 424/1/1032
f 419/10/1043 423/9/1042 424/1/1032 417/5/1036
s 0
f 426/6/1044 427/4/1044 422/13/1044
f 427/4/1045 425/3/1045 422/13/1045
s 1
f 437/1/1046 440/4/1047 438/3/1048 431/2/1049
f 430/5/1050 439/6/1051 440/4/1047 437/1/1046
f 428/7/1052 432/10/1053 436/9/1054 433/8/1055
f 433/8/1055 436/9/1054 434/12/1056 429/11/1057
f 436/9/1054 437/1/1046 431/2/1049 434/12/1056
f 432/10/1053 430/5/1050 437/1/1046 436/9/1054
s 0
f 439/6/1058 435/13/1058 440/4/1058
s 1
f 440/4/1047 435/13/1059 438/3/1048
s 0
f 415/7/1060 419/10/1060 432/10/1060 428/7/1060
f 416/11/1061 420/8/1061 433/8/1061 429/11/1061
s 1
f 418/2/1033 421/12/1041 434/12/1056 431/2/1049
s 0
f 417/5/1062 426/6/1062 439/6/1062 430/5/1062
f 419/10/1063 417/5/1063 430/5/1063 432/10/1063
f 420/8/1064 415/7/1064 428/7/1064 433/8/1064
s 1
f 421/12/1041 416/11/1040 429/11/1057 434/12/1056
f 422/13/1065 425/3/1034 438/3/1048 435/13/1059
f 425/3/1034 418/2/1033 431/2/1049 438/3/1048
s 0
f 426/6/1066 422/13/1066 435/13/1066 439/6/1066
s 1
f 890/1/1067 893/4/1068 891/3/1069 884/2/1070
f 883/5/1071 892/6/1072 893/4/1068 890/1/1067
s 0
f 881/7/1073 885/10/1074 889/9/1075 886/8/1075
f 886/8/1076 889/9/1076 887/12/1076 882/11/1076
s 1
f 889/9/1077 890/1/1067 884/2/1070 887/12/1078
f 885/10/1079 883/5/1071 890/1/1067 889/9/1077
s 0
f 892/6/1080 888/13/1081 893/4/1082
f 893/4/1083 888/13/1084 891/3/1085
s 1
f 903/1/1086 897/2/1087 904/3/1088 906/4/1089
f 896/5/1090 903/1/1086 906/4/1089 905/6/1091
f 894/7/1092 899/8/1093 902/9/1094 898/10/1095
s 0
f 899/8/1096 895/11/1096 900/12/1096 902/9/1096
f 902/9/1097 900/12/1097 897/2/1097 903/1/1097
s 1
f 898/10/1095 902/9/1094 903/1/1086 896/5/1090
f 905/6/1091 906/4/1089 901/13/1098
f 906/4/1089 904/3/1088 901/13/1098
f 881/7/1099 894/7/1092 898/10/1095 885/10/1079
s 0
f 882/11/1100 895/11/1100 899/8/1100 886/8/1100
s 1
f 884/2/1070 897/2/1087 900/12/1101 887/12/1078
f 883/5/1071 896/5/1090 905/6/1091 892/6/1072
f 885/10/1079 898/10/1095 896/5/1090 883/5/1071
s 0
f 886/8/1102 899/8/1102 894/7/1102 881/7/1102
s 1
f 887/12/1078 900/12/1101 895/11/1103 882/11/1103
f 888/13/1104 901/13/1098 904/3/1088 891/3/1069
f 891/3/1069 904/3/1088 897/2/1087 884/2/1070
f 892/6/1072 905/6/1091 901/13/1098 888/13/1104
usemtl Kelp.027
f 450/1/1105 444/2/1106 451/3/1107 453/4/1108
s 0
f 443/5/1109 450/1/1109 453/4/1109 452/6/1109
s 1
f 441/7/1110 446/8/1111 449/9/1112 445/10/1113
f 446/8/1111 442/11/1114 447/12/1115 449/9/1112
f 449/9/1112 447/12/1115 444/2/1106 450/1/1105
f 445/10/1113 449/9/1112 450/1/1105 443/5/1116
s 0
f 452/6/1117 453/4/1117 448/13/1117
f 453/4/1118 451/3/1118 448/13/1118
s 1
f 463/1/1119 466/4/1120 464/3/1121 457/2/1122
s 0
f 456/5/1123 465/6/1123 466/4/1123 463/1/1123
s 1
f 454/7/1124 458/10/1125 462/9/1126 459/8/1127
f 459/8/1127 462/9/1126 460/12/1128 455/11/1129
f 462/9/1126 463/1/1119 457/2/1122 460/12/1128
s 0
f 458/10/1130 456/5/1130 463/1/1130 462/9/1130
f 465/6/1131 461/13/1131 466/4/1131
f 466/4/1132 461/13/1132 464/3/1132
s 1
f 441/7/1110 445/10/1113 458/10/1125 454/7/1124
s 0
f 442/11/1133 446/8/1133 459/8/1133 455/11/1133
s 1
f 444/2/1106 447/12/1115 460/12/1128 457/2/1122
s 0
f 443/5/1134 452/6/1134 465/6/1134 456/5/1134
s 1
f 445/10/1113 443/5/1116 456/5/1135 458/10/1125
s 0
f 446/8/1136 441/7/1136 454/7/1136 459/8/1136
s 1
f 447/12/1115 442/11/1114 455/11/1129 460/12/1128
s 0
f 448/13/1137 451/3/1137 464/3/1137 461/13/1137
s 1
f 451/3/1107 444/2/1106 457/2/1122 464/3/1121
s 0
f 452/6/1138 448/13/1138 461/13/1138 465/6/1138
s 1
f 916/1/1139 919/4/1140 917/3/1141 910/2/1142
f 909/5/1143 918/6/1144 919/4/1140 916/1/1139
f 907/7/1145 911/10/1146 915/9/1147 912/8/1148
f 912/8/1148 915/9/1147 913/12/1149 908/11/1150
f 915/9/1147 916/1/1139 910/2/1142 913/12/1149
f 911/10/1146 909/5/1143 916/1/1139 915/9/1147
s 0
f 918/6/1151 914/13/1152 919/4/1153
s 1
f 919/4/1140 914/13/1154 917/3/1141
f 929/1/1155 923/2/1156 930/3/1157 932/4/1158
f 922/5/1159 929/1/1155 932/4/1158 931/6/1160
f 920/7/1161 925/8/1162 928/9/1163 924/10/1164
f 925/8/1162 921/11/1165 926/12/1166 928/9/1163
f 928/9/1163 926/12/1166 923/2/1156 929/1/1155
f 924/10/1164 928/9/1163 929/1/1155 922/5/1159
f 931/6/1160 932/4/1158 927/13/1167
f 932/4/1158 930/3/1157 927/13/1167
f 907/7/1145 920/7/1161 924/10/1164 911/10/1146
s 0
f 908/11/1168 921/11/1169 925/8/1170 912/8/1171
s 1
f 910/2/1142 923/2/1156 926/12/1166 913/12/1149
s 0
f 909/5/1172 922/5/1173 931/6/1173 918/6/1174
s 1
f 911/10/1146 924/10/1164 922/5/1159 909/5/1143
s 0
f 912/8/1175 925/8/1176 920/7/1177 907/7/1178
s 1
f 913/12/1149 926/12/1166 921/11/1165 908/11/1150
f 914/13/1154 927/13/1167 930/3/1157 917/3/1141
f 917/3/1141 930/3/1157 923/2/1156 910/2/1142
f 918/6/1179 931/6/1160 927/13/1167 914/13/1154
