# Blender 4.0.2
# www.blender.org
mtllib pillar.mtl
o Cube
v 1.018939 4.499701 -0.554018
v 1.350673 -9.384481 -1.008063
v 0.940401 0.831541 0.149566
v 0.996893 -8.067317 0.229368
v -0.390638 2.608577 -0.537658
v -0.843281 -10.077754 -0.710400
v -0.491661 1.541161 0.371929
v -0.385059 -8.985433 0.753273
v -0.755546 -9.371783 0.210418
v 0.483674 -10.635681 -0.556738
v 1.295180 -2.861377 -1.666544
v -0.134277 -1.728563 0.119488
v 1.474115 -1.714588 0.160768
v -0.392748 -2.484880 -1.949077
v 0.257916 1.272199 0.423181
v 0.918777 2.908020 0.270428
v 0.342459 -7.844418 0.403469
v -0.543558 1.884020 -0.087186
v 0.158867 5.199060 -0.674939
v 1.108923 -9.521204 0.101054
v 0.485456 -3.857295 -2.091244
v 1.750000 -2.421017 -0.911033
v 0.018003 -10.110397 0.755123
v -0.564227 -1.967078 -0.763851
v 0.659298 -1.404761 0.345076
v 0.000101 4.414905 0.410408
v -0.570087 -9.405870 0.575253
v -0.394017 -10.614805 -0.651237
v 1.465030 -7.461643 -1.471075
v -0.427383 0.530503 0.339088
v 1.387041 -5.589781 -0.462517
v -0.621493 -8.071187 -1.574803
v -0.218415 1.614319 0.459543
v 1.044350 1.310595 0.147327
v 0.674772 -8.133519 0.369147
v -0.492567 2.403405 -0.313568
v 0.673973 5.257945 -0.681230
v 1.256603 -9.546490 -0.467313
v -0.917943 -9.690867 -0.142267
v 1.084539 -10.023643 -0.852871
v 1.011073 2.172127 -0.972026
v -0.222197 -6.486466 0.254667
v 1.098669 0.560050 0.256903
v -0.045478 1.079847 -1.120967
v 0.674438 0.893767 0.250301
v 1.067181 4.213483 -0.046122
v -0.067421 -8.339781 0.625525
v -0.538084 1.645993 0.167107
v -0.295584 4.101104 -0.455120
v 1.024449 -8.985158 0.336331
v 0.935435 -3.792367 -1.876894
v 0.017908 -2.951573 -2.134232
v 0.628200 -9.369203 -1.946785
v 0.366013 1.909159 -1.172680
v 1.703285 -2.145898 -0.340668
v 1.591167 -2.440564 -1.344152
v 1.745641 -6.612534 -0.785375
v 1.575288 0.823821 -0.268530
v 0.142706 -9.585096 0.799532
v 0.051838 -10.540651 0.443119
v -0.483102 -9.948248 0.619494
v 0.539229 -10.171703 0.561352
v -0.633926 -2.104157 -1.493980
v -0.379744 -2.215212 -0.199536
v -0.814928 -6.618566 -0.461944
v -0.490013 0.479007 -0.417706
v 0.190466 -1.333105 0.277673
v 1.127561 -1.650902 0.335597
v 0.653556 -4.253326 -0.076420
v 0.369836 0.180521 0.395503
v 0.070454 2.570847 0.511719
v 0.089728 5.758373 -0.099019
v 0.451540 4.130298 0.421105
v -0.386837 3.555666 0.335256
v -0.275917 2.344428 0.427184
v -0.104245 0.435851 0.432018
v -0.296171 0.731348 -0.858268
v 0.538722 -9.625590 0.720025
v 1.338869 0.609502 0.030132
v 0.657684 1.948875 -1.163500
v 1.166616 -8.712230 -1.577893
v -0.200301 -8.732365 -2.027033
v 0.175209 1.580541 -1.159325
v 1.609831 -6.204364 -0.525436
v 1.686519 -6.817193 -1.188659
v 1.476015 1.774350 -0.607213
v -0.281267 -9.656363 0.775735
v -0.592505 -10.361597 0.332069
v 0.758455 -10.346015 0.010391
v -0.914947 -6.897757 -1.147789
v -0.608527 -8.060160 0.274189
v -0.528247 0.456234 0.047391
v 0.290784 -4.399041 0.059042
v 1.043102 -4.983899 -0.364236
v 0.792731 0.315744 0.399761
v 0.547983 2.095683 0.385337
v 0.714095 5.720247 -0.015273
v -0.370977 4.446846 -0.057417
v -0.713029 -9.381152 0.294627
v -0.668778 -9.404316 0.386031
v -0.622084 -9.420754 0.481863
v -0.517757 -9.354304 0.655641
v -0.467577 -9.260398 0.714655
v -0.422058 -9.134650 0.750051
v 0.264090 -10.702468 -0.544020
v 0.036302 -10.723275 -0.565090
v -0.188123 -10.698284 -0.604283
v -0.567608 -10.498024 -0.689176
v -0.701344 -10.347857 -0.711852
v -0.794681 -10.202442 -0.713946
v 1.341259 -4.249851 -1.678029
v 1.364535 -5.503767 -1.632884
v 1.423681 -6.579553 -1.546866
v 1.457365 -8.197590 -1.362803
v 1.423699 -8.778483 -1.236981
v 1.383484 -9.173946 -1.108902
v -0.199087 -1.088777 0.177325
v -0.275584 -0.491718 0.236749
v -0.354616 0.056561 0.293142
v -0.481406 0.915460 0.367245
v -0.507957 1.208331 0.379128
v -0.507261 1.416424 0.379069
v 1.434753 -2.764699 -0.175190
v 1.454499 -3.732907 -0.406462
v 1.458360 -4.689894 -0.520028
v 1.272251 -6.386060 -0.258741
v 1.167101 -7.108067 -0.045589
v 1.069115 -7.692091 0.122955
v -0.344454 -4.035791 -2.030793
v -0.357438 -5.474313 -1.862708
v -0.460156 -6.850150 -1.700331
v -0.760925 -9.005332 -1.363619
v -0.824918 -9.611188 -1.099969
v -0.835590 -9.925601 -0.865894
v 0.133581 1.388422 0.442324
v 0.007139 1.490661 0.451120
v -0.114453 1.568585 0.460402
v -0.305063 1.628376 0.444591
v -0.380043 1.616342 0.421278
v -0.445291 1.583632 0.395187
v 0.961029 2.449009 0.254606
v 1.023520 1.986849 0.224292
v 1.048026 1.599883 0.179848
v 1.010496 1.078334 0.110201
v 0.979413 0.943221 0.108185
v 0.956219 0.872378 0.129394
v 0.427847 -7.893156 0.390003
v 0.509660 -7.976070 0.384487
v 0.591331 -8.062587 0.378695
v 0.761771 -8.168979 0.347169
v 0.850075 -8.165125 0.312561
v 0.933625 -8.124567 0.268497
v -0.534779 1.999581 -0.146612
v -0.523459 2.132892 -0.203436
v -0.509476 2.272625 -0.258355
v -0.470827 2.509872 -0.372240
v -0.444230 2.579458 -0.433482
v -0.415451 2.609687 -0.492026
v 0.283763 5.324246 -0.698352
v 0.414397 5.369072 -0.704974
v 0.545081 5.345375 -0.698544
v 0.797638 5.107726 -0.654356
v 0.902458 4.908010 -0.618858
v 0.978501 4.684185 -0.581268
v 1.141026 -9.544806 -0.022915
v 1.177012 -9.558826 -0.160651
v 1.214560 -9.570357 -0.307308
v 1.299055 -9.509283 -0.631675
v 1.330066 -9.445443 -0.789497
v 1.347760 -9.414894 -0.920727
v -0.879435 -10.020416 -0.584893
v -0.914533 -9.930213 -0.431172
v -0.931984 -9.821299 -0.276049
v -0.884265 -9.563293 -0.033394
v -0.842341 -9.456215 0.053934
v -0.798294 -9.392211 0.132452
v 1.311895 -9.517419 -0.987499
v 1.248897 -9.671458 -0.951361
v 1.175845 -9.850338 -0.909881
v 0.973975 -10.199408 -0.783572
v 0.831937 -10.360388 -0.703996
v 0.671225 -10.510929 -0.622896
v 0.982466 4.154761 -0.613981
v 0.935662 3.631535 -0.705485
v 0.929937 2.977226 -0.819163
v 1.164014 1.216883 -1.222929
v 1.265864 -0.191052 -1.477379
v 1.256308 -1.631838 -1.549037
v -0.387405 -8.794655 0.712953
v -0.374985 -8.392503 0.617811
v -0.324158 -7.658098 0.458861
v -0.096818 -4.969669 0.069034
v -0.040796 -3.607906 0.020942
v -0.074008 -2.551161 0.053732
v 0.961638 0.788102 0.162741
v 0.994801 0.725880 0.188937
v 1.039524 0.651124 0.222433
v 1.182382 0.420028 0.301330
v 1.322007 0.104764 0.385073
v 1.418380 -0.720012 0.311041
v -0.319004 2.333228 -0.668573
v -0.197611 1.976025 -0.841594
v -0.083062 1.581609 -0.996713
v -0.141170 0.300879 -1.251564
v -0.300861 -0.600960 -1.429336
v -0.404690 -1.476620 -1.659513
v 0.897057 0.836453 0.165175
v 0.831783 0.841957 0.186914
v 0.755055 0.857025 0.214085
v 0.586679 0.962720 0.298596
v 0.487680 1.052809 0.347673
v 0.376528 1.156496 0.388582
v 1.064453 4.545767 -0.469254
v 1.094428 4.513152 -0.338976
v 1.096289 4.398947 -0.191751
v 1.018909 3.959215 0.076544
v 0.962529 3.655300 0.173302
v 0.926200 3.303159 0.236776
v -0.335353 -8.909465 0.752356
v -0.260906 -8.766345 0.732466
v -0.169854 -8.565642 0.687886
v 0.041123 -8.121650 0.553695
v 0.148677 -7.951809 0.486486
v 0.250068 -7.856795 0.433688
v -0.506142 1.573953 0.333385
v -0.518276 1.600623 0.282025
v -0.528416 1.622417 0.226566
v -0.546118 1.677478 0.104212
v -0.550598 1.724381 0.039597
v -0.549548 1.792210 -0.024711
v -0.401549 2.886327 -0.476420
v -0.388882 3.293532 -0.430783
v -0.351248 3.720879 -0.428221
v -0.202251 4.406392 -0.505827
v -0.084624 4.693162 -0.565763
v 0.033202 4.941594 -0.624436
v 0.998302 -8.270101 0.266279
v 1.002928 -8.518285 0.303328
v 1.011559 -8.764106 0.328512
v 1.043822 -9.165757 0.316146
v 1.064879 -9.316092 0.270295
v 1.086108 -9.437781 0.198473
v 0.586995 -3.999267 -2.042653
v 0.697435 -4.033868 -1.983401
v 0.815510 -3.955816 -1.930146
v 1.046528 -3.576004 -1.835272
v 1.142629 -3.329328 -1.793471
v 1.222722 -3.081237 -1.737145
v -0.303261 -2.577733 -2.019859
v -0.204005 -2.687444 -2.073948
v -0.097301 -2.808079 -2.111674
v 0.140717 -3.139331 -2.142702
v 0.268310 -3.381112 -2.136324
v 0.387686 -3.641762 -2.117709
v 0.512003 -5.627760 -1.989069
v 0.569545 -7.124344 -1.967730
v 0.596777 -8.347803 -1.993064
v 0.647565 -10.023924 -1.681466
v 0.641298 -10.389382 -1.280609
v 0.582135 -10.547263 -0.894937
v 0.137981 4.620395 -0.747108
v 0.108463 3.899525 -0.831623
v 0.156151 2.984256 -0.966965
v 0.438769 0.657981 -1.408514
v 0.336102 -0.895672 -1.630740
v 0.435526 -2.151536 -1.839156
v 1.757802 -2.384321 -0.775210
v 1.753258 -2.321864 -0.630032
v 1.736891 -2.240169 -0.481528
v 1.645620 -2.035884 -0.213097
v 1.588228 -1.924303 -0.080647
v 1.541839 -1.805905 0.060044
v 1.369482 -2.690917 -1.588720
v 1.446583 -2.565177 -1.509676
v 1.522099 -2.481913 -1.429406
v 1.649703 -2.431644 -1.250580
v 1.695781 -2.435890 -1.147548
v 1.728945 -2.436269 -1.034400
v 1.778405 -3.422120 -1.032559
v 1.805403 -4.535500 -1.067067
v 1.774166 -5.618599 -0.984284
v 1.680860 -7.581783 -0.538616
v 1.507578 -8.452055 -0.300013
v 1.291236 -9.099793 -0.085917
v 1.104168 2.451737 0.148988
v 1.302222 1.916782 -0.005447
v 1.454580 1.365164 -0.142732
v 1.681063 0.237771 -0.359047
v 1.771432 -0.501780 -0.444391
v 1.800517 -1.447581 -0.669505
v 0.039025 -10.012025 0.779156
v 0.067321 -9.904007 0.793616
v 0.102337 -9.770496 0.802406
v 0.184622 -9.323049 0.771903
v 0.227087 -8.960094 0.703143
v 0.275647 -8.478202 0.580099
v 0.359820 -10.673767 -0.257532
v 0.235170 -10.675112 0.018962
v 0.127108 -10.629004 0.257312
v 0.013251 -10.430634 0.571152
v 0.001128 -10.318233 0.657637
v 0.005026 -10.211962 0.714861
v -0.105655 -10.079113 0.754519
v -0.233451 -10.048103 0.733520
v -0.361901 -10.008517 0.687876
v -0.586823 -9.858000 0.531779
v -0.665469 -9.734287 0.429672
v -0.716268 -9.575142 0.319568
v 0.968734 -9.788229 0.252644
v 0.832613 -9.980021 0.377067
v 0.688449 -10.104324 0.477309
v 0.397700 -10.190257 0.632371
v 0.265438 -10.177776 0.691514
v 0.140418 -10.146517 0.732965
v -0.603653 -1.912117 -0.957586
v -0.642681 -1.940430 -1.146955
v -0.662020 -2.001770 -1.333430
v -0.586272 -2.215147 -1.630204
v -0.531166 -2.324043 -1.744792
v -0.477522 -2.385885 -1.856021
v -0.201780 -1.877623 0.053745
v -0.265281 -2.023556 -0.020746
v -0.324172 -2.144624 -0.105153
v -0.432373 -2.233331 -0.307036
v -0.481557 -2.182934 -0.436405
v -0.525431 -2.087752 -0.588937
v -0.544159 -2.913677 -0.893580
v -0.512836 -4.152948 -0.845394
v -0.582260 -5.351733 -0.679199
v -0.969090 -7.714125 -0.263585
v -0.937507 -8.545236 -0.057693
v -0.824726 -9.063073 0.093894
v -0.521674 1.576643 -0.222764
v -0.508058 1.281807 -0.313969
v -0.494669 0.930554 -0.376370
v -0.491604 -0.070951 -0.443698
v -0.490947 -0.684705 -0.494471
v -0.521782 -1.319533 -0.595674
v 0.528161 -1.338994 0.323672
v 0.404409 -1.306032 0.307789
v 0.292221 -1.301962 0.296330
v 0.098367 -1.397835 0.251630
v 0.014666 -1.490513 0.217015
v -0.062443 -1.595525 0.174671
v 1.398588 -1.644804 0.236285
v 1.315569 -1.644334 0.282931
v 1.225666 -1.655410 0.314801
v 1.020729 -1.618108 0.349271
v 0.905669 -1.562719 0.355496
v 0.784174 -1.488747 0.353072
v 0.674525 -2.018866 0.198664
v 0.688221 -2.697097 0.074118
v 0.687547 -3.424679 -0.008241
v 0.602845 -5.192654 -0.058132
v 0.518319 -6.147043 0.053637
v 0.427415 -7.053942 0.218584
v 0.279017 1.014466 0.419078
v 0.298958 0.750857 0.409354
v 0.325250 0.472301 0.396516
v 0.436232 -0.130628 0.408016
v 0.517877 -0.473071 0.422812
v 0.597974 -0.886769 0.410650
v -0.012452 4.006768 0.469330
v -0.002331 3.548907 0.516633
v 0.024744 3.057229 0.541244
v 0.129777 2.158782 0.455482
v 0.187228 1.820593 0.427257
v 0.229796 1.533738 0.423944
v 0.145929 5.563562 -0.567900
v 0.120679 5.777865 -0.434004
v 0.099904 5.841924 -0.273677
v 0.087421 5.566326 0.073480
v 0.071012 5.188788 0.220577
v 0.036623 4.786355 0.328023
v 0.125867 4.430805 0.421793
v 0.242861 4.401793 0.431679
v 0.351672 4.296939 0.429845
v 0.548773 3.895467 0.403589
v 0.650450 3.620161 0.382226
v 0.770809 3.291836 0.343137
v -0.538487 2.266609 0.068191
v -0.496970 2.715805 0.202952
v -0.446417 3.160061 0.289864
v -0.312746 3.874210 0.355639
v -0.224387 4.123569 0.372365
v -0.118195 4.305191 0.391597
v -0.360404 3.231321 0.388500
v -0.330821 2.907601 0.419445
v -0.301706 2.605712 0.429158
v -0.486797 1.840037 0.226399
v -0.419935 2.019771 0.292749
v -0.347731 2.191248 0.362424
v -0.225024 1.788518 0.448829
v -0.236908 1.950614 0.436877
v -0.254329 2.129652 0.428476
v -0.028965 2.583542 0.521507
v -0.119669 2.547726 0.511266
v -0.201482 2.466086 0.478768
v 0.250694 0.230680 0.417076
v 0.128111 0.296345 0.431396
v 0.008475 0.368612 0.435664
v -0.211768 1.408288 0.465834
v -0.197920 1.151128 0.467123
v -0.163076 0.825809 0.457907
v -0.367105 0.530519 0.378947
v -0.292013 0.516433 0.405349
v -0.204849 0.486061 0.422459
v 0.129409 -0.883388 0.316035
v 0.051658 -0.444089 0.348526
v -0.029762 0.000347 0.389133
v -0.450584 0.529649 -0.537126
v -0.403864 0.592185 -0.651822
v -0.351818 0.660436 -0.760068
v -0.421720 1.948800 -0.507077
v -0.339349 1.592111 -0.665997
v -0.284303 1.221389 -0.782116
v -0.111699 0.973819 -1.078489
v -0.176610 0.882730 -1.018556
v -0.237768 0.804009 -0.945035
v -0.581318 -1.269073 -1.259215
v -0.479029 -0.563813 -1.067278
v -0.370419 0.107994 -0.927689
v 0.519024 -10.076512 0.630106
v 0.514293 -9.959707 0.681169
v 0.521927 -9.813418 0.713283
v 0.891320 -9.265540 0.473067
v 0.769122 -9.452887 0.583501
v 0.651541 -9.564996 0.662378
v 0.623644 -8.661426 0.525882
v 0.590353 -9.059081 0.632513
v 0.562560 -9.378232 0.694964
v 0.241109 -9.595914 0.790543
v 0.337340 -9.617982 0.776904
v 0.435233 -9.633465 0.754414
v 1.536371 0.699483 -0.191006
v 1.478385 0.643894 -0.108515
v 1.409935 0.620214 -0.035037
v 1.111424 1.090576 0.061252
v 1.172624 0.909370 0.010861
v 1.248703 0.770066 0.007446
v 1.154358 0.582758 0.201698
v 1.213134 0.593035 0.147049
v 1.273645 0.600711 0.090160
v 1.653888 -1.065647 -0.049062
v 1.581073 -0.154915 0.079612
v 1.454648 0.365141 0.077086
v 0.431029 1.928442 -1.181121
v 0.503705 1.929183 -1.186360
v 0.579859 1.931116 -1.181408
v 0.610265 4.668219 -0.789785
v 0.528689 3.892095 -0.883482
v 0.523077 3.006671 -1.002427
v 0.908556 2.112305 -1.037046
v 0.817759 2.044350 -1.089790
v 0.736661 1.987059 -1.132136
v 0.854135 -2.223195 -1.739013
v 0.771902 -0.979566 -1.638491
v 0.760501 0.635808 -1.455969
v 0.819613 -9.351904 -1.823207
v 0.962085 -9.205399 -1.715374
v 1.071589 -8.980213 -1.631272
v 0.953574 -5.423834 -1.799524
v 1.054038 -6.823628 -1.700065
v 1.117873 -7.843942 -1.651521
v 1.394155 -7.757904 -1.497211
v 1.313489 -8.049835 -1.511998
v 1.241542 -8.383427 -1.538743
v 1.138644 -9.868164 -1.068564
v 1.174351 -9.645242 -1.272938
v 1.182155 -9.273822 -1.447517
v -0.530347 -8.238807 -1.679394
v -0.436682 -8.382144 -1.801741
v -0.328707 -8.538348 -1.920835
v 0.036521 -4.745776 -2.117410
v 0.016349 -6.311987 -2.013675
v -0.080564 -7.631142 -2.029112
v 0.405976 -9.208843 -2.003801
v 0.186894 -9.051128 -2.035443
v -0.027185 -8.906291 -2.074233
v -0.346618 -10.496491 -1.037662
v -0.322052 -10.187233 -1.459747
v -0.283428 -9.592335 -1.825849
v 0.018954 1.198363 -1.147582
v 0.078904 1.326785 -1.159458
v 0.130683 1.455517 -1.161759
v -0.268664 3.655210 -0.568508
v -0.194194 3.020329 -0.725804
v -0.015885 2.288204 -0.948722
v 0.309405 1.862111 -1.166088
v 0.258105 1.789662 -1.160169
v 0.215232 1.692723 -1.158037
v -0.036036 -1.699889 -1.809957
v -0.001036 -0.618518 -1.560099
v 0.175427 0.662426 -1.343768
v 1.728002 -6.543030 -0.700064
v 1.696710 -6.449489 -0.626094
v 1.656033 -6.334950 -0.567595
v 1.694619 -3.143101 -0.603879
v 1.726672 -4.173326 -0.713476
v 1.685712 -5.265781 -0.717566
v 1.448984 -5.744276 -0.476076
v 1.503071 -5.900288 -0.483305
v 1.557732 -6.056144 -0.499799
v 1.188429 -8.530283 0.171968
v 1.371548 -7.906696 -0.011745
v 1.522477 -7.087913 -0.250001
v 1.527529 -7.217826 -1.423960
v 1.585190 -7.034333 -1.360260
v 1.636749 -6.902900 -1.280129
v 1.621887 -3.576359 -1.412931
v 1.649036 -4.756921 -1.408232
v 1.660038 -5.839547 -1.323300
v 1.752639 -6.666174 -0.876557
v 1.743732 -6.709628 -0.977892
v 1.721711 -6.755430 -1.085034
v 1.391841 -9.139033 -0.632474
v 1.541149 -8.536219 -0.824989
v 1.659405 -7.735841 -1.020089
v 1.123610 2.193472 -0.891717
v 1.248701 2.135961 -0.800605
v 1.372337 1.991456 -0.703578
v 1.117233 3.734516 -0.119959
v 1.195317 3.199666 -0.236742
v 1.322413 2.551588 -0.406841
v 1.584795 1.012549 -0.341573
v 1.567646 1.248049 -0.426430
v 1.535634 1.515013 -0.514132
v 1.662273 -1.301557 -1.194065
v 1.679543 -0.177309 -1.019548
v 1.590477 0.863670 -0.812989
v -0.439990 -9.887106 0.662044
v -0.391516 -9.828637 0.702843
v -0.338093 -9.758625 0.741611
v 0.040418 -9.593655 0.805875
v -0.066209 -9.618595 0.807864
v -0.174866 -9.644017 0.799091
v -0.121290 -8.873533 0.741108
v -0.169656 -9.238308 0.789420
v -0.223784 -9.491888 0.796852
v -0.523673 -9.506597 0.629261
v -0.459120 -9.584327 0.684508
v -0.376999 -9.634634 0.735093
v -0.460948 -10.629246 -0.322575
v -0.528610 -10.581314 -0.048890
v -0.575489 -10.485799 0.169477
v -0.115046 -10.517313 0.473839
v -0.278307 -10.483558 0.460778
v -0.438585 -10.434414 0.408717
v -0.520905 -10.022242 0.572973
v -0.554782 -10.115960 0.517440
v -0.582122 -10.231622 0.442731
v -0.894689 -9.917752 -0.006648
v -0.834880 -10.106824 0.120310
v -0.729167 -10.254278 0.233618
v 1.016068 -10.145896 -0.632613
v 0.934808 -10.242519 -0.411520
v 0.845706 -10.310407 -0.195202
v 1.137204 -9.826395 -0.333831
v 1.022165 -10.039691 -0.219202
v 0.897905 -10.205010 -0.108892
v 0.574747 -10.245629 0.467931
v 0.622014 -10.303420 0.345964
v 0.682581 -10.341152 0.193612
v 0.229303 -10.542670 0.364068
v 0.411858 -10.515031 0.258586
v 0.594063 -10.447807 0.135799
v -0.822600 -6.429415 -0.657607
v -0.845950 -6.454519 -0.826585
v -0.884362 -6.629184 -0.985567
v -0.521952 -3.261636 -1.654768
v -0.514064 -4.626267 -1.528195
v -0.648631 -5.738242 -1.315054
v -0.719242 -7.833342 -1.485042
v -0.812881 -7.546133 -1.395974
v -0.891287 -7.220017 -1.295142
v -0.959886 -9.378233 -0.309644
v -1.070868 -8.880349 -0.553212
v -1.125742 -8.002197 -0.919632
v -0.355359 -7.149057 0.328594
v -0.463341 -7.657130 0.363309
v -0.544125 -7.965497 0.345810
v -0.351514 -3.309136 -0.251681
v -0.370205 -4.789511 -0.194113
v -0.505342 -6.661643 0.053201
v -0.799575 -7.039606 -0.241371
v -0.736130 -7.525341 -0.027919
v -0.670247 -7.905187 0.147611
v -0.601448 -9.274916 0.524737
v -0.621979 -9.091619 0.475158
v -0.629735 -8.755214 0.403757
v -0.473464 0.521219 0.286016
v -0.505014 0.503483 0.219710
v -0.522634 0.480223 0.139910
v -0.568634 1.428557 0.120118
v -0.580262 1.174013 0.094810
v -0.564907 0.862015 0.076455
v -0.515501 0.446017 -0.294992
v -0.522983 0.432605 -0.172966
v -0.526067 0.437755 -0.057579
v -0.404909 -1.408206 -0.120352
v -0.436599 -0.689517 -0.051214
v -0.481755 -0.064893 0.003709
v 0.566442 -4.137022 -0.020747
v 0.479522 -4.113070 0.016895
v 0.389310 -4.195610 0.041156
v 0.242264 -1.887523 0.215456
v 0.294211 -2.567565 0.147054
v 0.317879 -3.400234 0.083987
v -0.080579 -5.799387 0.175361
v 0.055556 -5.206031 0.117279
v 0.180025 -4.737232 0.081261
v 0.006818 -7.604064 0.457352
v 0.104057 -6.634883 0.273298
v 0.209388 -5.511872 0.119883
v 1.314765 -5.438922 -0.445910
v 1.230495 -5.294339 -0.429284
v 1.138015 -5.143989 -0.405266
v 1.096964 -2.548873 0.053699
v 1.084338 -3.342081 -0.163240
v 1.080330 -4.147714 -0.314917
v 0.742915 -4.431220 -0.147163
v 0.839400 -4.623224 -0.224861
v 0.941906 -4.810121 -0.301532
v 0.747742 -7.470757 0.186408
v 0.835199 -6.712277 -0.012171
v 0.942798 -5.870845 -0.217183
v 1.043555 0.517143 0.313274
v 0.977494 0.465911 0.362683
v 0.893359 0.397420 0.394697
v 0.677768 0.732881 0.255086
v 0.692039 0.595766 0.284396
v 0.728327 0.463911 0.334111
v 0.482924 0.159308 0.380957
v 0.589828 0.173888 0.378602
v 0.690425 0.228726 0.387317
v 1.062639 -0.919604 0.418623
v 0.978027 -0.341417 0.457456
v 0.883834 0.080889 0.458663
v 0.409522 3.671099 0.462720
v 0.417138 3.153187 0.482280
v 0.466781 2.600632 0.452542
v 0.177157 2.508542 0.488020
v 0.290190 2.403067 0.458572
v 0.413633 2.263258 0.423329
v 0.671808 1.108554 0.277638
v 0.654500 1.365996 0.308500
v 0.616644 1.684827 0.341592
v 0.939328 1.510147 0.218264
v 0.819508 1.707120 0.282994
v 0.686895 1.908250 0.342042
v 0.699941 5.654705 -0.541038
v 0.710446 5.840004 -0.374948
v 0.714802 5.857764 -0.195742
v 0.241165 5.905843 -0.084938
v 0.400245 5.949317 -0.065350
v 0.558924 5.850707 -0.041567
v 0.532370 4.561772 0.357026
v 0.609488 4.980334 0.262859
v 0.677542 5.390832 0.141916
v 1.006291 4.634349 -0.014336
v 0.940317 5.056254 0.003990
v 0.840896 5.414737 0.000646
v -0.307004 4.347683 -0.361622
v -0.324012 4.476824 -0.268758
v -0.346045 4.504869 -0.167546
v -0.506051 2.978032 -0.154093
v -0.477107 3.556631 -0.078514
v -0.429920 4.034516 -0.057700
v -0.402092 3.848621 0.255424
v -0.402000 4.090650 0.160139
v -0.391674 4.297226 0.055037
v -0.044297 5.458578 -0.095109
v -0.174155 5.167614 -0.083803
v -0.283951 4.808458 -0.068184
v -0.114732 3.934604 0.452887
v -0.206765 3.770987 0.435492
v -0.289439 3.536014 0.418495
v -0.094211 3.491696 0.503803
v -0.179920 3.361776 0.487691
v -0.259685 3.161556 0.462905
v -0.065602 3.026557 0.535447
v -0.150560 2.938305 0.519025
v -0.229931 2.794271 0.484118
v -0.421631 2.877277 0.330585
v -0.477787 2.491395 0.231382
v -0.529422 2.112189 0.106403
v -0.394205 2.613915 0.347053
v -0.457261 2.296499 0.250069
v -0.516425 1.993297 0.145221
v -0.369218 2.382504 0.353921
v -0.437727 2.139096 0.268952
v -0.501624 1.905113 0.185333
v -0.329420 2.038506 0.378263
v -0.403854 1.925901 0.321944
v -0.472939 1.788370 0.268589
v -0.314526 1.908356 0.400351
v -0.389643 1.840130 0.355873
v -0.460404 1.739241 0.312540
v -0.305729 1.779224 0.424126
v -0.380232 1.743245 0.391421
v -0.449783 1.677240 0.357584
v 0.016273 2.209340 0.478070
v -0.086411 2.221048 0.483539
v -0.175286 2.192968 0.465617
v 0.065027 1.900914 0.445841
v -0.051878 1.951532 0.461804
v -0.151705 1.966746 0.459238
v 0.106943 1.634777 0.436019
v -0.019101 1.717074 0.451050
v -0.131469 1.768476 0.458624
v 0.469772 -0.865731 0.383010
v 0.392707 -0.474739 0.402033
v 0.314646 -0.113119 0.408412
v 0.348341 -0.861919 0.352937
v 0.272284 -0.466673 0.379060
v 0.193674 -0.080061 0.403969
v 0.235017 -0.867463 0.334541
v 0.158088 -0.453986 0.361942
v 0.077479 -0.040036 0.396539
v 0.205716 0.556303 0.433937
v 0.175165 0.859239 0.448654
v 0.153195 1.134874 0.450056
v 0.079278 0.651471 0.456612
v 0.043324 0.973412 0.466385
v 0.024207 1.249465 0.459940
v -0.046975 0.746843 0.460848
v -0.083771 1.075274 0.468758
v -0.099237 1.343081 0.463741
v -0.265686 0.880588 0.450859
v -0.297514 1.197858 0.460386
v -0.306585 1.440353 0.457714
v -0.352097 0.908798 0.434498
v -0.382958 1.218558 0.445210
v -0.386693 1.446504 0.439999
v -0.424323 0.918230 0.407446
v -0.453229 1.218329 0.418787
v -0.453707 1.433516 0.414775
v 0.032888 -0.913121 0.292782
v -0.045841 -0.440807 0.332739
v -0.127345 0.036330 0.378825
v -0.053453 -0.958920 0.263026
v -0.132642 -0.442901 0.311514
v -0.214521 0.057789 0.361008
v -0.130562 -1.015417 0.225640
v -0.209449 -0.459468 0.279980
v -0.290725 0.063913 0.333032
v -0.556846 -1.234197 -0.758914
v -0.509066 -0.629374 -0.627597
v -0.480406 -0.025406 -0.568326
v -0.591517 -1.194286 -0.940716
v -0.514084 -0.580603 -0.772946
v -0.450623 0.023347 -0.693441
v -0.596395 -1.210708 -1.113108
v -0.500486 -0.555473 -0.925345
v -0.413543 0.069245 -0.816045
v -0.446943 0.991503 -0.489593
v -0.467951 1.349873 -0.413011
v -0.498376 1.655013 -0.301617
v -0.394605 1.064036 -0.595906
v -0.425456 1.427781 -0.505475
v -0.474165 1.747748 -0.375008
v -0.339696 1.142441 -0.694047
v -0.382250 1.509825 -0.590108
v -0.448937 1.847492 -0.443295
v -0.229293 1.300374 -0.858764
v -0.297045 1.674188 -0.732362
v -0.392976 2.044436 -0.565177
v -0.176188 1.382293 -0.921078
v -0.256474 1.759087 -0.787350
v -0.362550 2.132193 -0.616887
v -0.126292 1.473131 -0.968236
v -0.221320 1.853978 -0.826262
v -0.334886 2.218863 -0.655805
v -0.554932 -1.335140 -1.379248
v -0.448919 -0.590565 -1.183125
v -0.325658 0.140078 -1.033798
v -0.524349 -1.391828 -1.485845
v -0.411181 -0.592209 -1.283090
v -0.273826 0.179356 -1.123654
v -0.476411 -1.430183 -1.581466
v -0.361682 -0.592723 -1.365559
v -0.213111 0.230368 -1.197236
v 0.152207 -10.043174 0.763812
v 0.266465 -10.074810 0.732270
v 0.387024 -10.091228 0.686830
v 0.174495 -9.928865 0.781723
v 0.280739 -9.957880 0.759592
v 0.392509 -9.973412 0.725764
v 0.204924 -9.787230 0.792791
v 0.305407 -9.812586 0.777296
v 0.409539 -9.826825 0.751512
v 0.661842 -10.018347 0.562962
v 0.807230 -9.900812 0.475118
v 0.945238 -9.711883 0.354386
v 0.647958 -9.898734 0.620960
v 0.786489 -9.786571 0.541626
v 0.923270 -9.595540 0.422727
v 0.645051 -9.751035 0.655166
v 0.773206 -9.640073 0.577750
v 0.904040 -9.449363 0.462065
v 0.665197 -9.336558 0.644922
v 0.772794 -9.229812 0.566120
v 0.885163 -9.048538 0.458803
v 0.685249 -9.036933 0.587963
v 0.783741 -8.955306 0.518939
v 0.887727 -8.789116 0.420838
v 0.713907 -8.659438 0.488698
v 0.806143 -8.610513 0.434837
v 0.901207 -8.486016 0.358011
v 0.279333 -9.334670 0.762403
v 0.371977 -9.359460 0.748979
v 0.465579 -9.377413 0.726432
v 0.318426 -8.977290 0.692084
v 0.407932 -9.017249 0.682755
v 0.498220 -9.045529 0.660983
v 0.364608 -8.504909 0.564861
v 0.450381 -8.564995 0.557997
v 0.537044 -8.616148 0.542887
v 1.810753 -1.411502 -0.495383
v 1.744820 -0.471203 -0.292102
v 1.658188 0.228056 -0.228155
v 1.785542 -1.329068 -0.316784
v 1.689936 -0.405039 -0.152944
v 1.606007 0.260921 -0.101645
v 1.722797 -1.201984 -0.164094
v 1.628936 -0.295525 -0.033256
v 1.534152 0.310381 0.000692
v 1.429601 1.121418 -0.099116
v 1.310818 1.563739 0.005310
v 1.156540 2.017979 0.137849
v 1.360868 0.927465 -0.079655
v 1.286795 1.283601 0.013382
v 1.172697 1.631070 0.113903
v 1.302121 0.824132 -0.042174
v 1.225713 1.045506 -0.002733
v 1.157590 1.336201 0.094839
v 1.197724 0.733082 0.061346
v 1.130892 0.838909 0.049684
v 1.069328 0.942721 0.061895
v 1.146046 0.704408 0.117599
v 1.088672 0.792876 0.097043
v 1.034624 0.868583 0.092479
v 1.093451 0.678779 0.171834
v 1.043880 0.756262 0.145228
v 0.999691 0.821148 0.129306
v 1.597507 -0.922491 0.059504
v 1.523475 -0.025491 0.175073
v 1.379490 0.393599 0.137257
v 1.546332 -0.824191 0.155187
v 1.454876 0.083940 0.256611
v 1.307537 0.419171 0.190928
v 1.489682 -0.745377 0.243149
v 1.384647 0.126125 0.320873
v 1.242432 0.427121 0.244851
v 0.541484 -2.236841 -1.828586
v 0.435042 -0.969498 -1.645199
v 0.510881 0.611935 -1.431699
v 0.649658 -2.284253 -1.804127
v 0.538356 -1.014587 -1.651528
v 0.582563 0.562220 -1.452317
v 0.753458 -2.278563 -1.772901
v 0.650913 -1.022205 -1.648842
v 0.665584 0.567558 -1.462596
v 0.232814 3.048595 -0.983011
v 0.212007 3.981619 -0.855628
v 0.262661 4.741941 -0.778093
v 0.333832 3.044482 -1.001011
v 0.322563 3.986213 -0.876683
v 0.385750 4.762489 -0.797265
v 0.429271 3.028563 -1.007683
v 0.428367 3.956242 -0.886639
v 0.502531 4.735625 -0.800591
v 0.617004 2.997314 -0.981167
v 0.640573 3.834069 -0.866451
v 0.726075 4.555258 -0.765923
v 0.720550 2.986493 -0.942620
v 0.741112 3.770568 -0.829487
v 0.827685 4.419574 -0.726724
v 0.823828 2.982488 -0.887874
v 0.840714 3.700314 -0.775389
v 0.913787 4.274662 -0.675945
v 0.953779 -2.124975 -1.710678
v 0.899057 -0.869612 -1.621106
v 0.855747 0.756459 -1.424101
v 1.051050 -1.979099 -1.674772
v 1.023174 -0.669679 -1.591664
v 0.951326 0.913719 -1.373212
v 1.149376 -1.811635 -1.614723
v 1.142691 -0.412523 -1.544420
v 1.052862 1.077528 -1.307159
v 0.775024 -10.417777 -0.917164
v 0.841528 -10.275826 -1.240948
v 0.857410 -9.992063 -1.591352
v 0.920690 -10.246015 -0.973030
v 0.986509 -10.101628 -1.249421
v 0.999143 -9.813632 -1.531343
v 1.042499 -10.064307 -1.025017
v 1.096308 -9.900949 -1.265960
v 1.102768 -9.578818 -1.486027
v 0.768895 -8.426217 -1.900176
v 0.713452 -7.235151 -1.897571
v 0.632333 -5.740214 -1.927921
v 0.903922 -8.287559 -1.795941
v 0.842344 -7.207998 -1.830421
v 0.746002 -5.736801 -1.871993
v 1.017732 -8.091975 -1.712121
v 0.953599 -7.060133 -1.757442
v 0.851174 -5.623546 -1.832146
v 1.208854 -7.571324 -1.611621
v 1.144241 -6.522909 -1.665265
v 1.061457 -5.162149 -1.774136
v 1.287834 -7.223322 -1.590355
v 1.228471 -6.190031 -1.654952
v 1.169636 -4.864629 -1.754837
v 1.359964 -6.884484 -1.573331
v 1.297892 -5.830665 -1.651818
v 1.261200 -4.550027 -1.722870
v 1.220170 -9.689700 -1.106707
v 1.243488 -9.424761 -1.280942
v 1.248181 -8.970075 -1.421651
v 1.283021 -9.485674 -1.122891
v 1.306575 -9.195255 -1.279328
v 1.316256 -8.683544 -1.403815
v 1.339417 -9.308527 -1.127904
v 1.367332 -8.972921 -1.267754
v 1.387500 -8.423664 -1.387899
v -0.769137 -10.077173 -0.956242
v -0.747925 -9.770268 -1.237539
v -0.676824 -9.179236 -1.506491
v -0.669462 -10.216057 -1.020681
v -0.644762 -9.908479 -1.356734
v -0.570725 -9.296911 -1.640675
v -0.530813 -10.364595 -1.048200
v -0.508315 -10.054673 -1.437800
v -0.444886 -9.433767 -1.755993
v -0.382636 -7.057166 -1.793776
v -0.298126 -5.691151 -1.925580
v -0.274507 -4.223207 -2.082386
v -0.299951 -7.239741 -1.889052
v -0.210943 -5.900168 -1.969765
v -0.180953 -4.398125 -2.110883
v -0.199945 -7.429607 -1.968289
v -0.106909 -6.105145 -2.000788
v -0.077418 -4.567969 -2.122421
v 0.056673 -7.844254 -2.093037
v 0.142499 -6.520895 -2.024485
v 0.149854 -4.947237 -2.099903
v 0.223904 -8.040262 -2.116174
v 0.278061 -6.756469 -2.034356
v 0.270130 -5.180888 -2.069953
v 0.410243 -8.197944 -2.080431
v 0.420449 -6.961820 -2.029147
v 0.393783 -5.424207 -2.033560
v -0.126300 -10.610724 -1.004711
v -0.101942 -10.324660 -1.461132
v -0.072987 -9.731967 -1.836633
v 0.116994 -10.637948 -0.954347
v 0.155405 -10.413245 -1.404363
v 0.169851 -9.845271 -1.785498
v 0.353927 -10.606601 -0.917200
v 0.405672 -10.411326 -1.337296
v 0.409768 -9.902924 -1.715203
v -0.322508 -1.522130 -1.713640
v -0.231259 -0.609147 -1.473414
v -0.069491 0.378133 -1.292869
v -0.240510 -1.571704 -1.757619
v -0.157590 -0.597277 -1.510038
v 0.011155 0.476779 -1.319712
v -0.143453 -1.627656 -1.788860
v -0.079671 -0.597820 -1.538432
v 0.093956 0.575697 -1.335355
v -0.051087 1.716230 -1.004227
v -0.194921 2.153069 -0.823230
v -0.328914 2.561357 -0.627665
v -0.031434 1.881774 -0.993222
v -0.206452 2.394548 -0.781270
v -0.333263 2.894016 -0.576028
v -0.022308 2.074169 -0.971356
v -0.213171 2.694982 -0.740216
v -0.312379 3.289132 -0.553873
v -0.003057 2.512339 -0.933797
v -0.150957 3.345030 -0.735959
v -0.195790 3.975350 -0.607004
v 0.034485 2.705522 -0.938540
v -0.084001 3.589542 -0.764915
v -0.094618 4.224405 -0.652625
v 0.095199 2.857581 -0.953714
v 0.011167 3.752284 -0.801056
v 0.021613 4.422159 -0.705003
v 0.082877 -1.793898 -1.823840
v 0.078909 -0.663915 -1.578102
v 0.242960 0.706222 -1.355463
v 0.201447 -1.909504 -1.834641
v 0.159396 -0.727820 -1.596751
v 0.309310 0.720897 -1.369768
v 0.323126 -2.037716 -1.839481
v 0.242799 -0.811034 -1.613734
v 0.370498 0.692212 -1.388428
v 1.263550 -9.034539 0.016284
v 1.483515 -8.395549 -0.194250
v 1.662032 -7.514825 -0.438097
v 1.240227 -8.884194 0.090504
v 1.449167 -8.267759 -0.109002
v 1.620914 -7.398151 -0.355588
v 1.214909 -8.721102 0.144093
v 1.413100 -8.104177 -0.046433
v 1.574520 -7.253196 -0.292693
v 1.770137 -5.557562 -0.907354
v 1.808857 -4.469087 -0.978216
v 1.782444 -3.372661 -0.925765
v 1.752480 -5.478473 -0.835378
v 1.795454 -4.385668 -0.886589
v 1.768091 -3.308470 -0.815976
v 1.723483 -5.381059 -0.772347
v 1.767012 -4.285659 -0.797984
v 1.737183 -3.230617 -0.708745
v 1.641174 -5.130952 -0.667647
v 1.675826 -4.055877 -0.630568
v 1.644650 -3.047622 -0.491294
v 1.588420 -4.983425 -0.617361
v 1.614917 -3.942043 -0.550361
v 1.584050 -2.952235 -0.375912
v 1.528694 -4.833589 -0.568787
v 1.541834 -3.833937 -0.472159
v 1.510082 -2.852646 -0.267751
v 1.165185 -8.314917 0.176315
v 1.331428 -7.682817 -0.004486
v 1.463868 -6.892642 -0.236770
v 1.138059 -8.077300 0.160422
v 1.283306 -7.470232 -0.012986
v 1.403015 -6.705475 -0.237568
v 1.108506 -7.857325 0.138493
v 1.229711 -7.269671 -0.031308
v 1.340264 -6.532970 -0.248675
v 1.411617 -9.126222 -1.040302
v 1.477377 -8.649860 -1.178939
v 1.525015 -7.999942 -1.313524
v 1.420558 -9.100588 -0.926638
v 1.516740 -8.582500 -1.087780
v 1.580558 -7.863955 -1.237628
v 1.412824 -9.114394 -0.785904
v 1.538149 -8.549178 -0.965971
v 1.624828 -7.777399 -1.137702
v 1.483148 -6.322232 -1.506836
v 1.436569 -5.237082 -1.595839
v 1.418071 -3.996443 -1.623543
v 1.545365 -6.110573 -1.457108
v 1.511118 -5.027054 -1.543745
v 1.490769 -3.799392 -1.560313
v 1.605082 -5.950794 -1.395737
v 1.583106 -4.868442 -1.480675
v 1.558901 -3.661974 -1.489737
v 1.706778 -5.765125 -1.242106
v 1.706518 -4.683437 -1.328430
v 1.677687 -3.525748 -1.328753
v 1.742338 -5.712196 -1.154380
v 1.752955 -4.632904 -1.243062
v 1.723785 -3.492352 -1.236351
v 1.764963 -5.667212 -1.066614
v 1.786315 -4.588165 -1.154932
v 1.757970 -3.461124 -1.136303
v 1.370154 -9.167036 -0.479920
v 1.547449 -8.523565 -0.685304
v 1.680265 -7.689061 -0.893880
v 1.340714 -9.148436 -0.336257
v 1.537171 -8.524171 -0.543435
v 1.689452 -7.660820 -0.766266
v 1.315997 -9.111161 -0.206734
v 1.520754 -8.483637 -0.416405
v 1.683346 -7.620407 -0.647451
v 1.375940 -1.457620 -1.482670
v 1.390513 -0.055921 -1.386236
v 1.278829 1.269034 -1.128624
v 1.491639 -1.333694 -1.399861
v 1.509565 -0.015772 -1.274436
v 1.396647 1.217850 -1.028467
v 1.589111 -1.286516 -1.301976
v 1.608801 -0.067704 -1.150444
v 1.504087 1.067024 -0.924320
v 1.040479 2.958087 -0.735944
v 1.033588 3.586103 -0.613168
v 1.056164 4.114332 -0.519926
v 1.149099 2.885081 -0.632626
v 1.110027 3.515984 -0.494157
v 1.106534 4.044562 -0.395196
v 1.243902 2.751764 -0.517767
v 1.163868 3.388911 -0.361975
v 1.127274 3.918289 -0.255766
v 1.382158 2.293057 -0.313671
v 1.213612 2.958312 -0.129570
v 1.097765 3.495662 -0.002362
v 1.420273 1.973437 -0.253829
v 1.234912 2.654471 -0.057620
v 1.076684 3.202537 0.086045
v 1.441042 1.654245 -0.200310
v 1.271735 2.299600 -0.019178
v 1.076705 2.851402 0.135381
v 1.712913 -1.349341 -1.078297
v 1.722271 -0.299000 -0.881439
v 1.642366 0.652236 -0.700402
v 1.747674 -1.404106 -0.954776
v 1.750004 -0.404068 -0.738908
v 1.664650 0.464141 -0.594950
v 1.774484 -1.442438 -0.821351
v 1.771985 -0.476440 -0.593220
v 1.679407 0.320033 -0.482197
v -0.674799 -9.559475 0.390895
v -0.621075 -9.699107 0.489720
v -0.542222 -9.808542 0.582495
v -0.629658 -9.552764 0.468467
v -0.573016 -9.672433 0.553757
v -0.492412 -9.764680 0.634327
v -0.579251 -9.540981 0.549644
v -0.518944 -9.639986 0.620105
v -0.437060 -9.713166 0.686339
v -0.322709 -9.937325 0.723422
v -0.199431 -9.966823 0.762722
v -0.077773 -9.988047 0.779634
v -0.277884 -9.864154 0.753350
v -0.160627 -9.881315 0.784521
v -0.044110 -9.889816 0.795409
v -0.228399 -9.774127 0.779598
v -0.116216 -9.774114 0.800656
v -0.004399 -9.766771 0.805402
v -0.120702 -9.447666 0.804407
v -0.015335 -9.387184 0.797054
v 0.086514 -9.339629 0.783264
v -0.069708 -9.147902 0.776043
v 0.032546 -9.054327 0.751570
v 0.131774 -8.983614 0.722301
v -0.020519 -8.719069 0.697923
v 0.082022 -8.586096 0.650459
v 0.182126 -8.497787 0.605403
v -0.468394 -9.438438 0.699167
v -0.400641 -9.491197 0.741109
v -0.317612 -9.506317 0.774391
v -0.416391 -9.322518 0.749178
v -0.346999 -9.341884 0.777915
v -0.262687 -9.306344 0.790179
v -0.370546 -9.153453 0.770978
v -0.300086 -9.112408 0.780499
v -0.215015 -9.006012 0.767305
v -0.840142 -10.206388 -0.502567
v -0.751390 -10.372358 -0.442799
v -0.622685 -10.516599 -0.383539
v -0.884124 -10.141410 -0.313811
v -0.804870 -10.325190 -0.214634
v -0.681417 -10.470719 -0.128153
v -0.906275 -10.040124 -0.146101
v -0.836979 -10.229749 -0.026659
v -0.720775 -10.376849 0.077651
v -0.271559 -10.706146 -0.265351
v -0.063717 -10.739543 -0.224840
v 0.150295 -10.728341 -0.218486
v -0.352636 -10.656023 0.017287
v -0.162632 -10.698625 0.064694
v 0.035589 -10.703488 0.066736
v -0.411172 -10.560195 0.243426
v -0.237370 -10.607236 0.295130
v -0.057414 -10.629005 0.301023
v -0.439253 -10.302862 0.521649
v -0.290332 -10.352921 0.573121
v -0.139662 -10.393811 0.590952
v -0.422003 -10.185881 0.594131
v -0.282332 -10.235175 0.646487
v -0.140645 -10.277468 0.667659
v -0.395225 -10.089223 0.645843
v -0.261804 -10.135387 0.695941
v -0.127336 -10.173856 0.718333
v -0.857789 -9.796515 0.101892
v -0.804651 -9.982250 0.229613
v -0.708674 -10.126657 0.343911
v -0.807977 -9.692023 0.183501
v -0.759708 -9.874205 0.309165
v -0.671784 -10.014104 0.421404
v -0.759084 -9.617480 0.252460
v -0.710705 -9.790874 0.371525
v -0.629040 -9.924396 0.479807
v 0.555435 -10.578385 -0.339952
v 0.732741 -10.453679 -0.440689
v 0.888063 -10.307137 -0.541691
v 0.432395 -10.610002 -0.073434
v 0.621728 -10.518054 -0.184379
v 0.792005 -10.390388 -0.302418
v 0.318050 -10.598701 0.166312
v 0.509015 -10.539816 0.052882
v 0.690320 -10.439373 -0.073663
v 1.120905 -9.978571 -0.709789
v 1.208214 -9.806277 -0.775695
v 1.280868 -9.620085 -0.841358
v 1.051863 -10.079290 -0.506736
v 1.155755 -9.909708 -0.592882
v 1.242102 -9.699897 -0.681429
v 0.975246 -10.156344 -0.304778
v 1.090512 -9.989596 -0.404626
v 1.192528 -9.772544 -0.509093
v 0.828103 -10.227071 0.074908
v 0.958460 -10.069125 -0.040469
v 1.083687 -9.851451 -0.165625
v 0.770420 -10.208956 0.234114
v 0.905935 -10.066890 0.119592
v 1.037920 -9.849023 -0.011600
v 0.724440 -10.164463 0.367132
v 0.864665 -10.032444 0.257214
v 1.000436 -9.822407 0.125812
v 0.173453 -10.456028 0.512567
v 0.342815 -10.455284 0.422912
v 0.517664 -10.415953 0.311468
v 0.147124 -10.353220 0.614883
v 0.299398 -10.371210 0.546147
v 0.461467 -10.355530 0.451086
v 0.138626 -10.249233 0.684341
v 0.276337 -10.276068 0.631647
v 0.423385 -10.276854 0.554899
v -0.883463 -9.047098 -0.004225
v -1.034395 -8.442261 -0.202886
v -1.042494 -7.503754 -0.471702
v -0.924426 -9.097474 -0.100023
v -1.089421 -8.482006 -0.332116
v -1.090235 -7.509241 -0.648468
v -0.950233 -9.220771 -0.198129
v -1.102948 -8.652216 -0.446470
v -1.125753 -7.695356 -0.799622
v -0.591536 -5.263274 -0.871581
v -0.545382 -4.119662 -1.056730
v -0.580957 -2.864109 -1.113480
v -0.623340 -5.316448 -1.041621
v -0.555330 -4.220398 -1.252704
v -0.581373 -2.942485 -1.316734
v -0.646149 -5.484781 -1.189368
v -0.538022 -4.409304 -1.407431
v -0.556945 -3.077915 -1.501926
v -0.636750 -6.038595 -1.430043
v -0.482165 -4.841114 -1.629520
v -0.487447 -3.464104 -1.778863
v -0.594936 -6.342144 -1.528127
v -0.442230 -5.050073 -1.716654
v -0.449805 -3.666715 -1.879309
v -0.532540 -6.618292 -1.616396
v -0.396591 -5.253604 -1.791728
v -0.404656 -3.845653 -1.964915
v -0.955469 -9.545785 -0.438629
v -1.029853 -9.106453 -0.682455
v -1.061600 -8.311331 -1.028771
v -0.928612 -9.673229 -0.589925
v -0.964170 -9.301447 -0.813832
v -0.954718 -8.582517 -1.124056
v -0.885706 -9.790079 -0.739273
v -0.893220 -9.449150 -0.957890
v -0.847330 -8.783321 -1.234511
v -0.448120 -9.004856 0.714023
v -0.456193 -8.731554 0.648697
v -0.434620 -8.179684 0.522553
v -0.499965 -9.143667 0.676522
v -0.517954 -8.945516 0.627906
v -0.514500 -8.523979 0.533064
v -0.550666 -9.236122 0.613132
v -0.571239 -9.065790 0.568722
v -0.575843 -8.718647 0.492182
v -0.219397 -5.569568 0.093085
v -0.130468 -3.994203 -0.020326
v -0.146343 -2.781170 -0.008252
v -0.335492 -6.137558 0.121786
v -0.223294 -4.373976 -0.059896
v -0.216837 -3.021025 -0.078164
v -0.431746 -6.527822 0.114798
v -0.305131 -4.660448 -0.112170
v -0.286109 -3.207090 -0.156437
v -0.563328 -6.509961 -0.067492
v -0.419864 -4.712292 -0.315948
v -0.412362 -3.291611 -0.366245
v -0.590344 -6.075585 -0.256230
v -0.460998 -4.512130 -0.471411
v -0.469396 -3.179178 -0.513940
v -0.590262 -5.633117 -0.470304
v -0.491658 -4.299172 -0.647161
v -0.514751 -3.032725 -0.692992
v -0.652242 -9.268550 0.420670
v -0.677213 -9.052619 0.361703
v -0.692120 -8.652748 0.279546
v -0.703667 -9.209313 0.309389
v -0.745130 -8.927007 0.231639
v -0.773984 -8.405704 0.124843
v -0.761055 -9.125321 0.198886
v -0.832807 -8.731780 0.089933
v -0.872219 -8.053293 -0.058041
v -0.260361 -1.179591 0.117719
v -0.331075 -0.538839 0.181643
v -0.405791 0.035933 0.240175
v -0.314752 -1.270530 0.048158
v -0.375394 -0.588202 0.115466
v -0.443756 0.006569 0.174462
v -0.362628 -1.350324 -0.031264
v -0.409914 -0.641548 0.037304
v -0.468795 -0.029509 0.095457
v -0.522816 0.907165 0.313469
v -0.545149 1.200148 0.325244
v -0.538898 1.416549 0.328307
v -0.548791 0.893472 0.246861
v -0.566715 1.191415 0.259522
v -0.555412 1.419697 0.268096
v -0.561545 0.877137 0.167809
v -0.576749 1.181218 0.182600
v -0.564115 1.422160 0.198837
v -0.564134 0.854565 -0.027437
v -0.579734 1.176552 -0.003232
v -0.568306 1.443441 0.033951
v -0.557172 0.861103 -0.141934
v -0.569848 1.193978 -0.107391
v -0.560875 1.471098 -0.054359
v -0.533969 0.886519 -0.259980
v -0.543751 1.228837 -0.211590
v -0.543464 1.515334 -0.140137
v -0.442756 -1.435923 -0.219894
v -0.456923 -0.725291 -0.149463
v -0.484575 -0.095902 -0.099361
v -0.474781 -1.430438 -0.331611
v -0.470843 -0.733112 -0.254568
v -0.483529 -0.108069 -0.208132
v -0.499853 -1.394771 -0.455760
v -0.479534 -0.722381 -0.369822
v -0.486661 -0.101327 -0.322523
v 0.337926 -7.038781 0.247822
v 0.432788 -6.087365 0.083414
v 0.516806 -5.096200 -0.014799
v 0.236268 -7.127380 0.302741
v 0.335592 -6.139112 0.130196
v 0.424150 -5.107406 0.028321
v 0.124692 -7.321962 0.374137
v 0.226038 -6.320459 0.192963
v 0.323487 -5.240818 0.070143
v 0.591765 -3.293448 0.040972
v 0.583425 -2.564972 0.117881
v 0.556892 -1.904173 0.218094
v 0.496992 -3.241835 0.070363
v 0.480686 -2.496830 0.143653
v 0.441440 -1.845744 0.225227
v 0.406043 -3.272439 0.083687
v 0.384413 -2.495687 0.153276
v 0.336111 -1.840979 0.225054
v 0.228266 -3.630822 0.075407
v 0.209055 -2.716820 0.127197
v 0.156674 -1.991178 0.192356
v 0.129597 -3.987854 0.065082
v 0.128286 -2.943497 0.095038
v 0.076408 -2.138662 0.156304
v 0.020533 -4.442734 0.060985
v 0.045471 -3.254315 0.058225
v -0.000304 -2.334549 0.108629
v -0.110047 -7.931910 0.542896
v -0.024253 -7.046484 0.365091
v 0.081898 -5.925153 0.188127
v -0.218227 -8.256891 0.622558
v -0.154462 -7.520152 0.463920
v -0.055701 -6.464387 0.276492
v -0.310712 -8.541466 0.678717
v -0.272360 -7.975215 0.550151
v -0.193348 -7.059978 0.371767
v 1.003485 -7.631123 0.134281
v 1.093094 -6.996429 -0.048343
v 1.196233 -6.257093 -0.263999
v 0.921231 -7.593777 0.155478
v 1.009058 -6.914858 -0.037600
v 1.113230 -6.140575 -0.258574
v 0.833700 -7.545898 0.174459
v 0.921333 -6.825082 -0.024529
v 1.028019 -6.014958 -0.242491
v 1.375448 -4.553332 -0.474955
v 1.359369 -3.639744 -0.349391
v 1.358989 -2.696535 -0.093075
v 1.280239 -4.421792 -0.434738
v 1.266222 -3.552757 -0.292325
v 1.277689 -2.655326 -0.031173
v 1.179710 -4.290585 -0.384639
v 1.175650 -3.458280 -0.227441
v 1.190140 -2.613701 0.015447
v 0.982019 -3.978146 -0.232968
v 0.991776 -3.197373 -0.099475
v 0.998966 -2.446981 0.092519
v 0.881672 -3.790390 -0.150754
v 0.894263 -3.031457 -0.037762
v 0.895780 -2.311969 0.131670
v 0.782387 -3.602228 -0.074211
v 0.791300 -2.860636 0.019570
v 0.786777 -2.163532 0.167585
v 0.666189 -7.367782 0.191314
v 0.754787 -6.571424 -0.002580
v 0.857220 -5.703520 -0.183908
v 0.587632 -7.248218 0.197063
v 0.676216 -6.421161 0.010975
v 0.771350 -5.526645 -0.145077
v 0.509009 -7.134284 0.205826
v 0.597768 -6.271266 0.031658
v 0.685542 -5.351177 -0.100322
v 1.335423 -0.726842 0.359494
v 1.253959 0.022286 0.438493
v 1.130524 0.357928 0.369692
v 1.249352 -0.806997 0.387509
v 1.174714 -0.083723 0.471871
v 1.067769 0.283601 0.428383
v 1.158940 -0.873769 0.407354
v 1.077084 -0.228326 0.467221
v 0.984816 0.185942 0.460776
v 0.981142 0.618466 0.268423
v 0.937474 0.699639 0.225888
v 0.909929 0.770999 0.190105
v 0.910429 0.579875 0.306260
v 0.865283 0.670166 0.255051
v 0.840859 0.754389 0.214095
v 0.824675 0.527039 0.328918
v 0.780659 0.632755 0.273236
v 0.760526 0.737483 0.233731
v 0.633494 0.411595 0.334466
v 0.604749 0.581105 0.299907
v 0.592143 0.758331 0.286186
v 0.538369 0.394209 0.343145
v 0.511616 0.602759 0.325515
v 0.498139 0.819007 0.328865
v 0.436083 0.415305 0.363610
v 0.409713 0.661426 0.363479
v 0.394921 0.907874 0.377159
v 0.958216 -0.933776 0.426009
v 0.871288 -0.410274 0.448418
v 0.775297 -0.031154 0.432177
v 0.843649 -0.938544 0.423504
v 0.761249 -0.445844 0.443227
v 0.668866 -0.092923 0.418150
v 0.722775 -0.920504 0.418798
v 0.642200 -0.467078 0.433685
v 0.555610 -0.126368 0.410034
v 0.783189 2.831349 0.351604
v 0.637001 3.162208 0.410662
v 0.515591 3.442852 0.442885
v 0.846617 2.332218 0.312892
v 0.680018 2.643345 0.391338
v 0.538396 2.917977 0.447458
v 0.912242 1.870654 0.267106
v 0.760073 2.136389 0.339028
v 0.604910 2.382618 0.399530
v 0.303299 3.850330 0.478225
v 0.197704 3.967264 0.485635
v 0.093399 4.012438 0.481112
v 0.307248 3.338223 0.504632
v 0.197480 3.476497 0.523560
v 0.095915 3.537874 0.523879
v 0.345378 2.785869 0.490237
v 0.230512 2.931031 0.520293
v 0.124605 3.019730 0.533602
v 0.492874 1.830569 0.380635
v 0.366250 1.962876 0.407576
v 0.244640 2.075039 0.431739
v 0.544700 1.483042 0.349236
v 0.427902 1.604700 0.385946
v 0.306920 1.721007 0.411902
v 0.573887 1.202680 0.324799
v 0.465435 1.306659 0.364397
v 0.349288 1.421506 0.400124
v 0.939543 1.240296 0.183393
v 0.844939 1.387844 0.243365
v 0.734301 1.535997 0.295062
v 0.916699 1.034315 0.148924
v 0.846692 1.138744 0.204117
v 0.756145 1.255390 0.262915
v 0.899996 0.912886 0.148575
v 0.833918 0.958324 0.179419
v 0.756531 1.027929 0.226984
v 1.028337 4.894037 -0.469034
v 0.954913 5.220270 -0.490004
v 0.839521 5.476371 -0.515968
v 1.046968 4.917269 -0.322405
v 0.984313 5.345195 -0.329041
v 0.858387 5.639169 -0.350258
v 1.041070 4.826937 -0.165955
v 0.979778 5.280894 -0.157377
v 0.859917 5.612333 -0.172965
v 0.554657 5.747202 -0.562167
v 0.412169 5.778581 -0.577076
v 0.275182 5.717610 -0.581510
v 0.555855 5.935878 -0.396898
v 0.402037 6.024983 -0.422956
v 0.254529 5.945421 -0.436022
v 0.556701 5.973156 -0.220428
v 0.393566 6.083175 -0.247861
v 0.239009 6.009550 -0.267086
v 0.548024 5.604136 0.127711
v 0.397631 5.677389 0.106593
v 0.240513 5.631802 0.086467
v 0.497590 5.182314 0.261957
v 0.368535 5.290294 0.253937
v 0.216941 5.255327 0.231329
v 0.424986 4.731853 0.357967
v 0.307143 4.835704 0.356804
v 0.172896 4.834836 0.338500
v 0.951173 4.378368 0.120522
v 0.878115 4.767943 0.143246
v 0.781771 5.090114 0.143173
v 0.873833 4.048306 0.220450
v 0.792167 4.415108 0.253665
v 0.703519 4.710997 0.256902
v 0.811337 3.682515 0.291762
v 0.709811 4.025560 0.328555
v 0.622396 4.305658 0.340449
v 0.023800 5.306971 -0.527744
v -0.095461 5.014163 -0.473336
v -0.213351 4.684741 -0.412143
v -0.001193 5.502863 -0.404977
v -0.118027 5.217390 -0.369066
v -0.232388 4.839620 -0.312259
v -0.025343 5.553510 -0.256899
v -0.147375 5.263014 -0.235020
v -0.257774 4.875560 -0.196077
v -0.371478 3.964805 -0.330350
v -0.416184 3.522161 -0.330152
v -0.435384 3.043589 -0.383058
v -0.389290 4.079469 -0.243561
v -0.438319 3.635510 -0.242759
v -0.461892 3.098408 -0.303102
v -0.409251 4.098238 -0.153011
v -0.458768 3.638951 -0.159703
v -0.485289 3.070137 -0.227564
v -0.450564 3.902337 0.042854
v -0.495245 3.398269 0.005413
v -0.522963 2.824236 -0.088657
v -0.462248 3.694983 0.137692
v -0.508542 3.195844 0.086729
v -0.535797 2.642234 -0.027091
v -0.461412 3.441199 0.221829
v -0.509195 2.958137 0.154357
v -0.540879 2.450135 0.025197
v -0.063936 5.296866 0.064269
v -0.200596 4.974720 0.064011
v -0.306926 4.638543 0.059651
v -0.080960 5.015235 0.210167
v -0.217779 4.728378 0.191621
v -0.320126 4.421895 0.174817
v -0.102704 4.652305 0.313189
v -0.224540 4.433029 0.291670
v -0.320679 4.160670 0.272492
vn -0.3179 0.1251 0.9398
vn -0.4298 0.1113 0.8961
vn -0.3532 0.0665 0.9332
vn -0.2371 0.0770 0.9684
vn -0.5435 0.0835 0.8353
vn -0.4940 0.0355 0.8687
vn -0.2780 0.0018 0.9606
vn -0.1286 0.0120 0.9916
vn -0.4457 -0.0236 0.8949
vn -0.2240 0.1954 0.9548
vn -0.4006 0.1869 0.8970
vn -0.1798 0.1274 0.9754
vn -0.5482 0.1695 0.8190
vn -0.6480 0.1390 0.7488
vn -0.7639 0.0864 0.6395
vn -0.6747 0.0377 0.7371
vn -0.6243 -0.0085 0.7812
vn -0.5885 -0.0477 0.8071
vn -0.5415 -0.0563 0.8388
vn -0.3780 -0.0682 0.9233
vn -0.1824 -0.0668 0.9810
vn -0.0079 -0.0679 0.9977
vn -0.0069 0.0052 1.0000
vn 0.1016 -0.0794 0.9916
vn -0.1148 0.0753 0.9905
vn -0.7828 -0.0065 0.6223
vn -0.8717 -0.0198 0.4896
vn -0.8231 -0.0239 0.5674
vn -0.7298 -0.0383 0.6826
vn -0.9653 0.0029 0.2611
vn -0.9371 0.0201 0.3485
vn -0.7876 -0.0017 0.6162
vn -0.6902 -0.0452 0.7222
vn -0.9092 0.0589 0.4122
vn -0.8558 0.0360 0.5161
vn -0.9276 0.0058 0.3735
vn -0.9868 0.0039 0.1621
vn -0.9961 0.0124 -0.0879
vn -0.9996 0.0263 -0.0122
vn -0.9959 0.0490 0.0763
vn -0.9840 0.0825 0.1578
vn -0.9683 0.1291 0.2137
vn -0.8848 0.1177 0.4509
vn -0.7623 0.0477 0.6455
vn -0.6567 -0.0192 0.7539
vn -0.6108 0.0354 0.7910
vn -0.7305 0.1168 0.6729
vn -0.6654 0.1846 0.7233
vn -0.5264 0.0977 0.8446
vn -0.8558 0.1870 0.4824
vn -0.8035 0.2497 0.5404
vn -0.5479 0.2100 0.8097
vn -0.3952 0.1278 0.9097
vn -0.7020 0.2706 0.6588
vn -0.4708 -0.0255 0.8819
vn -0.9492 0.1804 0.2578
vn -0.9176 0.2228 0.3292
vn -0.8471 0.2349 0.4768
vn -0.7188 0.1809 0.6713
vn -0.5576 0.2051 0.8044
vn -0.4028 0.1608 0.9011
vn -0.2544 0.1003 0.9619
vn -0.2150 0.0542 0.9751
vn -0.0928 0.0466 0.9946
vn -0.3592 0.0234 0.9330
vn 0.0799 -0.0940 0.9924
vn -0.0762 -0.0873 0.9933
vn 0.0268 -0.0529 0.9982
vn 0.1156 -0.0479 0.9921
vn -0.2840 -0.0657 0.9566
vn -0.1562 -0.0291 0.9873
vn 0.0862 -0.0048 0.9963
vn 0.1203 0.0075 0.9927
vn -0.0299 0.0061 0.9995
vn 0.1322 -0.0887 0.9873
vn 0.0373 0.0218 0.9991
vn 0.0940 0.0279 0.9952
vn 0.1374 0.0317 0.9900
vn 0.1602 0.0089 0.9870
vn 0.2294 0.0128 0.9732
vn 0.1300 -0.0294 0.9911
vn -0.2090 -0.1122 0.9715
vn -0.1552 -0.0612 0.9860
vn -0.1543 -0.0884 0.9841
vn -0.1774 -0.1092 0.9781
vn -0.0231 -0.0240 0.9994
vn -0.0676 -0.0758 0.9948
vn -0.1376 -0.0992 0.9855
vn -0.1463 -0.1013 0.9840
vn -0.0993 -0.1035 0.9897
vn -0.1581 -0.1794 0.9710
vn -0.1558 -0.0987 0.9829
vn -0.1758 -0.1648 0.9705
vn -0.1053 -0.0210 0.9942
vn -0.0020 0.0354 0.9994
vn 0.1550 0.0462 0.9868
vn 0.1233 -0.0168 0.9922
vn 0.0216 -0.0669 0.9975
vn -0.0621 -0.0905 0.9940
vn -0.1149 -0.0997 0.9884
vn -0.1325 -0.1165 0.9843
vn -0.1510 -0.1086 0.9825
vn -0.1691 -0.1049 0.9800
vn -0.1113 -0.1211 0.9864
vn -0.1515 -0.1158 0.9816
vn -0.1279 -0.1402 0.9818
vn 0.1993 -0.0254 0.9796
vn 0.2038 -0.0087 0.9790
vn 0.0691 -0.0030 0.9976
vn 0.0606 -0.0447 0.9972
vn 0.1746 0.0213 0.9844
vn 0.0814 0.0307 0.9962
vn 0.0034 -0.0038 1.0000
vn -0.0341 -0.0514 0.9981
vn 0.0394 0.0225 0.9990
vn 0.2814 0.0146 0.9595
vn 0.3147 -0.0119 0.9491
vn 0.2878 -0.0011 0.9577
vn -0.0377 0.0204 0.9991
vn -0.0443 -0.0119 0.9989
vn -0.0828 -0.0580 0.9949
vn -0.1566 -0.0695 0.9852
vn -0.1375 -0.0180 0.9903
vn -0.2766 -0.0210 0.9608
vn -0.2818 -0.0853 0.9557
vn -0.1623 0.0400 0.9859
vn -0.3044 0.0659 0.9503
vn -0.4693 -0.0306 0.8825
vn -0.4639 -0.1033 0.8799
vn -0.4726 0.0721 0.8783
vn -0.1818 -0.1108 0.9771
vn -0.7251 0.0703 0.6850
vn -0.7086 -0.0402 0.7045
vn -0.6787 -0.1161 0.7252
vn -0.4498 -0.1438 0.8815
vn -0.6405 -0.1559 0.7519
vn -0.2906 -0.1267 0.9484
vn -0.2233 -0.1159 0.9678
vn -0.2038 -0.1220 0.9714
vn -0.2944 -0.1372 0.9458
vn -0.3043 -0.1276 0.9440
vn -0.1923 -0.1271 0.9731
vn -0.2918 -0.1410 0.9460
vn -0.4190 -0.1508 0.8954
vn -0.4099 -0.1367 0.9018
vn -0.4327 -0.1565 0.8879
vn -0.2162 -0.1165 0.9694
vn -0.5985 -0.1662 0.7837
vn -0.5589 -0.1576 0.8141
vn -0.5270 -0.1395 0.8383
vn -0.3915 -0.1210 0.9122
vn -0.4912 -0.1172 0.8631
vn -0.2971 -0.1194 0.9474
vn -0.9829 0.0295 0.1818
vn -0.9959 0.0479 0.0765
vn -0.9939 0.1080 -0.0242
vn -0.9933 0.0750 0.0877
vn -0.9910 0.0566 -0.1210
vn -0.9744 0.1068 -0.1979
vn -0.9767 0.1642 -0.1385
vn -0.9883 0.1315 -0.0768
vn -0.9544 0.1466 -0.2602
vn -0.9828 -0.0152 0.1839
vn -0.9838 0.0151 0.1784
vn -0.9841 -0.0177 0.1765
vn -0.9939 0.0130 0.1097
vn -0.9992 0.0052 -0.0391
vn -0.9757 0.0128 -0.2186
vn -0.9540 0.0537 -0.2951
vn -0.9354 0.0829 -0.3437
vn -0.9160 0.1059 -0.3869
vn -0.8950 0.1248 -0.4283
vn -0.9296 0.1767 -0.3235
vn -0.9476 0.2018 -0.2476
vn -0.9507 0.1720 -0.2580
vn -0.9968 0.0204 -0.0773
vn -0.9679 0.0398 -0.2483
vn -0.9954 -0.0102 0.0948
vn -0.9263 0.0375 -0.3749
vn -0.9312 0.0286 -0.3635
vn -0.9133 0.0227 -0.4066
vn -0.9081 0.0490 -0.4159
vn -0.9575 0.0160 -0.2878
vn -0.9437 0.0073 -0.3308
vn -0.8936 0.0188 -0.4485
vn -0.8884 0.0576 -0.4554
vn -0.9280 0.0042 -0.3724
vn -0.9464 0.0201 -0.3224
vn -0.9475 0.0340 -0.3179
vn -0.9698 0.0300 -0.2420
vn -0.9886 0.0082 -0.1502
vn -0.9794 0.0107 -0.2018
vn -0.9691 0.0164 -0.2462
vn -0.9577 0.0231 -0.2869
vn -0.9100 0.0060 -0.4146
vn -0.8705 0.0193 -0.4918
vn -0.8646 0.0653 -0.4982
vn -0.8330 0.0739 -0.5484
vn -0.8419 0.0252 -0.5391
vn -0.8063 0.0364 -0.5904
vn -0.7911 0.0836 -0.6059
vn -0.8878 0.0126 -0.4600
vn -0.8600 0.0231 -0.5098
vn -0.7620 0.0540 -0.6454
vn -0.7357 0.0953 -0.6706
vn -0.8252 0.0387 -0.5636
vn -0.8642 0.1417 -0.4827
vn -0.9414 0.0319 -0.3357
vn -0.9196 0.0408 -0.3908
vn -0.8907 0.0504 -0.4517
vn -0.8379 0.0668 -0.5418
vn -0.7876 0.0636 -0.6129
vn -0.7119 0.0782 -0.6979
vn -0.6698 0.1090 -0.7345
vn -0.7497 0.1633 -0.6414
vn -0.6766 0.1670 -0.7171
vn -0.8180 0.1550 -0.5540
vn -0.9110 0.1841 -0.3691
vn -0.9145 0.2220 -0.3383
vn -0.8676 0.2382 -0.4366
vn -0.8658 0.1891 -0.4634
vn -0.9010 0.1998 -0.3850
vn -0.8520 0.2183 -0.4758
vn -0.7610 0.2570 -0.5956
vn -0.7591 0.2150 -0.6144
vn -0.7668 0.2301 -0.5992
vn -0.9331 0.0513 -0.3560
vn -0.6627 0.2273 -0.7136
vn -0.6058 0.2630 -0.7509
vn -0.5469 0.2479 -0.7997
vn -0.7822 0.1028 -0.6144
vn -0.5932 0.1287 -0.7947
vn -0.8998 0.0550 -0.4329
vn 0.1291 -0.2450 0.9609
vn 0.2374 -0.3076 0.9214
vn 0.2085 -0.2016 0.9570
vn 0.1205 -0.1480 0.9816
vn 0.3474 -0.3644 0.8640
vn 0.3113 -0.2543 0.9156
vn 0.1888 -0.0923 0.9777
vn 0.1160 -0.0591 0.9915
vn 0.2853 -0.1273 0.9499
vn -0.0002 -0.3142 0.9493
vn 0.1351 -0.3670 0.9204
vn 0.0210 -0.2022 0.9791
vn 0.2651 -0.4262 0.8649
vn 0.3892 -0.4774 0.7878
vn 0.5146 -0.5034 0.6941
vn 0.4668 -0.3924 0.7925
vn 0.4308 -0.2741 0.8598
vn 0.4070 -0.1400 0.9026
vn 0.3851 -0.0080 0.9228
vn 0.2760 0.0059 0.9611
vn 0.1931 0.0238 0.9809
vn 0.1259 0.0391 0.9913
vn 0.0601 -0.0432 0.9973
vn 0.0813 0.0436 0.9957
vn 0.0421 -0.1170 0.9922
vn 0.6057 -0.3767 0.7009
vn 0.7471 -0.3104 0.5878
vn 0.6905 -0.1884 0.6984
vn 0.5608 -0.2478 0.7900
vn 0.8407 -0.2290 0.4907
vn 0.7895 -0.1285 0.6002
vn 0.6412 -0.0731 0.7639
vn 0.5281 -0.1168 0.8411
vn 0.7289 -0.0408 0.6834
vn 0.6629 -0.4752 0.5786
vn 0.7945 -0.3960 0.4604
vn 0.8737 -0.3081 0.3765
vn 0.9048 -0.2612 0.3363
vn 0.8728 -0.1863 0.4511
vn 0.8215 -0.1066 0.5602
vn 0.7577 -0.0365 0.6516
vn 0.6783 0.0305 0.7342
vn 0.6700 0.0301 0.7418
vn 0.6041 0.0162 0.7967
vn 0.4977 -0.0012 0.8673
vn 0.4686 0.0881 0.8790
vn 0.5648 0.0887 0.8204
vn 0.5110 0.1498 0.8464
vn 0.4305 0.1657 0.8872
vn 0.6120 0.0879 0.7859
vn 0.5453 0.1342 0.8274
vn 0.4430 0.1899 0.8762
vn 0.3879 0.2116 0.8971
vn 0.4667 0.1688 0.8682
vn 0.3628 0.0980 0.9267
vn 0.5988 0.0828 0.7966
vn 0.5166 0.1273 0.8467
vn 0.4480 0.1590 0.8798
vn 0.3911 0.1815 0.9023
vn 0.3937 0.1898 0.8994
vn 0.3770 0.2055 0.9031
vn 0.3473 0.2210 0.9114
vn 0.3351 0.2259 0.9147
vn 0.3211 0.2297 0.9188
vn 0.3459 0.1804 0.9208
vn 0.1465 0.1308 0.9805
vn 0.2134 0.1205 0.9695
vn 0.2411 0.1970 0.9503
vn 0.1849 0.2052 0.9611
vn 0.2821 0.1114 0.9529
vn 0.2952 0.1899 0.9364
vn 0.2732 0.2374 0.9322
vn 0.2401 0.2370 0.9414
vn 0.3054 0.2342 0.9230
vn 0.1118 0.1308 0.9851
vn 0.3139 0.2286 0.9215
vn 0.3080 0.2227 0.9250
vn 0.2907 0.2150 0.9323
vn 0.2226 0.2310 0.9472
vn 0.2809 0.2059 0.9374
vn 0.1606 0.2006 0.9664
vn 0.9962 -0.0177 0.0848
vn 0.9787 0.0672 0.1940
vn 0.9313 0.0596 0.3595
vn 0.9617 -0.0369 0.2716
vn 0.9329 0.1364 0.3334
vn 0.8696 0.1721 0.4627
vn 0.8955 0.0630 0.4405
vn 0.9099 -0.0395 0.4130
vn 0.8253 0.2370 0.5125
vn 0.9927 0.0116 -0.1199
vn 0.9977 0.0025 -0.0674
vn 0.9998 -0.0158 0.0140
vn 0.9969 0.0698 0.0364
vn 0.9762 0.1214 0.1798
vn 0.9157 0.1013 0.3888
vn 0.8148 0.1275 0.5656
vn 0.7102 0.2089 0.6723
vn 0.6387 0.3169 0.7011
vn 0.5956 0.4034 0.6946
vn 0.7700 0.3273 0.5477
vn 0.8845 0.0955 0.4566
vn 0.8790 -0.0402 0.4751
vn 0.9382 -0.0918 0.3338
vn 0.8775 -0.1149 0.4656
vn 0.9840 -0.0542 0.1699
vn 0.6928 0.0061 0.7211
vn 0.6775 0.0064 0.7355
vn 0.5322 -0.0893 0.8419
vn 0.5176 0.0079 0.8556
vn 0.6342 0.0246 0.7727
vn 0.5451 -0.0520 0.8368
vn 0.4358 -0.1031 0.8941
vn 0.4835 0.1500 0.8624
vn 0.4672 -0.1349 0.8738
vn 0.8407 0.0799 0.5356
vn 0.7976 0.0801 0.5978
vn 0.6715 0.0584 0.7387
vn 0.5815 0.0424 0.8124
vn 0.5258 0.0164 0.8504
vn 0.4777 -0.0294 0.8780
vn 0.4411 -0.0890 0.8930
vn 0.4285 -0.1504 0.8909
vn 0.4410 -0.1485 0.8851
vn 0.4412 0.0573 0.8956
vn 0.4984 0.2998 0.8135
vn 0.5127 0.4166 0.7507
vn 0.4715 0.2638 0.8415
vn 0.4589 0.4077 0.7894
vn 0.4989 0.4841 0.7188
vn 0.4536 0.0132 0.8911
vn 0.4460 0.2295 0.8651
vn 0.4073 0.4859 0.7733
vn 0.4497 0.5219 0.7248
vn 0.3947 0.3759 0.8384
vn 0.5754 0.4560 0.6790
vn 0.4432 -0.1518 0.8835
vn 0.4508 0.0069 0.8926
vn 0.4169 0.1989 0.8869
vn 0.3668 0.3307 0.8695
vn 0.3331 0.4464 0.8305
vn 0.3285 0.5198 0.7886
vn 0.3652 0.5390 0.7590
vn 0.5127 0.5121 0.6891
vn 0.4311 0.5204 0.7371
vn 0.5557 0.4888 0.6725
vn 0.8692 -0.0342 0.4933
vn 0.8504 0.1519 0.5038
vn 0.7938 0.2313 0.5625
vn 0.8570 -0.0191 0.5149
vn 0.7256 0.3978 0.5615
vn 0.6574 0.4512 0.6035
vn 0.6896 0.2798 0.6679
vn 0.7714 -0.0152 0.6361
vn 0.5850 0.4721 0.6595
vn 0.8500 -0.1187 0.5133
vn 0.4847 0.4648 0.7410
vn 0.5686 0.2371 0.7877
vn 0.6536 -0.0307 0.7562
vn 0.7889 -0.1440 0.5974
vn 0.6550 -0.1656 0.7373
vn 0.8501 -0.1222 0.5122
vn 0.2818 0.1371 -0.9496
vn 0.0213 0.1470 -0.9889
vn 0.0588 0.1308 -0.9897
vn 0.2723 0.1180 -0.9550
vn -0.1203 0.1595 -0.9799
vn -0.0640 0.1520 -0.9863
vn 0.0818 0.1138 -0.9901
vn 0.2355 0.1057 -0.9661
vn -0.0070 0.1515 -0.9884
vn 0.3250 0.0375 -0.9450
vn 0.2481 0.1600 -0.9554
vn 0.4088 0.0188 -0.9124
vn -0.0064 0.1611 -0.9869
vn -0.1586 0.1606 -0.9742
vn -0.2553 0.1453 -0.9559
vn -0.1688 0.1568 -0.9731
vn -0.0680 0.1714 -0.9828
vn 0.0310 0.1859 -0.9821
vn 0.1380 0.2007 -0.9699
vn 0.0686 0.1626 -0.9843
vn 0.0945 0.1004 -0.9904
vn 0.1821 0.0958 -0.9786
vn 0.3716 0.0216 -0.9281
vn 0.3233 0.0270 -0.9459
vn 0.4083 0.0114 -0.9128
vn -0.2261 0.1311 -0.9652
vn -0.2559 0.1212 -0.9591
vn -0.1127 0.1191 -0.9865
vn -0.0936 0.1407 -0.9856
vn -0.2483 0.1300 -0.9599
vn -0.0723 0.1340 -0.9883
vn 0.0361 0.1162 -0.9926
vn 0.0444 0.1472 -0.9881
vn 0.0943 0.1320 -0.9868
vn -0.3453 0.1205 -0.9307
vn -0.4040 0.1227 -0.9065
vn -0.4435 0.1277 -0.8871
vn -0.4968 0.1734 -0.8504
vn -0.2570 0.2135 -0.9425
vn -0.0153 0.2373 -0.9713
vn 0.1875 0.2382 -0.9530
vn 0.3539 0.2167 -0.9098
vn 0.2394 0.1228 -0.9631
vn 0.1724 0.1148 -0.9783
vn 0.1782 0.1518 -0.9722
vn 0.3041 0.1506 -0.9406
vn 0.3179 0.1062 -0.9422
vn 0.4633 0.0952 -0.8811
vn 0.4162 0.1516 -0.8966
vn 0.3777 0.1077 -0.9197
vn 0.5205 0.0844 -0.8497
vn 0.5791 0.0900 -0.8103
vn 0.5037 0.1570 -0.8495
vn 0.6330 0.0612 -0.7717
vn 0.2319 0.2134 -0.9491
vn 0.4988 0.1806 -0.8477
vn 0.6367 0.1344 -0.7593
vn 0.7378 0.0927 -0.6686
vn 0.7858 0.0526 -0.6163
vn 0.7392 0.0512 -0.6716
vn 0.6673 0.0975 -0.7384
vn 0.5829 0.1680 -0.7950
vn 0.3884 0.2360 -0.8908
vn 0.4956 0.2461 -0.8329
vn 0.3065 0.2243 -0.9251
vn 0.1653 0.0890 -0.9822
vn 0.1380 0.0953 -0.9858
vn 0.2401 0.0969 -0.9659
vn 0.2674 0.0879 -0.9596
vn 0.1413 0.1813 -0.9732
vn 0.1989 0.2033 -0.9587
vn 0.3249 0.1047 -0.9399
vn 0.3960 0.0805 -0.9147
vn 0.2871 0.2263 -0.9308
vn 0.2713 0.0326 -0.9619
vn 0.4307 0.2481 -0.8677
vn 0.4246 0.1215 -0.8972
vn 0.4673 0.0666 -0.8816
vn 0.4629 0.0615 -0.8843
vn 0.5225 0.0688 -0.8499
vn 0.3395 0.0453 -0.9395
vn 0.6371 -0.7614 -0.1198
vn 0.6194 -0.7004 -0.3547
vn 0.7940 -0.5374 -0.2840
vn 0.7684 -0.6328 -0.0954
vn 0.5898 -0.4839 -0.6465
vn 0.7510 -0.3238 -0.5754
vn 0.8800 -0.3864 -0.2763
vn 0.8511 -0.5144 -0.1049
vn 0.8192 -0.2113 -0.5332
vn 0.4044 -0.9135 -0.0439
vn 0.3990 -0.8925 -0.2103
vn 0.6007 -0.7994 -0.0080
vn 0.3110 -0.8113 -0.4951
vn 0.2304 -0.5500 -0.8028
vn 0.2762 -0.2349 -0.9319
vn 0.5718 -0.1609 -0.8044
vn 0.6716 -0.1036 -0.7337
vn 0.6916 -0.0828 -0.7175
vn 0.6919 -0.0800 -0.7176
vn 0.8118 -0.1667 -0.5596
vn 0.8902 -0.2989 -0.3438
vn 0.8918 -0.4246 -0.1561
vn 0.7946 -0.6054 -0.0451
vn 0.8545 -0.5139 -0.0755
vn 0.7171 -0.6968 -0.0138
vn 0.5475 -0.0138 -0.8367
vn 0.4819 0.0156 -0.8761
vn 0.5180 0.0057 -0.8554
vn 0.5937 -0.0102 -0.8047
vn 0.4437 -0.0148 -0.8960
vn 0.4525 -0.0174 -0.8916
vn 0.4999 -0.0057 -0.8661
vn 0.5763 -0.0186 -0.8170
vn 0.4362 -0.0304 -0.8993
vn 0.4109 -0.0125 -0.9116
vn 0.4357 0.0179 -0.8999
vn 0.3797 -0.0201 -0.9249
vn 0.4092 -0.0399 -0.9116
vn 0.4422 -0.0207 -0.8967
vn 0.5353 -0.0267 -0.8442
vn 0.4816 -0.0392 -0.8755
vn 0.3647 -0.0381 -0.9303
vn 0.3405 -0.0489 -0.9390
vn 0.3958 -0.0499 -0.9170
vn 0.3506 -0.0446 -0.9355
vn 0.3728 -0.0354 -0.9272
vn 0.4410 -0.0421 -0.8965
vn 0.4524 -0.0471 -0.8906
vn 0.4835 -0.0165 -0.8752
vn 0.6554 -0.0830 -0.7507
vn 0.5634 0.0013 -0.8262
vn 0.5486 -0.0309 -0.8355
vn 0.5831 -0.0373 -0.8115
vn 0.5812 -0.0920 -0.8085
vn 0.6709 -0.0722 -0.7381
vn 0.5843 -0.0943 -0.8061
vn 0.8994 -0.3655 -0.2396
vn 0.8722 -0.2457 -0.4229
vn 0.8412 -0.2179 -0.4948
vn 0.9035 -0.3128 -0.2929
vn 0.7882 -0.1474 -0.5975
vn 0.7387 -0.1444 -0.6584
vn 0.8361 -0.1980 -0.5116
vn 0.9041 -0.2735 -0.3283
vn 0.7195 -0.1472 -0.6788
vn 0.8872 -0.4482 -0.1096
vn 0.7833 -0.1373 -0.6062
vn 0.8715 -0.1861 -0.4538
vn 0.9312 -0.2314 -0.2817
vn 0.9263 -0.3394 -0.1635
vn 0.9451 -0.2752 -0.1762
vn 0.9190 -0.3758 -0.1191
vn -0.8789 -0.3410 -0.3335
vn -0.8824 -0.2001 -0.4258
vn -0.7890 -0.3097 -0.5306
vn -0.7735 -0.5003 -0.3890
vn -0.8421 -0.0560 -0.5364
vn -0.7720 -0.0961 -0.6283
vn -0.6273 -0.4600 -0.6284
vn -0.6087 -0.6670 -0.4297
vn -0.6549 -0.1800 -0.7339
vn -0.9404 -0.2571 -0.2225
vn -0.9439 -0.2033 -0.2603
vn -0.8741 -0.4197 -0.2446
vn -0.9303 -0.1343 -0.3413
vn -0.8678 -0.0493 -0.4945
vn -0.7675 -0.0000 -0.6410
vn -0.7773 0.0185 -0.6288
vn -0.7283 0.0153 -0.6851
vn -0.6239 -0.0035 -0.7815
vn -0.4491 -0.0569 -0.8917
vn -0.4405 -0.3058 -0.8441
vn -0.4379 -0.5887 -0.6795
vn -0.4421 -0.7890 -0.4266
vn -0.6113 -0.7518 -0.2473
vn -0.4363 -0.8735 -0.2160
vn -0.7638 -0.5922 -0.2567
vn -0.7125 0.0066 -0.7016
vn -0.6607 -0.0454 -0.7493
vn -0.5014 -0.0453 -0.8640
vn -0.6322 0.0136 -0.7747
vn -0.5755 -0.0229 -0.8175
vn -0.3620 -0.0329 -0.9316
vn -0.3152 -0.0356 -0.9484
vn -0.4807 0.0223 -0.8766
vn -0.2005 -0.0375 -0.9790
vn -0.7388 0.0054 -0.6739
vn -0.7952 -0.0321 -0.6054
vn -0.7471 -0.0177 -0.6645
vn -0.4250 0.1436 -0.8937
vn -0.2349 0.1440 -0.9613
vn -0.0776 0.1379 -0.9874
vn 0.0575 0.1262 -0.9903
vn -0.0676 -0.0402 -0.9969
vn -0.1709 -0.0196 -0.9851
vn -0.3495 0.0370 -0.9362
vn -0.1555 0.0293 -0.9874
vn -0.0858 0.0042 -0.9963
vn 0.0643 0.0217 -0.9977
vn 0.0736 -0.0059 -0.9973
vn 0.0110 -0.0403 -0.9991
vn 0.0818 -0.0356 -0.9960
vn 0.2799 0.0230 -0.9598
vn 0.2581 -0.0193 -0.9659
vn 0.1936 -0.0280 -0.9807
vn -0.1568 -0.1403 -0.9776
vn 0.1582 0.1067 -0.9816
vn 0.2262 0.0833 -0.9705
vn 0.2604 0.0610 -0.9636
vn 0.1320 -0.2100 -0.9687
vn 0.0517 -0.1877 -0.9809
vn -0.2241 -0.8942 -0.3876
vn -0.2174 -0.6848 -0.6955
vn 0.0448 -0.7559 -0.6532
vn 0.0358 -0.9422 -0.3331
vn -0.1659 -0.3962 -0.9031
vn 0.0390 -0.4483 -0.8930
vn 0.1358 -0.7894 -0.5987
vn 0.1981 -0.9368 -0.2885
vn 0.0430 -0.4874 -0.8721
vn -0.2213 -0.9602 -0.1703
vn 0.1934 -0.9763 -0.0971
vn 0.0072 -0.9913 -0.1311
vn -0.4002 0.2582 -0.8793
vn -0.4823 0.2557 -0.8379
vn -0.3854 0.2411 -0.8907
vn -0.2559 0.2587 -0.9315
vn -0.5770 0.2192 -0.7868
vn -0.4658 0.2095 -0.8597
vn -0.2540 0.2247 -0.9407
vn -0.1008 0.2517 -0.9626
vn -0.3570 0.1987 -0.9127
vn -0.5870 0.1703 -0.7914
vn -0.4990 0.1720 -0.8493
vn -0.4346 0.1682 -0.8848
vn -0.4178 0.1569 -0.8949
vn -0.2894 0.1874 -0.9387
vn -0.1505 0.2087 -0.9663
vn 0.0311 0.2397 -0.9703
vn -0.6030 0.1243 -0.7880
vn -0.6750 0.1001 -0.7310
vn -0.6798 0.0963 -0.7270
vn -0.5629 0.1301 -0.8162
vn -0.7670 0.0885 -0.6355
vn -0.7946 0.0792 -0.6019
vn -0.7038 0.0793 -0.7059
vn -0.5565 0.1191 -0.8223
vn -0.8094 0.0737 -0.5826
vn -0.8587 0.0775 -0.5065
vn -0.8710 0.0796 -0.4847
vn -0.8744 0.0861 -0.4774
vn -0.8434 0.1172 -0.5243
vn -0.7915 0.0846 -0.6053
vn -0.7073 0.0724 -0.7032
vn -0.5643 0.1008 -0.8194
vn -0.5576 0.0907 -0.8251
vn -0.6698 0.0835 -0.7378
vn -0.5837 0.1086 -0.8047
vn -0.5022 0.0986 -0.8591
vn -0.7241 0.1175 -0.6796
vn -0.6386 0.1382 -0.7570
vn -0.5017 0.1192 -0.8568
vn -0.4180 0.1116 -0.9016
vn -0.5651 0.1338 -0.8141
vn -0.4034 0.1443 -0.9036
vn -0.7686 0.1521 -0.6214
vn -0.7002 0.1562 -0.6966
vn -0.6373 0.1525 -0.7554
vn -0.3140 0.1412 -0.9389
vn -0.3707 0.1383 -0.9184
vn 0.1231 0.2240 -0.9668
vn -0.0855 0.1958 -0.9769
vn -0.0414 0.1837 -0.9821
vn 0.1976 0.2048 -0.9586
vn -0.2636 0.1773 -0.9482
vn -0.2322 0.1698 -0.9577
vn -0.0085 0.1733 -0.9848
vn 0.2287 0.1829 -0.9561
vn -0.1782 0.1640 -0.9702
vn 0.8824 -0.1712 0.4383
vn 0.9065 -0.1277 0.4025
vn 0.8401 -0.0616 0.5388
vn 0.8231 -0.0995 0.5591
vn 0.9413 -0.0391 0.3354
vn 0.8816 0.0128 0.4718
vn 0.7680 -0.0031 0.6404
vn 0.7530 -0.0363 0.6570
vn 0.8167 0.0560 0.5744
vn 0.9242 -0.2383 0.2983
vn 0.9547 -0.1843 0.2337
vn 0.9818 -0.0896 0.1676
vn 0.9945 -0.0224 0.1028
vn 0.9661 0.0104 0.2580
vn 0.9160 0.0412 0.3990
vn 0.8534 0.0688 0.5167
vn 0.7663 0.0990 0.6348
vn 0.7258 0.1047 0.6799
vn 0.6751 0.0573 0.7355
vn 0.6579 0.0304 0.7525
vn 0.9860 -0.0094 0.1665
vn 0.9971 -0.0020 0.0758
vn 0.9680 -0.0051 0.2509
vn 0.9436 0.0050 0.3309
vn 0.9995 0.0238 0.0221
vn 0.9849 0.0028 0.1731
vn 0.9148 -0.0131 0.4038
vn 0.8794 0.0153 0.4759
vn 0.9503 -0.0276 0.3102
vn 0.9997 -0.0226 0.0026
vn 0.9952 -0.0029 -0.0975
vn 0.9908 0.0356 -0.1304
vn 0.9011 -0.0648 0.4287
vn 0.8541 -0.0264 0.5195
vn 0.7992 0.0192 0.6008
vn 0.7191 0.0119 0.6948
vn 0.7955 -0.0454 0.6042
vn 0.7198 -0.0730 0.6903
vn 0.6308 -0.0016 0.7759
vn 0.8416 -0.0999 0.5308
vn 0.7910 -0.1280 0.5983
vn 0.6079 -0.1071 0.7867
vn 0.5464 -0.0223 0.8372
vn 0.7056 -0.1750 0.6866
vn 0.6739 0.1171 0.7295
vn 0.5770 -0.2280 0.7843
vn 0.4886 -0.1428 0.8607
vn 0.4410 -0.0414 0.8965
vn 0.4973 0.1141 0.8600
vn 0.4316 0.0967 0.8969
vn 0.5795 0.1242 0.8055
vn 0.5615 0.0879 0.8228
vn 0.5612 0.1185 0.8192
vn 0.4640 0.1639 0.8705
vn 0.4720 0.1357 0.8711
vn 0.6153 0.1520 0.7735
vn 0.5126 0.1830 0.8389
vn 0.3853 0.1968 0.9016
vn 0.4076 0.1699 0.8972
vn 0.4241 0.2002 0.8832
vn 0.3744 0.1993 0.9056
vn 0.3346 0.2163 0.9172
vn 0.3584 0.1967 0.9126
vn 0.9639 -0.2186 -0.1519
vn 0.9248 -0.1775 -0.3366
vn 0.9648 -0.1736 -0.1977
vn 0.9756 -0.2181 -0.0251
vn 0.8593 -0.1193 -0.4974
vn 0.9194 -0.1077 -0.3783
vn 0.9804 -0.1790 -0.0826
vn 0.9724 -0.2271 0.0542
vn 0.9552 -0.1083 -0.2755
vn 0.9633 -0.2681 -0.0088
vn 0.7665 -0.0565 -0.6398
vn 0.8345 -0.0517 -0.5486
vn 0.8845 -0.0545 -0.4633
vn 0.9299 -0.0568 -0.3633
vn 0.9763 -0.1197 -0.1804
vn 0.9808 -0.1938 -0.0195
vn 0.9656 -0.2426 0.0939
vn 0.9531 -0.2757 0.1246
vn 0.9428 -0.2847 0.1735
vn 0.9618 -0.2653 0.0669
vn 0.6735 -0.0338 -0.7385
vn 0.6130 -0.0241 -0.7897
vn 0.6766 -0.0183 -0.7361
vn 0.7427 -0.0348 -0.6687
vn 0.6108 0.0164 -0.7916
vn 0.6570 0.0282 -0.7534
vn 0.7395 -0.0133 -0.6730
vn 0.7995 -0.0368 -0.5995
vn 0.7160 0.0356 -0.6972
vn 0.5680 0.0640 -0.8205
vn 0.6455 0.0535 -0.7619
vn 0.7337 0.0442 -0.6781
vn 0.8217 0.0372 -0.5688
vn 0.7867 0.0392 -0.6161
vn 0.8030 -0.0095 -0.5960
vn 0.8607 -0.0370 -0.5078
vn 0.9152 -0.0371 -0.4013
vn 0.8670 -0.0071 -0.4982
vn 0.9244 -0.0059 -0.3813
vn 0.9585 -0.0362 -0.2826
vn 0.8586 0.0407 -0.5111
vn 0.9191 0.0412 -0.3920
vn 0.9684 -0.0049 -0.2492
vn 0.9887 -0.0313 -0.1463
vn 0.9629 0.0402 -0.2670
vn 0.9677 -0.0553 -0.2461
vn 0.8935 0.0332 -0.4478
vn 0.9431 0.0301 -0.3311
vn 0.9735 0.0251 -0.2274
vn 0.9989 -0.0428 -0.0192
vn 0.9902 -0.0514 -0.1296
vn 0.9548 -0.2574 0.1484
vn 0.9792 -0.2003 0.0321
vn 0.9709 -0.1963 0.1372
vn 0.9431 -0.2481 0.2215
vn 0.9888 -0.1175 -0.0925
vn 0.9936 -0.1116 0.0163
vn 0.9664 -0.1943 0.1683
vn 0.9392 -0.2532 0.2318
vn 0.9910 -0.1045 0.0834
vn 0.9312 -0.2859 0.2261
vn 0.9181 -0.2854 0.2751
vn 0.9229 -0.2798 0.2646
vn 0.5505 0.0561 -0.8329
vn 0.5689 0.1375 -0.8108
vn 0.7163 0.1390 -0.6838
vn 0.6668 0.0516 -0.7435
vn 0.5924 0.2542 -0.7645
vn 0.7364 0.2366 -0.6338
vn 0.8418 0.1203 -0.5262
vn 0.7876 0.0460 -0.6144
vn 0.8551 0.2030 -0.4771
vn 0.6204 0.2518 -0.7428
vn 0.7498 0.2565 -0.6099
vn 0.8653 0.2470 -0.4362
vn 0.9508 0.2110 -0.2270
vn 0.9454 0.1613 -0.2831
vn 0.9309 0.0941 -0.3529
vn 0.8846 0.0350 -0.4650
vn 0.6942 0.1801 -0.6968
vn 0.7902 0.1027 -0.6042
vn 0.9136 0.1119 -0.3910
vn 0.8206 0.1988 -0.5359
vn 0.8740 0.0500 -0.4834
vn 0.9711 0.0563 -0.2320
vn 0.9789 0.1326 -0.1552
vn 0.9178 0.2172 -0.3324
vn 0.9977 0.0668 0.0127
vn 0.9225 0.0776 -0.3781
vn 0.9924 0.0848 -0.0889
vn 0.9839 0.0830 0.1581
vn 0.9267 0.0742 0.3684
vn 0.9694 0.0803 0.2320
vn 0.9860 0.1518 0.0695
vn 0.9707 0.2182 -0.1008
vn 0.9736 0.1829 0.1368
vn 0.9481 0.1515 0.2796
vn 0.8875 0.1332 0.4411
vn 0.9490 0.1453 0.2799
vn 0.9022 0.0923 0.4212
vn 0.8174 0.0934 0.5685
vn 0.8375 0.1067 0.5359
vn 0.9154 0.1230 0.3834
vn 0.7435 0.0849 0.6634
vn 0.9870 0.1605 -0.0083
vn 0.8325 0.0661 0.5501
vn 0.7250 0.0659 0.6856
vn 0.6455 0.0630 0.7612
vn 0.9657 0.1189 0.2307
vn 0.9815 0.1311 0.1398
vn 0.9429 0.0250 -0.3322
vn 0.9762 0.0748 -0.2034
vn 0.9894 0.0711 -0.1268
vn 0.9710 0.0193 -0.2382
vn 0.9867 0.1244 -0.1049
vn 0.9937 0.1116 -0.0132
vn 0.9953 0.0710 -0.0654
vn 0.9863 0.0141 -0.1646
vn 0.9915 0.1151 0.0611
vn -0.8636 0.0586 0.5008
vn -0.8095 0.0185 0.5868
vn -0.7824 -0.0232 0.6223
vn -0.8552 0.0163 0.5181
vn -0.7143 -0.0543 0.6977
vn -0.6682 -0.0773 0.7400
vn -0.7283 -0.0663 0.6821
vn -0.8243 -0.0331 0.5651
vn -0.5931 -0.0957 0.7994
vn -0.8734 0.0380 0.4856
vn -0.8647 0.0867 0.4947
vn -0.8826 0.0366 0.4687
vn -0.8210 0.0488 0.5688
vn -0.7399 -0.0438 0.6713
vn -0.6209 -0.1390 0.7715
vn -0.5809 -0.1222 0.8047
vn -0.5179 -0.1160 0.8476
vn -0.4262 -0.1073 0.8983
vn -0.3008 -0.0764 0.9506
vn -0.4767 -0.0977 0.8736
vn -0.6352 -0.1010 0.7657
vn -0.7619 -0.0777 0.6430
vn -0.8786 -0.0104 0.4774
vn -0.8405 -0.0396 0.5403
vn -0.8900 0.0202 0.4555
vn -0.4208 -0.1667 0.8917
vn -0.2504 -0.1859 0.9501
vn -0.1829 -0.1220 0.9755
vn -0.3492 -0.1282 0.9282
vn -0.0988 -0.1895 0.9769
vn -0.0479 -0.1132 0.9924
vn -0.1052 -0.0648 0.9923
vn -0.2535 -0.0914 0.9630
vn -0.0017 -0.0465 0.9989
vn -0.4705 -0.2112 0.8567
vn -0.3026 -0.2555 0.9182
vn -0.1433 -0.2819 0.9487
vn 0.0455 0.0308 0.9985
vn -0.0186 0.0010 0.9998
vn -0.1364 -0.0381 0.9899
vn -0.0197 0.0395 0.9990
vn 0.0653 0.0807 0.9946
vn 0.1394 0.1566 0.9778
vn 0.0833 0.1243 0.9887
vn 0.1014 0.1127 0.9884
vn 0.1619 0.1830 0.9697
vn 0.2048 0.2071 0.9567
vn 0.1559 0.1906 0.9692
vn 0.2224 0.2202 0.9498
vn -0.1452 -0.0092 0.9894
vn 0.2935 0.1977 0.9353
vn 0.2789 0.1973 0.9398
vn 0.2208 0.2029 0.9540
vn 0.1017 0.1628 0.9814
vn 0.1478 0.2053 0.9675
vn 0.0037 0.0823 0.9966
vn -0.6545 -0.0893 0.7507
vn -0.4842 -0.1004 0.8692
vn -0.2796 -0.0376 0.9594
vn -0.4931 -0.0468 0.8687
vn -0.3004 -0.0634 0.9517
vn -0.0905 0.0222 0.9956
vn -0.0741 0.0759 0.9944
vn -0.2923 0.0321 0.9558
vn 0.0432 0.1251 0.9912
vn -0.7689 -0.0441 0.6378
vn 0.0757 0.1977 0.9773
vn -0.0203 0.1808 0.9833
vn -0.1725 0.1596 0.9720
vn -0.5148 0.0509 0.8558
vn -0.3891 0.1245 0.9127
vn -0.6568 -0.0122 0.7540
vn -0.9077 -0.3942 -0.1439
vn -0.7935 -0.5955 -0.1254
vn -0.8505 -0.5258 0.0154
vn -0.9518 -0.3035 -0.0432
vn -0.6412 -0.7620 -0.0905
vn -0.7006 -0.7097 0.0741
vn -0.9018 -0.3928 0.1800
vn -0.9786 -0.1845 0.0909
vn -0.7653 -0.5876 0.2628
vn -0.9638 -0.2112 -0.1626
vn -0.4649 -0.8841 -0.0473
vn -0.5302 -0.8379 0.1300
vn -0.6021 -0.7267 0.3307
vn -0.6500 -0.5570 0.5169
vn -0.7988 -0.4132 0.4372
vn -0.9137 -0.2277 0.3368
vn -0.9702 -0.0584 0.2352
vn -0.9958 -0.0844 0.0345
vn -0.9835 -0.0168 0.1802
vn -0.9837 -0.1556 -0.0897
vn -0.2695 -0.9630 -0.0056
vn -0.0599 -0.9978 0.0298
vn -0.1461 -0.9668 0.2094
vn -0.3486 -0.9209 0.1743
vn 0.1472 -0.9874 0.0584
vn 0.0733 -0.9722 0.2224
vn -0.2370 -0.8760 0.4200
vn -0.4303 -0.8177 0.3823
vn -0.0179 -0.9069 0.4211
vn 0.3561 -0.9308 0.0830
vn 0.2840 -0.9349 0.2128
vn 0.1988 -0.9026 0.3819
vn 0.1124 -0.8150 0.5684
vn -0.1003 -0.7794 0.6185
vn -0.3056 -0.7260 0.6161
vn -0.4872 -0.6565 0.5759
vn -0.5118 -0.4814 0.7116
vn -0.3406 -0.5603 0.7550
vn -0.3485 -0.4207 0.8376
vn -0.5136 -0.3444 0.7859
vn -0.1523 -0.6259 0.7649
vn -0.1713 -0.4854 0.8574
vn -0.3353 -0.3249 0.8843
vn -0.4999 -0.2626 0.8253
vn -0.1675 -0.3750 0.9118
vn -0.6625 -0.3778 0.6468
vn 0.0460 -0.6846 0.7275
vn 0.0099 -0.5481 0.8364
vn -0.0046 -0.4284 0.9036
vn -0.6418 -0.1729 0.7471
vn -0.6543 -0.2446 0.7156
vn -0.9337 0.0395 0.3560
vn -0.8871 -0.0806 0.4544
vn -0.8487 0.0203 0.5285
vn -0.8909 0.0950 0.4441
vn -0.7918 -0.2414 0.5610
vn -0.7676 -0.1176 0.6301
vn -0.8269 0.0587 0.5593
vn -0.8677 0.1040 0.4860
vn -0.7513 -0.0564 0.6576
vn -0.9497 0.0213 0.3124
vn -0.8808 0.0338 0.4722
vn -0.9090 0.0335 0.4154
vn 0.5304 -0.8443 0.0769
vn 0.6482 -0.7604 0.0402
vn 0.5776 -0.8060 0.1292
vn 0.4443 -0.8787 0.1747
vn 0.7407 -0.6717 0.0142
vn 0.6968 -0.7106 0.0977
vn 0.5094 -0.8233 0.2502
vn 0.3720 -0.8723 0.3173
vn 0.6468 -0.7360 0.2000
vn 0.8240 -0.5664 0.0093
vn 0.7939 -0.6015 0.0890
vn 0.7622 -0.6236 0.1735
vn 0.7176 -0.6480 0.2552
vn 0.5910 -0.7416 0.3176
vn 0.4505 -0.8020 0.3924
vn 0.3011 -0.8237 0.4804
vn 0.8679 -0.4965 -0.0167
vn 0.9148 -0.4037 -0.0122
vn 0.9046 -0.4175 0.0857
vn 0.8508 -0.5196 0.0789
vn 0.9400 -0.3411 -0.0011
vn 0.9406 -0.3277 0.0891
vn 0.8892 -0.4272 0.1639
vn 0.8355 -0.5242 0.1650
vn 0.9312 -0.3238 0.1674
vn 0.9184 -0.3302 0.2180
vn 0.8759 -0.4279 0.2230
vn 0.8149 -0.5337 0.2261
vn 0.7847 -0.5438 0.2974
vn 0.8628 -0.4298 0.2663
vn 0.8454 -0.4217 0.3278
vn 0.7501 -0.5349 0.3889
vn 0.9077 -0.3322 0.2565
vn 0.8990 -0.3279 0.2905
vn 0.8243 -0.4182 0.3815
vn 0.7126 -0.5183 0.4729
vn 0.8903 -0.3274 0.3165
vn 0.6698 -0.6488 0.3611
vn 0.5712 -0.5808 0.5800
vn 0.6236 -0.6234 0.4716
vn 0.2335 -0.7299 0.6425
vn 0.3964 -0.7437 0.5383
vn 0.3467 -0.6479 0.6783
vn 0.1824 -0.6080 0.7727
vn 0.5386 -0.7168 0.4428
vn 0.4895 -0.6592 0.5709
vn 0.3010 -0.5408 0.7855
vn 0.1508 -0.4873 0.8601
vn 0.4388 -0.5787 0.6875
vn -0.8781 -0.0423 0.4765
vn -0.8966 0.0408 0.4410
vn -0.9606 -0.0029 0.2779
vn -0.9173 -0.0700 0.3919
vn -0.9259 0.1805 0.3318
vn -0.9777 0.1695 0.1243
vn -0.9857 -0.0751 0.1509
vn -0.9559 -0.0888 0.2798
vn -0.9934 0.1024 -0.0508
vn -0.8537 -0.0148 0.5206
vn -0.8266 0.0441 0.5610
vn -0.8379 0.1589 0.5223
vn -0.9035 0.2159 0.3701
vn -0.9558 0.2225 0.1920
vn -0.9749 0.2140 0.0611
vn -0.9740 0.1934 -0.1177
vn -0.9308 0.1426 -0.3367
vn -0.9728 0.0040 -0.2316
vn -0.9912 -0.1318 0.0145
vn -0.9836 -0.1013 0.1492
vn -0.9849 0.1234 0.1216
vn -0.9952 0.0139 0.0971
vn -0.9998 0.0161 -0.0152
vn -0.9918 0.1255 0.0243
vn -0.9916 -0.0418 0.1224
vn -0.9983 -0.0528 0.0261
vn -0.9912 0.0195 -0.1312
vn -0.9846 0.1246 -0.1227
vn -0.9930 -0.0534 -0.1052
vn -0.9767 0.1364 0.1654
vn -0.9918 0.0198 0.1264
vn -0.9878 -0.0309 0.1525
vn -0.9775 -0.0422 -0.2064
vn -0.9728 0.0179 -0.2308
vn -0.9525 0.1143 -0.2823
vn -0.8774 0.0828 -0.4725
vn -0.9445 0.0078 -0.3284
vn -0.8982 -0.0109 -0.4394
vn -0.7818 0.0402 -0.6223
vn -0.9534 -0.0295 -0.3004
vn -0.9258 -0.0275 -0.3770
vn -0.8551 -0.0237 -0.5179
vn -0.7535 0.0178 -0.6572
vn -0.8400 -0.0206 -0.5422
vn -0.8263 0.0604 -0.5600
vn -0.7366 -0.0161 -0.6762
vn -0.7439 -0.0019 -0.6683
vn -0.9922 -0.1249 0.0011
vn -0.9763 -0.1643 -0.1411
vn -0.9477 -0.1737 -0.2677
vn -0.9791 -0.1552 -0.1315
vn -0.9123 -0.0790 -0.4018
vn -0.8580 -0.1125 -0.5011
vn -0.9374 -0.1434 -0.3174
vn -0.9656 -0.1624 -0.2030
vn -0.8512 -0.0849 -0.5179
vn -0.6454 0.1293 0.7528
vn -0.6498 0.1801 0.7384
vn -0.7766 0.1183 0.6188
vn -0.7535 0.0550 0.6552
vn -0.6075 0.1971 0.7695
vn -0.7597 0.1612 0.6299
vn -0.8480 0.0665 0.5257
vn -0.8288 0.0119 0.5595
vn -0.8397 0.1191 0.5298
vn -0.4269 0.1993 0.8821
vn -0.4454 0.2200 0.8679
vn -0.3898 0.2045 0.8979
vn -0.3550 0.1688 0.9195
vn -0.5325 0.1833 0.8263
vn -0.7042 0.1740 0.6883
vn -0.8032 0.1512 0.5762
vn -0.8312 0.1321 0.5401
vn -0.8647 0.0952 0.4932
vn -0.8842 0.0458 0.4650
vn -0.8779 0.0011 0.4788
vn -0.4837 0.1315 0.8653
vn -0.4811 0.0355 0.8760
vn -0.6157 0.0658 0.7853
vn -0.6558 0.1484 0.7402
vn -0.5377 -0.0546 0.8414
vn -0.6429 -0.0315 0.7653
vn -0.7684 0.0836 0.6345
vn -0.7788 0.1477 0.6096
vn -0.7635 -0.0113 0.6458
vn -0.3187 0.0944 0.9431
vn -0.3618 0.0003 0.9323
vn -0.4344 -0.0750 0.8976
vn -0.5911 -0.1071 0.7994
vn -0.6943 -0.0921 0.7137
vn -0.7911 -0.0743 0.6072
vn -0.8683 -0.0582 0.4925
vn -0.8628 0.0006 0.5056
vn -0.8473 0.1024 0.5211
vn -0.8116 0.1471 0.5654
vn -0.8320 0.1470 0.5350
vn -0.9005 0.0829 0.4268
vn -0.9541 0.0608 0.2931
vn -0.8688 0.1573 0.4696
vn -0.9234 -0.0084 0.3837
vn -0.9621 -0.0180 0.2720
vn -0.9856 0.0362 0.1654
vn -0.9391 0.1552 0.3067
vn -0.9840 -0.0245 0.1764
vn -0.7983 0.1413 0.5855
vn -0.9233 -0.0452 0.3814
vn -0.9599 -0.0333 0.2785
vn -0.9792 -0.0216 0.2018
vn -0.8242 0.1875 0.5343
vn -0.7844 0.1591 0.5995
vn -0.8978 0.0042 0.4404
vn -0.8847 0.0351 0.4647
vn -0.8581 0.0296 0.5126
vn -0.8923 0.0038 0.4515
vn -0.8395 0.0948 0.5351
vn -0.7934 0.1079 0.5990
vn -0.8215 0.0368 0.5690
vn -0.8697 -0.0038 0.4936
vn -0.7762 0.1328 0.6163
vn -0.6440 -0.1334 0.7533
vn -0.6980 -0.1538 0.6994
vn -0.8204 -0.1382 0.5549
vn -0.7546 -0.1185 0.6454
vn -0.7557 -0.1634 0.6342
vn -0.8785 -0.1473 0.4545
vn -0.9064 -0.1121 0.4072
vn -0.8453 -0.0973 0.5253
vn -0.9521 -0.1217 0.2806
vn -0.8088 -0.1539 0.5675
vn -0.9216 -0.1379 0.3629
vn -0.9763 -0.1155 0.1830
vn -0.9937 -0.0961 0.0585
vn -0.9857 -0.0926 0.1410
vn -0.9568 -0.0806 0.2795
vn -0.9073 -0.0734 0.4140
vn -0.8553 -0.1136 0.5056
vn -0.8925 -0.0321 0.4498
vn -0.9729 -0.0163 0.2307
vn -0.9528 -0.0989 0.2871
vn -0.9085 0.0917 0.4078
vn -0.9698 0.1049 0.2201
vn -0.9956 -0.0071 0.0938
vn -0.9889 -0.0830 0.1230
vn -0.9882 0.0957 0.1194
vn -0.9950 0.0777 0.0625
vn -0.9998 -0.0045 0.0214
vn -0.9969 -0.0731 0.0275
vn -0.9973 -0.0650 -0.0333
vn -0.9991 0.0007 -0.0419
vn -0.9891 0.0160 -0.1463
vn -0.9920 -0.0443 -0.1184
vn -0.9981 0.0623 -0.0002
vn -0.9940 0.0547 -0.0952
vn -0.9668 0.0315 -0.2535
vn -0.9723 -0.0096 -0.2337
vn -0.9818 0.0456 -0.1845
vn -0.9965 -0.0828 -0.0086
vn -0.9917 -0.0339 -0.1240
vn -0.9964 -0.0668 -0.0526
vn -0.9483 -0.0483 0.3137
vn -0.9815 -0.0485 0.1852
vn -0.9926 -0.0211 0.1195
vn -0.9736 -0.0221 0.2273
vn -0.9961 -0.0666 0.0571
vn -0.9987 -0.0471 0.0214
vn -0.9951 -0.0017 0.0989
vn -0.9842 0.0020 0.1770
vn -0.9996 -0.0280 0.0047
vn 0.3545 0.1439 0.9239
vn 0.4075 0.0795 0.9097
vn 0.3763 0.0883 0.9223
vn 0.3415 0.1489 0.9280
vn 0.4415 0.0111 0.8972
vn 0.3739 0.0184 0.9273
vn 0.3201 0.1093 0.9410
vn 0.2889 0.1621 0.9435
vn 0.3094 0.0421 0.9500
vn 0.3434 0.1544 0.9264
vn 0.4207 0.0947 0.9022
vn 0.4917 0.0256 0.8704
vn 0.4749 -0.0547 0.8783
vn 0.3990 -0.0536 0.9154
vn 0.3106 -0.0446 0.9495
vn 0.2419 -0.0229 0.9700
vn 0.1793 0.0038 0.9838
vn 0.2445 0.0729 0.9669
vn 0.2454 0.1344 0.9601
vn 0.2071 0.1811 0.9614
vn 0.3058 -0.0893 0.9479
vn 0.1571 -0.1288 0.9792
vn 0.1030 -0.1118 0.9884
vn 0.2137 -0.0820 0.9735
vn -0.0434 -0.1746 0.9837
vn -0.0245 -0.1446 0.9892
vn 0.0466 -0.1003 0.9939
vn 0.1378 -0.0712 0.9879
vn -0.0377 -0.1255 0.9914
vn 0.3857 -0.0995 0.9172
vn 0.2118 -0.1472 0.9662
vn -0.0298 -0.2075 0.9778
vn -0.0946 -0.1147 0.9889
vn -0.0244 -0.0918 0.9955
vn 0.0705 -0.0535 0.9961
vn 0.0023 -0.0284 0.9996
vn -0.1078 -0.0804 0.9909
vn -0.1821 -0.0602 0.9814
vn -0.0721 0.0064 0.9974
vn -0.1743 -0.1093 0.9786
vn -0.2603 -0.1039 0.9599
vn -0.2601 -0.0318 0.9651
vn -0.1704 0.0486 0.9842
vn -0.3424 -0.0924 0.9350
vn 0.1105 0.0393 0.9931
vn -0.1598 0.1327 0.9782
vn 0.0009 0.0849 0.9964
vn 0.1020 0.2019 0.9741
vn 0.1437 0.1624 0.9762
vn -0.0037 0.1928 0.9812
vn -0.0407 0.2181 0.9751
vn 0.1474 0.1111 0.9828
vn 0.0077 0.1510 0.9885
vn -0.2255 0.2191 0.9493
vn -0.2167 0.2209 0.9509
vn -0.1780 0.1850 0.9665
vn 0.3407 0.2088 0.9167
vn 0.3259 0.2204 0.9194
vn 0.3478 0.2128 0.9131
vn 0.3383 0.2126 0.9167
vn 0.3550 0.1879 0.9158
vn 0.3726 0.1710 0.9121
vn 0.3774 0.1981 0.9046
vn 0.3330 0.2140 0.9183
vn 0.4255 0.1465 0.8930
vn 0.3676 0.0798 0.9265
vn 0.3472 0.0615 0.9358
vn 0.4055 0.0353 0.9134
vn 0.4871 0.0051 0.8733
vn 0.4840 0.1174 0.8671
vn 0.4061 0.1774 0.8965
vn 0.3337 0.2097 0.9191
vn 0.3476 -0.0585 0.9358
vn 0.4081 -0.1759 0.8958
vn 0.3788 -0.2019 0.9032
vn 0.3279 -0.0805 0.9413
vn 0.4927 -0.2562 0.8316
vn 0.4064 -0.2713 0.8725
vn 0.3664 -0.2147 0.9053
vn 0.3883 -0.1048 0.9155
vn 0.2918 -0.2793 0.9148
vn 0.5273 -0.1596 0.8345
vn 0.3952 -0.1824 0.9003
vn 0.2581 -0.2003 0.9451
vn 0.1254 -0.2084 0.9700
vn 0.1767 -0.2776 0.9443
vn 0.3307 -0.2140 0.9191
vn 0.4397 -0.1227 0.8897
vn 0.4522 -0.1287 0.8826
vn 0.2878 -0.2033 0.9359
vn 0.2520 -0.1866 0.9496
vn 0.4394 -0.1242 0.8897
vn 0.0852 -0.2689 0.9594
vn 0.0188 -0.2550 0.9667
vn 0.2369 -0.1667 0.9571
vn 0.4228 -0.1128 0.8992
vn -0.0107 -0.2348 0.9720
vn 0.5313 -0.0200 0.8469
vn 0.0195 -0.2050 0.9786
vn -0.0655 -0.1993 0.9777
vn -0.1149 -0.1911 0.9748
vn 0.5196 -0.0492 0.8530
vn 0.5386 -0.0380 0.8417
vn 0.3498 0.1971 0.9159
vn 0.4369 0.1522 0.8866
vn 0.4554 0.1283 0.8810
vn 0.3650 0.1809 0.9133
vn 0.5233 0.0888 0.8475
vn 0.5429 0.0629 0.8374
vn 0.4444 0.1103 0.8890
vn 0.3570 0.1676 0.9190
vn 0.5281 0.0433 0.8481
vn 0.5001 -0.0561 0.8642
vn 0.4318 0.1340 0.8920
vn 0.2371 0.0332 0.9709
vn 0.3256 -0.0815 0.9420
vn 0.3502 0.3960 0.8489
vn 0.1692 0.2851 0.9434
vn 0.0639 -0.0341 0.9974
vn 0.1893 -0.0852 0.9782
vn -0.0389 0.1478 0.9882
vn 0.3082 0.4999 0.8094
vn 0.1253 0.4387 0.8898
vn -0.0875 0.3307 0.9397
vn -0.2173 0.2247 0.9499
vn -0.1601 0.0648 0.9850
vn -0.0275 -0.0417 0.9988
vn 0.0942 -0.0830 0.9921
vn 0.2407 0.5324 0.8116
vn 0.2175 0.5172 0.8278
vn 0.0855 0.4710 0.8780
vn 0.0690 0.4888 0.8697
vn 0.2637 0.4362 0.8603
vn 0.1998 0.3672 0.9084
vn 0.0095 0.3814 0.9244
vn -0.0943 0.4029 0.9104
vn 0.2013 0.2591 0.9446
vn 0.3575 0.2661 0.8952
vn 0.3471 0.1694 0.9224
vn 0.3681 0.0570 0.9280
vn 0.3971 -0.0298 0.9173
vn 0.2801 0.1400 0.9497
vn 0.0578 0.2726 0.9604
vn -0.1397 0.3049 0.9421
vn -0.0425 0.2187 0.9749
vn 0.1905 0.1645 0.9678
vn 0.3087 0.0697 0.9486
vn 0.1223 0.1436 0.9820
vn 0.3644 0.0366 0.9305
vn 0.3800 -0.0190 0.9248
vn 0.3496 0.0092 0.9368
vn 0.2469 0.0725 0.9663
vn 0.3493 -0.0232 0.9367
vn -0.1876 0.1581 0.9694
vn 0.3896 -0.0614 0.9189
vn 0.3509 -0.0447 0.9353
vn 0.3020 -0.0153 0.9532
vn 0.0808 0.0993 0.9918
vn -0.0497 0.1323 0.9900
vn 0.0182 -0.0794 0.9967
vn -0.0579 -0.0228 0.9981
vn -0.0669 -0.0056 0.9977
vn -0.0422 -0.0827 0.9957
vn -0.1672 0.0486 0.9847
vn -0.0994 0.0703 0.9926
vn -0.0713 -0.0024 0.9975
vn -0.0869 -0.0884 0.9923
vn -0.0371 0.0692 0.9969
vn 0.4407 0.0061 0.8976
vn 0.3751 0.0217 0.9267
vn 0.3340 -0.0306 0.9421
vn 0.4108 -0.0227 0.9115
vn 0.3215 0.0404 0.9460
vn 0.2925 -0.0161 0.9561
vn 0.3213 -0.0593 0.9451
vn 0.3676 -0.0715 0.9272
vn 0.2488 -0.0692 0.9661
vn 0.4900 0.0448 0.8706
vn 0.4093 0.0544 0.9108
vn 0.3435 0.0650 0.9369
vn 0.2924 0.0768 0.9532
vn 0.2745 0.0530 0.9601
vn 0.2547 0.0050 0.9670
vn 0.2003 -0.0720 0.9771
vn 0.2081 -0.0785 0.9750
vn 0.2586 -0.0784 0.9628
vn 0.3163 -0.0883 0.9445
vn 0.3863 -0.1036 0.9165
vn 0.2089 0.0705 0.9754
vn 0.0794 0.0971 0.9921
vn 0.1263 0.0420 0.9911
vn 0.2247 0.0234 0.9742
vn -0.0539 0.1185 0.9915
vn 0.0011 0.0612 0.9981
vn 0.1505 -0.0428 0.9877
vn 0.1830 -0.0595 0.9813
vn 0.0818 -0.0212 0.9964
vn 0.1845 0.1082 0.9768
vn 0.0426 0.1475 0.9882
vn -0.0915 0.1786 0.9797
vn 0.1254 -0.0942 0.9876
vn 0.1390 -0.0976 0.9855
vn 0.1564 -0.0909 0.9835
vn 0.2145 -0.0537 0.9752
vn 0.1702 -0.0556 0.9838
vn 0.2240 -0.0321 0.9741
vn 0.2727 -0.0515 0.9607
vn 0.1370 -0.0731 0.9879
vn 0.1713 -0.0190 0.9850
vn 0.2904 -0.0353 0.9563
vn 0.3378 -0.0644 0.9390
vn 0.2344 -0.0111 0.9721
vn 0.2535 -0.0674 0.9650
vn 0.3737 -0.0989 0.9223
vn 0.3195 -0.0737 0.9447
vn 0.4006 -0.1552 0.9030
vn 0.3658 -0.1082 0.9244
vn 0.3969 -0.1466 0.9061
vn 0.4348 -0.1254 0.8918
vn 0.3090 -0.0817 0.9475
vn 0.3626 -0.1108 0.9253
vn 0.4246 -0.0513 0.9039
vn 0.4287 0.0499 0.9021
vn 0.4058 -0.1056 0.9078
vn 0.9024 0.1383 -0.4080
vn 0.8259 0.2173 -0.5202
vn 0.9484 0.2906 -0.1270
vn 0.9892 0.1376 -0.0512
vn 0.6875 0.3264 -0.6487
vn 0.8523 0.4680 -0.2335
vn 0.9265 0.2401 0.2897
vn 0.9642 0.1223 0.2353
vn 0.8652 0.4272 0.2626
vn 0.5161 0.4183 -0.7474
vn 0.6669 0.6550 -0.3553
vn 0.6855 0.6927 0.2242
vn 0.6007 0.4754 0.6427
vn 0.7325 0.2829 0.6192
vn 0.8131 0.1719 0.5562
vn 0.8835 0.1082 0.4558
vn 0.3228 0.4602 -0.8271
vn 0.0398 0.4541 -0.8900
vn 0.0714 0.8245 -0.5613
vn 0.4976 0.7300 -0.4684
vn -0.3294 0.3810 -0.8639
vn -0.4879 0.6449 -0.5883
vn 0.0453 0.9911 0.1250
vn 0.5275 0.8287 0.1872
vn -0.5810 0.8126 0.0468
vn -0.5943 0.2831 -0.7528
vn -0.7423 0.4382 -0.5069
vn -0.8321 0.5538 -0.0295
vn -0.7373 0.5249 0.4253
vn -0.4655 0.6499 0.6007
vn 0.0153 0.7211 0.6927
vn 0.3626 0.6349 0.6822
vn 0.2639 0.3972 0.8790
vn -0.0380 0.4656 0.8842
vn -0.0392 0.3009 0.9529
vn 0.2264 0.2263 0.9474
vn -0.2967 0.4530 0.8407
vn -0.2016 0.3126 0.9282
vn 0.0013 0.2033 0.9791
vn 0.1983 0.1551 0.9678
vn -0.1443 0.2350 0.9612
vn 0.4767 0.2607 0.8395
vn -0.5619 0.4432 0.6985
vn -0.3643 0.3251 0.8727
vn -0.2551 0.2506 0.9339
vn 0.3280 0.1147 0.9377
vn 0.3858 0.1664 0.9075
vn 0.7626 0.0833 0.6415
vn 0.6720 0.1340 0.7283
vn 0.5292 0.0922 0.8435
vn 0.6354 0.0617 0.7697
vn 0.5802 0.1857 0.7930
vn 0.4641 0.1301 0.8762
vn 0.4551 0.0675 0.8879
vn 0.5487 0.0586 0.8340
vn 0.3859 0.0875 0.9184
vn -0.7258 0.2139 -0.6538
vn -0.7772 0.1857 -0.6012
vn -0.8677 0.2579 -0.4249
vn -0.8433 0.3131 -0.4369
vn -0.8290 0.1743 -0.5314
vn -0.9012 0.2059 -0.3814
vn -0.9353 0.3371 -0.1079
vn -0.9185 0.3879 -0.0764
vn -0.9564 0.2459 -0.1572
vn -0.8830 0.1455 -0.4463
vn -0.9283 0.1688 -0.3314
vn -0.9655 0.1894 -0.1790
vn -0.9805 0.1966 -0.0023
vn -0.9614 0.2661 0.0697
vn -0.9249 0.3457 0.1581
vn -0.8807 0.4063 0.2434
vn -0.9168 0.1058 -0.3852
vn -0.9189 0.0843 -0.3854
vn -0.9513 0.0919 -0.2942
vn -0.9475 0.1224 -0.2956
vn -0.9109 0.0719 -0.4064
vn -0.9459 0.0682 -0.3171
vn -0.9769 0.0935 -0.1924
vn -0.9740 0.1292 -0.1861
vn -0.9694 0.0612 -0.2376
vn -0.9838 0.0538 -0.1712
vn -0.9902 0.0847 -0.1115
vn -0.9894 0.1262 -0.0714
vn -0.9910 0.1195 0.0596
vn -0.9969 0.0752 -0.0235
vn -0.9938 0.0616 0.0930
vn -0.9750 0.1028 0.1971
vn -0.9923 0.0448 -0.1151
vn -0.9987 0.0323 -0.0384
vn -0.9715 0.0368 0.2340
vn -0.9304 0.0750 0.3589
vn -0.9982 0.0168 0.0580
vn -0.9682 0.1871 0.1659
vn -0.8604 0.1361 0.4912
vn -0.9248 0.1684 0.3411
vn -0.7581 0.3833 0.5276
vn -0.8664 0.3208 0.3827
vn -0.7636 0.2724 0.5854
vn -0.5928 0.3146 0.7413
vn -0.9262 0.2570 0.2757
vn -0.8551 0.2266 0.4663
vn -0.6520 0.2227 0.7248
vn -0.4767 0.2471 0.8436
vn -0.7668 0.1913 0.6128
vt 0.765625 0.640625
vt 0.781250 0.640625
vt 0.781250 0.656250
vt 0.765625 0.656250
vt 0.796875 0.640625
vt 0.796875 0.656250
vt 0.781250 0.671875
vt 0.765625 0.671875
vt 0.796875 0.671875
vt 0.750000 0.625000
vt 0.765625 0.625000
vt 0.750000 0.640625
vt 0.781250 0.625000
vt 0.796875 0.625000
vt 0.812500 0.625000
vt 0.812500 0.640625
vt 0.812500 0.656250
vt 0.812500 0.671875
vt 0.812500 0.687500
vt 0.796875 0.687500
vt 0.781250 0.687500
vt 0.765625 0.687500
vt 0.750000 0.671875
vt 0.750000 0.687500
vt 0.750000 0.656250
vt 0.828125 0.640625
vt 0.843750 0.640625
vt 0.843750 0.656250
vt 0.828125 0.656250
vt 0.859375 0.640625
vt 0.859375 0.656250
vt 0.843750 0.671875
vt 0.828125 0.671875
vt 0.859375 0.671875
vt 0.828125 0.625000
vt 0.843750 0.625000
vt 0.859375 0.625000
vt 0.875000 0.625000
vt 0.875000 0.640625
vt 0.875000 0.656250
vt 0.875000 0.671875
vt 0.875000 0.687500
vt 0.859375 0.687500
vt 0.843750 0.687500
vt 0.828125 0.687500
vt 0.828125 0.703125
vt 0.843750 0.703125
vt 0.843750 0.718750
vt 0.828125 0.718750
vt 0.859375 0.703125
vt 0.859375 0.718750
vt 0.843750 0.734375
vt 0.828125 0.734375
vt 0.859375 0.734375
vt 0.812500 0.703125
vt 0.875000 0.703125
vt 0.875000 0.718750
vt 0.875000 0.734375
vt 0.875000 0.750000
vt 0.859375 0.750000
vt 0.843750 0.750000
vt 0.828125 0.750000
vt 0.812500 0.734375
vt 0.812500 0.750000
vt 0.812500 0.718750
vt 0.765625 0.703125
vt 0.781250 0.703125
vt 0.781250 0.718750
vt 0.765625 0.718750
vt 0.796875 0.703125
vt 0.796875 0.718750
vt 0.781250 0.734375
vt 0.765625 0.734375
vt 0.796875 0.734375
vt 0.750000 0.703125
vt 0.796875 0.750000
vt 0.781250 0.750000
vt 0.765625 0.750000
vt 0.750000 0.734375
vt 0.750000 0.750000
vt 0.750000 0.718750
vt 0.515625 0.890625
vt 0.531250 0.890625
vt 0.531250 0.906250
vt 0.515625 0.906250
vt 0.546875 0.890625
vt 0.546875 0.906250
vt 0.531250 0.921875
vt 0.515625 0.921875
vt 0.546875 0.921875
vt 0.500000 0.875000
vt 0.515625 0.875000
vt 0.500000 0.890625
vt 0.531250 0.875000
vt 0.546875 0.875000
vt 0.562500 0.875000
vt 0.562500 0.890625
vt 0.562500 0.906250
vt 0.562500 0.921875
vt 0.562500 0.937500
vt 0.546875 0.937500
vt 0.531250 0.937500
vt 0.515625 0.937500
vt 0.500000 0.921875
vt 0.500000 0.937500
vt 0.500000 0.906250
vt 0.578125 0.890625
vt 0.593750 0.890625
vt 0.593750 0.906250
vt 0.578125 0.906250
vt 0.609375 0.890625
vt 0.609375 0.906250
vt 0.593750 0.921875
vt 0.578125 0.921875
vt 0.609375 0.921875
vt 0.578125 0.875000
vt 0.593750 0.875000
vt 0.609375 0.875000
vt 0.625000 0.875000
vt 0.625000 0.890625
vt 0.625000 0.906250
vt 0.625000 0.921875
vt 0.625000 0.937500
vt 0.609375 0.937500
vt 0.593750 0.937500
vt 0.578125 0.937500
vt 0.578125 0.953125
vt 0.593750 0.953125
vt 0.593750 0.968750
vt 0.578125 0.968750
vt 0.609375 0.953125
vt 0.609375 0.968750
vt 0.593750 0.984375
vt 0.578125 0.984375
vt 0.609375 0.984375
vt 0.562500 0.953125
vt 0.625000 0.953125
vt 0.625000 0.968750
vt 0.625000 0.984375
vt 0.625000 1.000000
vt 0.609375 1.000000
vt 0.593750 1.000000
vt 0.578125 1.000000
vt 0.562500 0.984375
vt 0.562500 1.000000
vt 0.562500 0.968750
vt 0.515625 0.953125
vt 0.531250 0.953125
vt 0.531250 0.968750
vt 0.515625 0.968750
vt 0.546875 0.953125
vt 0.546875 0.968750
vt 0.531250 0.984375
vt 0.515625 0.984375
vt 0.546875 0.984375
vt 0.500000 0.953125
vt 0.546875 1.000000
vt 0.531250 1.000000
vt 0.515625 1.000000
vt 0.500000 0.984375
vt 0.500000 1.000000
vt 0.500000 0.968750
vt 0.515625 0.140625
vt 0.531250 0.140625
vt 0.531250 0.156250
vt 0.515625 0.156250
vt 0.546875 0.140625
vt 0.546875 0.156250
vt 0.531250 0.171875
vt 0.515625 0.171875
vt 0.546875 0.171875
vt 0.500000 0.125000
vt 0.515625 0.125000
vt 0.500000 0.140625
vt 0.531250 0.125000
vt 0.546875 0.125000
vt 0.562500 0.125000
vt 0.562500 0.140625
vt 0.562500 0.156250
vt 0.562500 0.171875
vt 0.562500 0.187500
vt 0.546875 0.187500
vt 0.531250 0.187500
vt 0.515625 0.187500
vt 0.500000 0.171875
vt 0.500000 0.187500
vt 0.500000 0.156250
vt 0.578125 0.140625
vt 0.593750 0.140625
vt 0.593750 0.156250
vt 0.578125 0.156250
vt 0.609375 0.140625
vt 0.609375 0.156250
vt 0.593750 0.171875
vt 0.578125 0.171875
vt 0.609375 0.171875
vt 0.578125 0.125000
vt 0.593750 0.125000
vt 0.609375 0.125000
vt 0.625000 0.125000
vt 0.625000 0.140625
vt 0.625000 0.156250
vt 0.625000 0.171875
vt 0.625000 0.187500
vt 0.609375 0.187500
vt 0.593750 0.187500
vt 0.578125 0.187500
vt 0.578125 0.203125
vt 0.593750 0.203125
vt 0.593750 0.218750
vt 0.578125 0.218750
vt 0.609375 0.203125
vt 0.609375 0.218750
vt 0.593750 0.234375
vt 0.578125 0.234375
vt 0.609375 0.234375
vt 0.562500 0.203125
vt 0.625000 0.203125
vt 0.625000 0.218750
vt 0.625000 0.234375
vt 0.625000 0.250000
vt 0.609375 0.250000
vt 0.593750 0.250000
vt 0.578125 0.250000
vt 0.562500 0.234375
vt 0.562500 0.250000
vt 0.562500 0.218750
vt 0.515625 0.203125
vt 0.531250 0.203125
vt 0.531250 0.218750
vt 0.515625 0.218750
vt 0.546875 0.203125
vt 0.546875 0.218750
vt 0.531250 0.234375
vt 0.515625 0.234375
vt 0.546875 0.234375
vt 0.500000 0.203125
vt 0.546875 0.250000
vt 0.531250 0.250000
vt 0.515625 0.250000
vt 0.500000 0.234375
vt 0.500000 0.250000
vt 0.500000 0.218750
vt 0.265625 0.640625
vt 0.281250 0.640625
vt 0.281250 0.656250
vt 0.265625 0.656250
vt 0.296875 0.640625
vt 0.296875 0.656250
vt 0.281250 0.671875
vt 0.265625 0.671875
vt 0.296875 0.671875
vt 0.250000 0.625000
vt 0.265625 0.625000
vt 0.250000 0.640625
vt 0.281250 0.625000
vt 0.296875 0.625000
vt 0.312500 0.625000
vt 0.312500 0.640625
vt 0.312500 0.656250
vt 0.312500 0.671875
vt 0.312500 0.687500
vt 0.296875 0.687500
vt 0.281250 0.687500
vt 0.265625 0.687500
vt 0.250000 0.671875
vt 0.250000 0.687500
vt 0.250000 0.656250
vt 0.328125 0.640625
vt 0.343750 0.640625
vt 0.343750 0.656250
vt 0.328125 0.656250
vt 0.359375 0.640625
vt 0.359375 0.656250
vt 0.343750 0.671875
vt 0.328125 0.671875
vt 0.359375 0.671875
vt 0.328125 0.625000
vt 0.343750 0.625000
vt 0.359375 0.625000
vt 0.375000 0.625000
vt 0.375000 0.640625
vt 0.375000 0.656250
vt 0.375000 0.671875
vt 0.375000 0.687500
vt 0.359375 0.687500
vt 0.343750 0.687500
vt 0.328125 0.687500
vt 0.328125 0.703125
vt 0.343750 0.703125
vt 0.343750 0.718750
vt 0.328125 0.718750
vt 0.359375 0.703125
vt 0.359375 0.718750
vt 0.343750 0.734375
vt 0.328125 0.734375
vt 0.359375 0.734375
vt 0.312500 0.703125
vt 0.375000 0.703125
vt 0.375000 0.718750
vt 0.375000 0.734375
vt 0.375000 0.750000
vt 0.359375 0.750000
vt 0.343750 0.750000
vt 0.328125 0.750000
vt 0.312500 0.734375
vt 0.312500 0.750000
vt 0.312500 0.718750
vt 0.265625 0.703125
vt 0.281250 0.703125
vt 0.281250 0.718750
vt 0.265625 0.718750
vt 0.296875 0.703125
vt 0.296875 0.718750
vt 0.281250 0.734375
vt 0.265625 0.734375
vt 0.296875 0.734375
vt 0.250000 0.703125
vt 0.296875 0.750000
vt 0.281250 0.750000
vt 0.265625 0.750000
vt 0.250000 0.734375
vt 0.250000 0.750000
vt 0.250000 0.718750
vt 0.515625 0.640625
vt 0.531250 0.640625
vt 0.531250 0.656250
vt 0.515625 0.656250
vt 0.546875 0.640625
vt 0.546875 0.656250
vt 0.531250 0.671875
vt 0.515625 0.671875
vt 0.546875 0.671875
vt 0.500000 0.625000
vt 0.515625 0.625000
vt 0.500000 0.640625
vt 0.531250 0.625000
vt 0.546875 0.625000
vt 0.562500 0.625000
vt 0.562500 0.640625
vt 0.562500 0.656250
vt 0.562500 0.671875
vt 0.562500 0.687500
vt 0.546875 0.687500
vt 0.531250 0.687500
vt 0.515625 0.687500
vt 0.500000 0.671875
vt 0.500000 0.687500
vt 0.500000 0.656250
vt 0.578125 0.640625
vt 0.593750 0.640625
vt 0.593750 0.656250
vt 0.578125 0.656250
vt 0.609375 0.640625
vt 0.609375 0.656250
vt 0.593750 0.671875
vt 0.578125 0.671875
vt 0.609375 0.671875
vt 0.578125 0.625000
vt 0.593750 0.625000
vt 0.609375 0.625000
vt 0.625000 0.625000
vt 0.625000 0.640625
vt 0.625000 0.656250
vt 0.625000 0.671875
vt 0.625000 0.687500
vt 0.609375 0.687500
vt 0.593750 0.687500
vt 0.578125 0.687500
vt 0.578125 0.703125
vt 0.593750 0.703125
vt 0.593750 0.718750
vt 0.578125 0.718750
vt 0.609375 0.703125
vt 0.609375 0.718750
vt 0.593750 0.734375
vt 0.578125 0.734375
vt 0.609375 0.734375
vt 0.562500 0.703125
vt 0.625000 0.703125
vt 0.625000 0.718750
vt 0.625000 0.734375
vt 0.625000 0.750000
vt 0.609375 0.750000
vt 0.593750 0.750000
vt 0.578125 0.750000
vt 0.562500 0.734375
vt 0.562500 0.750000
vt 0.562500 0.718750
vt 0.515625 0.703125
vt 0.531250 0.703125
vt 0.531250 0.718750
vt 0.515625 0.718750
vt 0.546875 0.703125
vt 0.546875 0.718750
vt 0.531250 0.734375
vt 0.515625 0.734375
vt 0.546875 0.734375
vt 0.500000 0.703125
vt 0.546875 0.750000
vt 0.531250 0.750000
vt 0.515625 0.750000
vt 0.500000 0.734375
vt 0.500000 0.750000
vt 0.500000 0.718750
vt 0.515625 0.390625
vt 0.531250 0.390625
vt 0.531250 0.406250
vt 0.515625 0.406250
vt 0.546875 0.390625
vt 0.546875 0.406250
vt 0.531250 0.421875
vt 0.515625 0.421875
vt 0.546875 0.421875
vt 0.500000 0.375000
vt 0.515625 0.375000
vt 0.500000 0.390625
vt 0.531250 0.375000
vt 0.546875 0.375000
vt 0.562500 0.375000
vt 0.562500 0.390625
vt 0.562500 0.406250
vt 0.562500 0.421875
vt 0.562500 0.437500
vt 0.546875 0.437500
vt 0.531250 0.437500
vt 0.515625 0.437500
vt 0.500000 0.421875
vt 0.500000 0.437500
vt 0.500000 0.406250
vt 0.578125 0.390625
vt 0.593750 0.390625
vt 0.593750 0.406250
vt 0.578125 0.406250
vt 0.609375 0.390625
vt 0.609375 0.406250
vt 0.593750 0.421875
vt 0.578125 0.421875
vt 0.609375 0.421875
vt 0.578125 0.375000
vt 0.593750 0.375000
vt 0.609375 0.375000
vt 0.625000 0.375000
vt 0.625000 0.390625
vt 0.625000 0.406250
vt 0.625000 0.421875
vt 0.625000 0.437500
vt 0.609375 0.437500
vt 0.593750 0.437500
vt 0.578125 0.437500
vt 0.578125 0.453125
vt 0.593750 0.453125
vt 0.593750 0.468750
vt 0.578125 0.468750
vt 0.609375 0.453125
vt 0.609375 0.468750
vt 0.593750 0.484375
vt 0.578125 0.484375
vt 0.609375 0.484375
vt 0.562500 0.453125
vt 0.625000 0.453125
vt 0.625000 0.468750
vt 0.625000 0.484375
vt 0.625000 0.500000
vt 0.609375 0.500000
vt 0.593750 0.500000
vt 0.578125 0.500000
vt 0.562500 0.484375
vt 0.562500 0.500000
vt 0.562500 0.468750
vt 0.515625 0.453125
vt 0.531250 0.453125
vt 0.531250 0.468750
vt 0.515625 0.468750
vt 0.546875 0.453125
vt 0.546875 0.468750
vt 0.531250 0.484375
vt 0.515625 0.484375
vt 0.546875 0.484375
vt 0.500000 0.453125
vt 0.546875 0.500000
vt 0.531250 0.500000
vt 0.515625 0.500000
vt 0.500000 0.484375
vt 0.500000 0.500000
vt 0.500000 0.468750
vt 0.390625 0.390625
vt 0.406250 0.390625
vt 0.406250 0.406250
vt 0.390625 0.406250
vt 0.421875 0.390625
vt 0.421875 0.406250
vt 0.406250 0.421875
vt 0.390625 0.421875
vt 0.421875 0.421875
vt 0.375000 0.375000
vt 0.390625 0.375000
vt 0.375000 0.390625
vt 0.406250 0.375000
vt 0.421875 0.375000
vt 0.437500 0.375000
vt 0.437500 0.390625
vt 0.437500 0.406250
vt 0.437500 0.421875
vt 0.437500 0.437500
vt 0.421875 0.437500
vt 0.406250 0.437500
vt 0.390625 0.437500
vt 0.375000 0.421875
vt 0.375000 0.437500
vt 0.375000 0.406250
vt 0.453125 0.390625
vt 0.468750 0.390625
vt 0.468750 0.406250
vt 0.453125 0.406250
vt 0.484375 0.390625
vt 0.484375 0.406250
vt 0.468750 0.421875
vt 0.453125 0.421875
vt 0.484375 0.421875
vt 0.453125 0.375000
vt 0.468750 0.375000
vt 0.484375 0.375000
vt 0.484375 0.437500
vt 0.468750 0.437500
vt 0.453125 0.437500
vt 0.453125 0.453125
vt 0.468750 0.453125
vt 0.468750 0.468750
vt 0.453125 0.468750
vt 0.484375 0.453125
vt 0.484375 0.468750
vt 0.468750 0.484375
vt 0.453125 0.484375
vt 0.484375 0.484375
vt 0.437500 0.453125
vt 0.484375 0.500000
vt 0.468750 0.500000
vt 0.453125 0.500000
vt 0.437500 0.484375
vt 0.437500 0.500000
vt 0.437500 0.468750
vt 0.390625 0.453125
vt 0.406250 0.453125
vt 0.406250 0.468750
vt 0.390625 0.468750
vt 0.421875 0.453125
vt 0.421875 0.468750
vt 0.406250 0.484375
vt 0.390625 0.484375
vt 0.421875 0.484375
vt 0.375000 0.453125
vt 0.421875 0.500000
vt 0.406250 0.500000
vt 0.390625 0.500000
vt 0.375000 0.484375
vt 0.375000 0.500000
vt 0.375000 0.468750
vt 0.390625 0.265625
vt 0.406250 0.265625
vt 0.406250 0.281250
vt 0.390625 0.281250
vt 0.421875 0.265625
vt 0.421875 0.281250
vt 0.406250 0.296875
vt 0.390625 0.296875
vt 0.421875 0.296875
vt 0.375000 0.250000
vt 0.390625 0.250000
vt 0.375000 0.265625
vt 0.406250 0.250000
vt 0.421875 0.250000
vt 0.437500 0.250000
vt 0.437500 0.265625
vt 0.437500 0.281250
vt 0.437500 0.296875
vt 0.437500 0.312500
vt 0.421875 0.312500
vt 0.406250 0.312500
vt 0.390625 0.312500
vt 0.375000 0.296875
vt 0.375000 0.312500
vt 0.375000 0.281250
vt 0.453125 0.265625
vt 0.468750 0.265625
vt 0.468750 0.281250
vt 0.453125 0.281250
vt 0.484375 0.265625
vt 0.484375 0.281250
vt 0.468750 0.296875
vt 0.453125 0.296875
vt 0.484375 0.296875
vt 0.453125 0.250000
vt 0.468750 0.250000
vt 0.484375 0.250000
vt 0.500000 0.265625
vt 0.500000 0.281250
vt 0.500000 0.296875
vt 0.500000 0.312500
vt 0.484375 0.312500
vt 0.468750 0.312500
vt 0.453125 0.312500
vt 0.453125 0.328125
vt 0.468750 0.328125
vt 0.468750 0.343750
vt 0.453125 0.343750
vt 0.484375 0.328125
vt 0.484375 0.343750
vt 0.468750 0.359375
vt 0.453125 0.359375
vt 0.484375 0.359375
vt 0.437500 0.328125
vt 0.500000 0.328125
vt 0.500000 0.343750
vt 0.500000 0.359375
vt 0.437500 0.359375
vt 0.437500 0.343750
vt 0.390625 0.328125
vt 0.406250 0.328125
vt 0.406250 0.343750
vt 0.390625 0.343750
vt 0.421875 0.328125
vt 0.421875 0.343750
vt 0.406250 0.359375
vt 0.390625 0.359375
vt 0.421875 0.359375
vt 0.375000 0.328125
vt 0.375000 0.359375
vt 0.375000 0.343750
vt 0.515625 0.265625
vt 0.531250 0.265625
vt 0.531250 0.281250
vt 0.515625 0.281250
vt 0.546875 0.265625
vt 0.546875 0.281250
vt 0.531250 0.296875
vt 0.515625 0.296875
vt 0.546875 0.296875
vt 0.562500 0.265625
vt 0.562500 0.281250
vt 0.562500 0.296875
vt 0.562500 0.312500
vt 0.546875 0.312500
vt 0.531250 0.312500
vt 0.515625 0.312500
vt 0.578125 0.265625
vt 0.593750 0.265625
vt 0.593750 0.281250
vt 0.578125 0.281250
vt 0.609375 0.265625
vt 0.609375 0.281250
vt 0.593750 0.296875
vt 0.578125 0.296875
vt 0.609375 0.296875
vt 0.625000 0.265625
vt 0.625000 0.281250
vt 0.625000 0.296875
vt 0.625000 0.312500
vt 0.609375 0.312500
vt 0.593750 0.312500
vt 0.578125 0.312500
vt 0.578125 0.328125
vt 0.593750 0.328125
vt 0.593750 0.343750
vt 0.578125 0.343750
vt 0.609375 0.328125
vt 0.609375 0.343750
vt 0.593750 0.359375
vt 0.578125 0.359375
vt 0.609375 0.359375
vt 0.562500 0.328125
vt 0.625000 0.328125
vt 0.625000 0.343750
vt 0.625000 0.359375
vt 0.562500 0.359375
vt 0.562500 0.343750
vt 0.515625 0.328125
vt 0.531250 0.328125
vt 0.531250 0.343750
vt 0.515625 0.343750
vt 0.546875 0.328125
vt 0.546875 0.343750
vt 0.531250 0.359375
vt 0.515625 0.359375
vt 0.546875 0.359375
vt 0.390625 0.640625
vt 0.406250 0.640625
vt 0.406250 0.656250
vt 0.390625 0.656250
vt 0.421875 0.640625
vt 0.421875 0.656250
vt 0.406250 0.671875
vt 0.390625 0.671875
vt 0.421875 0.671875
vt 0.390625 0.625000
vt 0.406250 0.625000
vt 0.421875 0.625000
vt 0.437500 0.625000
vt 0.437500 0.640625
vt 0.437500 0.656250
vt 0.437500 0.671875
vt 0.437500 0.687500
vt 0.421875 0.687500
vt 0.406250 0.687500
vt 0.390625 0.687500
vt 0.453125 0.640625
vt 0.468750 0.640625
vt 0.468750 0.656250
vt 0.453125 0.656250
vt 0.484375 0.640625
vt 0.484375 0.656250
vt 0.468750 0.671875
vt 0.453125 0.671875
vt 0.484375 0.671875
vt 0.453125 0.625000
vt 0.468750 0.625000
vt 0.484375 0.625000
vt 0.484375 0.687500
vt 0.468750 0.687500
vt 0.453125 0.687500
vt 0.453125 0.703125
vt 0.468750 0.703125
vt 0.468750 0.718750
vt 0.453125 0.718750
vt 0.484375 0.703125
vt 0.484375 0.718750
vt 0.468750 0.734375
vt 0.453125 0.734375
vt 0.484375 0.734375
vt 0.437500 0.703125
vt 0.484375 0.750000
vt 0.468750 0.750000
vt 0.453125 0.750000
vt 0.437500 0.734375
vt 0.437500 0.750000
vt 0.437500 0.718750
vt 0.390625 0.703125
vt 0.406250 0.703125
vt 0.406250 0.718750
vt 0.390625 0.718750
vt 0.421875 0.703125
vt 0.421875 0.718750
vt 0.406250 0.734375
vt 0.390625 0.734375
vt 0.421875 0.734375
vt 0.421875 0.750000
vt 0.406250 0.750000
vt 0.390625 0.750000
vt 0.390625 0.515625
vt 0.406250 0.515625
vt 0.406250 0.531250
vt 0.390625 0.531250
vt 0.421875 0.515625
vt 0.421875 0.531250
vt 0.406250 0.546875
vt 0.390625 0.546875
vt 0.421875 0.546875
vt 0.375000 0.515625
vt 0.437500 0.515625
vt 0.437500 0.531250
vt 0.437500 0.546875
vt 0.437500 0.562500
vt 0.421875 0.562500
vt 0.406250 0.562500
vt 0.390625 0.562500
vt 0.375000 0.546875
vt 0.375000 0.562500
vt 0.375000 0.531250
vt 0.453125 0.515625
vt 0.468750 0.515625
vt 0.468750 0.531250
vt 0.453125 0.531250
vt 0.484375 0.515625
vt 0.484375 0.531250
vt 0.468750 0.546875
vt 0.453125 0.546875
vt 0.484375 0.546875
vt 0.500000 0.515625
vt 0.500000 0.531250
vt 0.500000 0.546875
vt 0.500000 0.562500
vt 0.484375 0.562500
vt 0.468750 0.562500
vt 0.453125 0.562500
vt 0.453125 0.578125
vt 0.468750 0.578125
vt 0.468750 0.593750
vt 0.453125 0.593750
vt 0.484375 0.578125
vt 0.484375 0.593750
vt 0.468750 0.609375
vt 0.453125 0.609375
vt 0.484375 0.609375
vt 0.437500 0.578125
vt 0.500000 0.578125
vt 0.500000 0.593750
vt 0.500000 0.609375
vt 0.437500 0.609375
vt 0.437500 0.593750
vt 0.390625 0.578125
vt 0.406250 0.578125
vt 0.406250 0.593750
vt 0.390625 0.593750
vt 0.421875 0.578125
vt 0.421875 0.593750
vt 0.406250 0.609375
vt 0.390625 0.609375
vt 0.421875 0.609375
vt 0.375000 0.578125
vt 0.375000 0.609375
vt 0.375000 0.593750
vt 0.515625 0.515625
vt 0.531250 0.515625
vt 0.531250 0.531250
vt 0.515625 0.531250
vt 0.546875 0.515625
vt 0.546875 0.531250
vt 0.531250 0.546875
vt 0.515625 0.546875
vt 0.546875 0.546875
vt 0.562500 0.515625
vt 0.562500 0.531250
vt 0.562500 0.546875
vt 0.562500 0.562500
vt 0.546875 0.562500
vt 0.531250 0.562500
vt 0.515625 0.562500
vt 0.578125 0.515625
vt 0.593750 0.515625
vt 0.593750 0.531250
vt 0.578125 0.531250
vt 0.609375 0.515625
vt 0.609375 0.531250
vt 0.593750 0.546875
vt 0.578125 0.546875
vt 0.609375 0.546875
vt 0.625000 0.515625
vt 0.625000 0.531250
vt 0.625000 0.546875
vt 0.625000 0.562500
vt 0.609375 0.562500
vt 0.593750 0.562500
vt 0.578125 0.562500
vt 0.578125 0.578125
vt 0.593750 0.578125
vt 0.593750 0.593750
vt 0.578125 0.593750
vt 0.609375 0.578125
vt 0.609375 0.593750
vt 0.593750 0.609375
vt 0.578125 0.609375
vt 0.609375 0.609375
vt 0.562500 0.578125
vt 0.625000 0.578125
vt 0.625000 0.593750
vt 0.625000 0.609375
vt 0.562500 0.609375
vt 0.562500 0.593750
vt 0.515625 0.578125
vt 0.531250 0.578125
vt 0.531250 0.593750
vt 0.515625 0.593750
vt 0.546875 0.578125
vt 0.546875 0.593750
vt 0.531250 0.609375
vt 0.515625 0.609375
vt 0.546875 0.609375
vt 0.140625 0.640625
vt 0.156250 0.640625
vt 0.156250 0.656250
vt 0.140625 0.656250
vt 0.171875 0.640625
vt 0.171875 0.656250
vt 0.156250 0.671875
vt 0.140625 0.671875
vt 0.171875 0.671875
vt 0.125000 0.625000
vt 0.140625 0.625000
vt 0.125000 0.640625
vt 0.156250 0.625000
vt 0.171875 0.625000
vt 0.187500 0.625000
vt 0.187500 0.640625
vt 0.187500 0.656250
vt 0.187500 0.671875
vt 0.187500 0.687500
vt 0.171875 0.687500
vt 0.156250 0.687500
vt 0.140625 0.687500
vt 0.125000 0.671875
vt 0.125000 0.687500
vt 0.125000 0.656250
vt 0.203125 0.640625
vt 0.218750 0.640625
vt 0.218750 0.656250
vt 0.203125 0.656250
vt 0.234375 0.640625
vt 0.234375 0.656250
vt 0.218750 0.671875
vt 0.203125 0.671875
vt 0.234375 0.671875
vt 0.203125 0.625000
vt 0.218750 0.625000
vt 0.234375 0.625000
vt 0.234375 0.687500
vt 0.218750 0.687500
vt 0.203125 0.687500
vt 0.203125 0.703125
vt 0.218750 0.703125
vt 0.218750 0.718750
vt 0.203125 0.718750
vt 0.234375 0.703125
vt 0.234375 0.718750
vt 0.218750 0.734375
vt 0.203125 0.734375
vt 0.234375 0.734375
vt 0.187500 0.703125
vt 0.234375 0.750000
vt 0.218750 0.750000
vt 0.203125 0.750000
vt 0.187500 0.734375
vt 0.187500 0.750000
vt 0.187500 0.718750
vt 0.140625 0.703125
vt 0.156250 0.703125
vt 0.156250 0.718750
vt 0.140625 0.718750
vt 0.171875 0.703125
vt 0.171875 0.718750
vt 0.156250 0.734375
vt 0.140625 0.734375
vt 0.171875 0.734375
vt 0.125000 0.703125
vt 0.171875 0.750000
vt 0.156250 0.750000
vt 0.140625 0.750000
vt 0.125000 0.734375
vt 0.125000 0.750000
vt 0.125000 0.718750
vt 0.140625 0.515625
vt 0.156250 0.515625
vt 0.156250 0.531250
vt 0.140625 0.531250
vt 0.171875 0.515625
vt 0.171875 0.531250
vt 0.156250 0.546875
vt 0.140625 0.546875
vt 0.171875 0.546875
vt 0.125000 0.500000
vt 0.140625 0.500000
vt 0.125000 0.515625
vt 0.156250 0.500000
vt 0.171875 0.500000
vt 0.187500 0.500000
vt 0.187500 0.515625
vt 0.187500 0.531250
vt 0.187500 0.546875
vt 0.187500 0.562500
vt 0.171875 0.562500
vt 0.156250 0.562500
vt 0.140625 0.562500
vt 0.125000 0.546875
vt 0.125000 0.562500
vt 0.125000 0.531250
vt 0.203125 0.515625
vt 0.218750 0.515625
vt 0.218750 0.531250
vt 0.203125 0.531250
vt 0.234375 0.515625
vt 0.234375 0.531250
vt 0.218750 0.546875
vt 0.203125 0.546875
vt 0.234375 0.546875
vt 0.203125 0.500000
vt 0.218750 0.500000
vt 0.234375 0.500000
vt 0.250000 0.500000
vt 0.250000 0.515625
vt 0.250000 0.531250
vt 0.250000 0.546875
vt 0.250000 0.562500
vt 0.234375 0.562500
vt 0.218750 0.562500
vt 0.203125 0.562500
vt 0.203125 0.578125
vt 0.218750 0.578125
vt 0.218750 0.593750
vt 0.203125 0.593750
vt 0.234375 0.578125
vt 0.234375 0.593750
vt 0.218750 0.609375
vt 0.203125 0.609375
vt 0.234375 0.609375
vt 0.187500 0.578125
vt 0.250000 0.578125
vt 0.250000 0.593750
vt 0.250000 0.609375
vt 0.187500 0.609375
vt 0.187500 0.593750
vt 0.140625 0.578125
vt 0.156250 0.578125
vt 0.156250 0.593750
vt 0.140625 0.593750
vt 0.171875 0.578125
vt 0.171875 0.593750
vt 0.156250 0.609375
vt 0.140625 0.609375
vt 0.171875 0.609375
vt 0.125000 0.578125
vt 0.125000 0.609375
vt 0.125000 0.593750
vt 0.265625 0.515625
vt 0.281250 0.515625
vt 0.281250 0.531250
vt 0.265625 0.531250
vt 0.296875 0.515625
vt 0.296875 0.531250
vt 0.281250 0.546875
vt 0.265625 0.546875
vt 0.296875 0.546875
vt 0.265625 0.500000
vt 0.281250 0.500000
vt 0.296875 0.500000
vt 0.312500 0.500000
vt 0.312500 0.515625
vt 0.312500 0.531250
vt 0.312500 0.546875
vt 0.312500 0.562500
vt 0.296875 0.562500
vt 0.281250 0.562500
vt 0.265625 0.562500
vt 0.328125 0.515625
vt 0.343750 0.515625
vt 0.343750 0.531250
vt 0.328125 0.531250
vt 0.359375 0.515625
vt 0.359375 0.531250
vt 0.343750 0.546875
vt 0.328125 0.546875
vt 0.359375 0.546875
vt 0.328125 0.500000
vt 0.343750 0.500000
vt 0.359375 0.500000
vt 0.359375 0.562500
vt 0.343750 0.562500
vt 0.328125 0.562500
vt 0.328125 0.578125
vt 0.343750 0.578125
vt 0.343750 0.593750
vt 0.328125 0.593750
vt 0.359375 0.578125
vt 0.359375 0.593750
vt 0.343750 0.609375
vt 0.328125 0.609375
vt 0.359375 0.609375
vt 0.312500 0.578125
vt 0.312500 0.609375
vt 0.312500 0.593750
vt 0.265625 0.578125
vt 0.281250 0.578125
vt 0.281250 0.593750
vt 0.265625 0.593750
vt 0.296875 0.578125
vt 0.296875 0.593750
vt 0.281250 0.609375
vt 0.265625 0.609375
vt 0.296875 0.609375
vt 0.390625 0.140625
vt 0.406250 0.140625
vt 0.406250 0.156250
vt 0.390625 0.156250
vt 0.421875 0.140625
vt 0.421875 0.156250
vt 0.406250 0.171875
vt 0.390625 0.171875
vt 0.421875 0.171875
vt 0.375000 0.125000
vt 0.390625 0.125000
vt 0.375000 0.140625
vt 0.406250 0.125000
vt 0.421875 0.125000
vt 0.437500 0.125000
vt 0.437500 0.140625
vt 0.437500 0.156250
vt 0.437500 0.171875
vt 0.437500 0.187500
vt 0.421875 0.187500
vt 0.406250 0.187500
vt 0.390625 0.187500
vt 0.375000 0.171875
vt 0.375000 0.187500
vt 0.375000 0.156250
vt 0.453125 0.140625
vt 0.468750 0.140625
vt 0.468750 0.156250
vt 0.453125 0.156250
vt 0.484375 0.140625
vt 0.484375 0.156250
vt 0.468750 0.171875
vt 0.453125 0.171875
vt 0.484375 0.171875
vt 0.453125 0.125000
vt 0.468750 0.125000
vt 0.484375 0.125000
vt 0.484375 0.187500
vt 0.468750 0.187500
vt 0.453125 0.187500
vt 0.453125 0.203125
vt 0.468750 0.203125
vt 0.468750 0.218750
vt 0.453125 0.218750
vt 0.484375 0.203125
vt 0.484375 0.218750
vt 0.468750 0.234375
vt 0.453125 0.234375
vt 0.484375 0.234375
vt 0.437500 0.203125
vt 0.437500 0.234375
vt 0.437500 0.218750
vt 0.390625 0.203125
vt 0.406250 0.203125
vt 0.406250 0.218750
vt 0.390625 0.218750
vt 0.421875 0.203125
vt 0.421875 0.218750
vt 0.406250 0.234375
vt 0.390625 0.234375
vt 0.421875 0.234375
vt 0.375000 0.203125
vt 0.375000 0.234375
vt 0.375000 0.218750
vt 0.390625 0.015625
vt 0.406250 0.015625
vt 0.406250 0.031250
vt 0.390625 0.031250
vt 0.421875 0.015625
vt 0.421875 0.031250
vt 0.406250 0.046875
vt 0.390625 0.046875
vt 0.421875 0.046875
vt 0.375000 0.000000
vt 0.390625 0.000000
vt 0.375000 0.015625
vt 0.406250 0.000000
vt 0.421875 0.000000
vt 0.437500 0.000000
vt 0.437500 0.015625
vt 0.437500 0.031250
vt 0.437500 0.046875
vt 0.437500 0.062500
vt 0.421875 0.062500
vt 0.406250 0.062500
vt 0.390625 0.062500
vt 0.375000 0.046875
vt 0.375000 0.062500
vt 0.375000 0.031250
vt 0.453125 0.015625
vt 0.468750 0.015625
vt 0.468750 0.031250
vt 0.453125 0.031250
vt 0.484375 0.015625
vt 0.484375 0.031250
vt 0.468750 0.046875
vt 0.453125 0.046875
vt 0.484375 0.046875
vt 0.453125 0.000000
vt 0.468750 0.000000
vt 0.484375 0.000000
vt 0.500000 0.000000
vt 0.500000 0.015625
vt 0.500000 0.031250
vt 0.500000 0.046875
vt 0.500000 0.062500
vt 0.484375 0.062500
vt 0.468750 0.062500
vt 0.453125 0.062500
vt 0.453125 0.078125
vt 0.468750 0.078125
vt 0.468750 0.093750
vt 0.453125 0.093750
vt 0.484375 0.078125
vt 0.484375 0.093750
vt 0.468750 0.109375
vt 0.453125 0.109375
vt 0.484375 0.109375
vt 0.437500 0.078125
vt 0.500000 0.078125
vt 0.500000 0.093750
vt 0.500000 0.109375
vt 0.437500 0.109375
vt 0.437500 0.093750
vt 0.390625 0.078125
vt 0.406250 0.078125
vt 0.406250 0.093750
vt 0.390625 0.093750
vt 0.421875 0.078125
vt 0.421875 0.093750
vt 0.406250 0.109375
vt 0.390625 0.109375
vt 0.421875 0.109375
vt 0.375000 0.078125
vt 0.375000 0.109375
vt 0.375000 0.093750
vt 0.515625 0.015625
vt 0.531250 0.015625
vt 0.531250 0.031250
vt 0.515625 0.031250
vt 0.546875 0.015625
vt 0.546875 0.031250
vt 0.531250 0.046875
vt 0.515625 0.046875
vt 0.546875 0.046875
vt 0.515625 0.000000
vt 0.531250 0.000000
vt 0.546875 0.000000
vt 0.562500 0.000000
vt 0.562500 0.015625
vt 0.562500 0.031250
vt 0.562500 0.046875
vt 0.562500 0.062500
vt 0.546875 0.062500
vt 0.531250 0.062500
vt 0.515625 0.062500
vt 0.578125 0.015625
vt 0.593750 0.015625
vt 0.593750 0.031250
vt 0.578125 0.031250
vt 0.609375 0.015625
vt 0.609375 0.031250
vt 0.593750 0.046875
vt 0.578125 0.046875
vt 0.609375 0.046875
vt 0.578125 0.000000
vt 0.593750 0.000000
vt 0.609375 0.000000
vt 0.625000 0.000000
vt 0.625000 0.015625
vt 0.625000 0.031250
vt 0.625000 0.046875
vt 0.625000 0.062500
vt 0.609375 0.062500
vt 0.593750 0.062500
vt 0.578125 0.062500
vt 0.578125 0.078125
vt 0.593750 0.078125
vt 0.593750 0.093750
vt 0.578125 0.093750
vt 0.609375 0.078125
vt 0.609375 0.093750
vt 0.593750 0.109375
vt 0.578125 0.109375
vt 0.609375 0.109375
vt 0.562500 0.078125
vt 0.625000 0.078125
vt 0.625000 0.093750
vt 0.625000 0.109375
vt 0.562500 0.109375
vt 0.562500 0.093750
vt 0.515625 0.078125
vt 0.531250 0.078125
vt 0.531250 0.093750
vt 0.515625 0.093750
vt 0.546875 0.078125
vt 0.546875 0.093750
vt 0.531250 0.109375
vt 0.515625 0.109375
vt 0.546875 0.109375
vt 0.390625 0.890625
vt 0.406250 0.890625
vt 0.406250 0.906250
vt 0.390625 0.906250
vt 0.421875 0.890625
vt 0.421875 0.906250
vt 0.406250 0.921875
vt 0.390625 0.921875
vt 0.421875 0.921875
vt 0.375000 0.875000
vt 0.390625 0.875000
vt 0.375000 0.890625
vt 0.406250 0.875000
vt 0.421875 0.875000
vt 0.437500 0.875000
vt 0.437500 0.890625
vt 0.437500 0.906250
vt 0.437500 0.921875
vt 0.437500 0.937500
vt 0.421875 0.937500
vt 0.406250 0.937500
vt 0.390625 0.937500
vt 0.375000 0.921875
vt 0.375000 0.937500
vt 0.375000 0.906250
vt 0.453125 0.890625
vt 0.468750 0.890625
vt 0.468750 0.906250
vt 0.453125 0.906250
vt 0.484375 0.890625
vt 0.484375 0.906250
vt 0.468750 0.921875
vt 0.453125 0.921875
vt 0.484375 0.921875
vt 0.453125 0.875000
vt 0.468750 0.875000
vt 0.484375 0.875000
vt 0.484375 0.937500
vt 0.468750 0.937500
vt 0.453125 0.937500
vt 0.453125 0.953125
vt 0.468750 0.953125
vt 0.468750 0.968750
vt 0.453125 0.968750
vt 0.484375 0.953125
vt 0.484375 0.968750
vt 0.468750 0.984375
vt 0.453125 0.984375
vt 0.484375 0.984375
vt 0.437500 0.953125
vt 0.484375 1.000000
vt 0.468750 1.000000
vt 0.453125 1.000000
vt 0.437500 0.984375
vt 0.437500 1.000000
vt 0.437500 0.968750
vt 0.390625 0.953125
vt 0.406250 0.953125
vt 0.406250 0.968750
vt 0.390625 0.968750
vt 0.421875 0.953125
vt 0.421875 0.968750
vt 0.406250 0.984375
vt 0.390625 0.984375
vt 0.421875 0.984375
vt 0.375000 0.953125
vt 0.421875 1.000000
vt 0.406250 1.000000
vt 0.390625 1.000000
vt 0.375000 0.984375
vt 0.375000 1.000000
vt 0.375000 0.968750
vt 0.390625 0.765625
vt 0.406250 0.765625
vt 0.406250 0.781250
vt 0.390625 0.781250
vt 0.421875 0.765625
vt 0.421875 0.781250
vt 0.406250 0.796875
vt 0.390625 0.796875
vt 0.421875 0.796875
vt 0.375000 0.765625
vt 0.437500 0.765625
vt 0.437500 0.781250
vt 0.437500 0.796875
vt 0.437500 0.812500
vt 0.421875 0.812500
vt 0.406250 0.812500
vt 0.390625 0.812500
vt 0.375000 0.796875
vt 0.375000 0.812500
vt 0.375000 0.781250
vt 0.453125 0.765625
vt 0.468750 0.765625
vt 0.468750 0.781250
vt 0.453125 0.781250
vt 0.484375 0.765625
vt 0.484375 0.781250
vt 0.468750 0.796875
vt 0.453125 0.796875
vt 0.484375 0.796875
vt 0.500000 0.765625
vt 0.500000 0.781250
vt 0.500000 0.796875
vt 0.500000 0.812500
vt 0.484375 0.812500
vt 0.468750 0.812500
vt 0.453125 0.812500
vt 0.453125 0.828125
vt 0.468750 0.828125
vt 0.468750 0.843750
vt 0.453125 0.843750
vt 0.484375 0.828125
vt 0.484375 0.843750
vt 0.468750 0.859375
vt 0.453125 0.859375
vt 0.484375 0.859375
vt 0.437500 0.828125
vt 0.500000 0.828125
vt 0.500000 0.843750
vt 0.500000 0.859375
vt 0.437500 0.859375
vt 0.437500 0.843750
vt 0.390625 0.828125
vt 0.406250 0.828125
vt 0.406250 0.843750
vt 0.390625 0.843750
vt 0.421875 0.828125
vt 0.421875 0.843750
vt 0.406250 0.859375
vt 0.390625 0.859375
vt 0.421875 0.859375
vt 0.375000 0.828125
vt 0.375000 0.859375
vt 0.375000 0.843750
vt 0.515625 0.765625
vt 0.531250 0.765625
vt 0.531250 0.781250
vt 0.515625 0.781250
vt 0.546875 0.765625
vt 0.546875 0.781250
vt 0.531250 0.796875
vt 0.515625 0.796875
vt 0.546875 0.796875
vt 0.562500 0.765625
vt 0.562500 0.781250
vt 0.562500 0.796875
vt 0.562500 0.812500
vt 0.546875 0.812500
vt 0.531250 0.812500
vt 0.515625 0.812500
vt 0.578125 0.765625
vt 0.593750 0.765625
vt 0.593750 0.781250
vt 0.578125 0.781250
vt 0.609375 0.765625
vt 0.609375 0.781250
vt 0.593750 0.796875
vt 0.578125 0.796875
vt 0.609375 0.796875
vt 0.625000 0.765625
vt 0.625000 0.781250
vt 0.625000 0.796875
vt 0.625000 0.812500
vt 0.609375 0.812500
vt 0.593750 0.812500
vt 0.578125 0.812500
vt 0.578125 0.828125
vt 0.593750 0.828125
vt 0.593750 0.843750
vt 0.578125 0.843750
vt 0.609375 0.828125
vt 0.609375 0.843750
vt 0.593750 0.859375
vt 0.578125 0.859375
vt 0.609375 0.859375
vt 0.562500 0.828125
vt 0.625000 0.828125
vt 0.625000 0.843750
vt 0.625000 0.859375
vt 0.562500 0.859375
vt 0.562500 0.843750
vt 0.515625 0.828125
vt 0.531250 0.828125
vt 0.531250 0.843750
vt 0.515625 0.843750
vt 0.546875 0.828125
vt 0.546875 0.843750
vt 0.531250 0.859375
vt 0.515625 0.859375
vt 0.546875 0.859375
vt 0.640625 0.640625
vt 0.656250 0.640625
vt 0.656250 0.656250
vt 0.640625 0.656250
vt 0.671875 0.640625
vt 0.671875 0.656250
vt 0.656250 0.671875
vt 0.640625 0.671875
vt 0.671875 0.671875
vt 0.640625 0.625000
vt 0.656250 0.625000
vt 0.671875 0.625000
vt 0.687500 0.625000
vt 0.687500 0.640625
vt 0.687500 0.656250
vt 0.687500 0.671875
vt 0.687500 0.687500
vt 0.671875 0.687500
vt 0.656250 0.687500
vt 0.640625 0.687500
vt 0.703125 0.640625
vt 0.718750 0.640625
vt 0.718750 0.656250
vt 0.703125 0.656250
vt 0.734375 0.640625
vt 0.734375 0.656250
vt 0.718750 0.671875
vt 0.703125 0.671875
vt 0.734375 0.671875
vt 0.703125 0.625000
vt 0.718750 0.625000
vt 0.734375 0.625000
vt 0.734375 0.687500
vt 0.718750 0.687500
vt 0.703125 0.687500
vt 0.703125 0.703125
vt 0.718750 0.703125
vt 0.718750 0.718750
vt 0.703125 0.718750
vt 0.734375 0.703125
vt 0.734375 0.718750
vt 0.718750 0.734375
vt 0.703125 0.734375
vt 0.734375 0.734375
vt 0.687500 0.703125
vt 0.734375 0.750000
vt 0.718750 0.750000
vt 0.703125 0.750000
vt 0.687500 0.734375
vt 0.687500 0.750000
vt 0.687500 0.718750
vt 0.640625 0.703125
vt 0.656250 0.703125
vt 0.656250 0.718750
vt 0.640625 0.718750
vt 0.671875 0.703125
vt 0.671875 0.718750
vt 0.656250 0.734375
vt 0.640625 0.734375
vt 0.671875 0.734375
vt 0.671875 0.750000
vt 0.656250 0.750000
vt 0.640625 0.750000
vt 0.640625 0.515625
vt 0.656250 0.515625
vt 0.656250 0.531250
vt 0.640625 0.531250
vt 0.671875 0.515625
vt 0.671875 0.531250
vt 0.656250 0.546875
vt 0.640625 0.546875
vt 0.671875 0.546875
vt 0.640625 0.500000
vt 0.656250 0.500000
vt 0.671875 0.500000
vt 0.687500 0.500000
vt 0.687500 0.515625
vt 0.687500 0.531250
vt 0.687500 0.546875
vt 0.687500 0.562500
vt 0.671875 0.562500
vt 0.656250 0.562500
vt 0.640625 0.562500
vt 0.703125 0.515625
vt 0.718750 0.515625
vt 0.718750 0.531250
vt 0.703125 0.531250
vt 0.734375 0.515625
vt 0.734375 0.531250
vt 0.718750 0.546875
vt 0.703125 0.546875
vt 0.734375 0.546875
vt 0.703125 0.500000
vt 0.718750 0.500000
vt 0.734375 0.500000
vt 0.750000 0.500000
vt 0.750000 0.515625
vt 0.750000 0.531250
vt 0.750000 0.546875
vt 0.750000 0.562500
vt 0.734375 0.562500
vt 0.718750 0.562500
vt 0.703125 0.562500
vt 0.703125 0.578125
vt 0.718750 0.578125
vt 0.718750 0.593750
vt 0.703125 0.593750
vt 0.734375 0.578125
vt 0.734375 0.593750
vt 0.718750 0.609375
vt 0.703125 0.609375
vt 0.734375 0.609375
vt 0.687500 0.578125
vt 0.750000 0.578125
vt 0.750000 0.593750
vt 0.750000 0.609375
vt 0.687500 0.609375
vt 0.687500 0.593750
vt 0.640625 0.578125
vt 0.656250 0.578125
vt 0.656250 0.593750
vt 0.640625 0.593750
vt 0.671875 0.578125
vt 0.671875 0.593750
vt 0.656250 0.609375
vt 0.640625 0.609375
vt 0.671875 0.609375
vt 0.765625 0.515625
vt 0.781250 0.515625
vt 0.781250 0.531250
vt 0.765625 0.531250
vt 0.796875 0.515625
vt 0.796875 0.531250
vt 0.781250 0.546875
vt 0.765625 0.546875
vt 0.796875 0.546875
vt 0.765625 0.500000
vt 0.781250 0.500000
vt 0.796875 0.500000
vt 0.812500 0.500000
vt 0.812500 0.515625
vt 0.812500 0.531250
vt 0.812500 0.546875
vt 0.812500 0.562500
vt 0.796875 0.562500
vt 0.781250 0.562500
vt 0.765625 0.562500
vt 0.828125 0.515625
vt 0.843750 0.515625
vt 0.843750 0.531250
vt 0.828125 0.531250
vt 0.859375 0.515625
vt 0.859375 0.531250
vt 0.843750 0.546875
vt 0.828125 0.546875
vt 0.859375 0.546875
vt 0.828125 0.500000
vt 0.843750 0.500000
vt 0.859375 0.500000
vt 0.875000 0.500000
vt 0.875000 0.515625
vt 0.875000 0.531250
vt 0.875000 0.546875
vt 0.875000 0.562500
vt 0.859375 0.562500
vt 0.843750 0.562500
vt 0.828125 0.562500
vt 0.828125 0.578125
vt 0.843750 0.578125
vt 0.843750 0.593750
vt 0.828125 0.593750
vt 0.859375 0.578125
vt 0.859375 0.593750
vt 0.843750 0.609375
vt 0.828125 0.609375
vt 0.859375 0.609375
vt 0.812500 0.578125
vt 0.875000 0.578125
vt 0.875000 0.593750
vt 0.875000 0.609375
vt 0.812500 0.609375
vt 0.812500 0.593750
vt 0.765625 0.578125
vt 0.781250 0.578125
vt 0.781250 0.593750
vt 0.765625 0.593750
vt 0.796875 0.578125
vt 0.796875 0.593750
vt 0.781250 0.609375
vt 0.765625 0.609375
vt 0.796875 0.609375
s 1
usemtl Material
f 675/1/1 676/2/2 679/3/3 678/4/4
f 676/2/2 677/5/5 680/6/6 679/3/3
f 678/4/4 679/3/3 682/7/7 681/8/8
f 679/3/3 680/6/6 683/9/9 682/7/7
f 26/10/10 386/11/11 675/1/1 363/12/12
f 386/11/11 385/13/13 676/2/2 675/1/1
f 385/13/13 384/14/14 677/5/5 676/2/2
f 384/14/14 74/15/15 387/16/16 677/5/5
f 677/5/5 387/16/16 388/17/17 680/6/6
f 680/6/6 388/17/17 389/18/18 683/9/9
f 683/9/9 389/18/18 75/19/19 398/20/20
f 682/7/7 683/9/9 398/20/20 397/21/21
f 681/8/8 682/7/7 397/21/21 396/22/22
f 365/23/23 681/8/8 396/22/22 71/24/24
f 364/25/25 678/4/4 681/8/8 365/23/23
f 363/12/12 675/1/1 678/4/4 364/25/25
f 684/26/26 685/27/27 688/28/28 687/29/29
f 685/27/27 686/30/30 689/31/31 688/28/28
f 687/29/29 688/28/28 691/32/32 690/33/33
f 688/28/28 689/31/31 692/34/34 691/32/32
f 74/15/15 383/35/35 684/26/26 387/16/16
f 383/35/35 382/36/36 685/27/27 684/26/26
f 382/36/36 381/37/37 686/30/30 685/27/27
f 381/37/37 18/38/38 230/39/39 686/30/30
f 686/30/30 230/39/39 229/40/40 689/31/31
f 689/31/31 229/40/40 228/41/41 692/34/34
f 692/34/34 228/41/41 48/42/42 390/43/43
f 691/32/32 692/34/34 390/43/43 391/44/44
f 690/33/33 691/32/32 391/44/44 392/45/45
f 389/18/18 690/33/33 392/45/45 75/19/19
f 388/17/17 687/29/29 690/33/33 389/18/18
f 387/16/16 684/26/26 687/29/29 388/17/17
f 693/46/46 694/47/47 697/48/48 696/49/49
f 694/47/47 695/50/50 698/51/51 697/48/48
f 696/49/49 697/48/48 700/52/52 699/53/53
f 697/48/48 698/51/51 701/54/54 700/52/52
f 75/19/19 392/45/45 693/46/46 395/55/55
f 392/45/45 391/44/44 694/47/47 693/46/46
f 391/44/44 390/43/43 695/50/50 694/47/47
f 390/43/43 48/42/42 227/56/56 695/50/50
f 695/50/50 227/56/56 226/57/57 698/51/51
f 698/51/51 226/57/57 225/58/58 701/54/54
f 701/54/54 225/58/58 7/59/59 140/60/60
f 700/52/52 701/54/54 140/60/60 139/61/61
f 699/53/53 700/52/52 139/61/61 138/62/62
f 393/63/63 699/53/53 138/62/62 33/64/64
f 394/65/65 696/49/49 699/53/53 393/63/63
f 395/55/55 693/46/46 696/49/49 394/65/65
f 702/66/66 703/67/67 706/68/68 705/69/69
f 703/67/67 704/70/70 707/71/71 706/68/68
f 705/69/69 706/68/68 709/72/72 708/73/73
f 706/68/68 707/71/71 710/74/74 709/72/72
f 71/24/24 396/22/22 702/66/66 366/75/75
f 396/22/22 397/21/21 703/67/67 702/66/66
f 397/21/21 398/20/20 704/70/70 703/67/67
f 398/20/20 75/19/19 395/55/55 704/70/70
f 704/70/70 395/55/55 394/65/65 707/71/71
f 707/71/71 394/65/65 393/63/63 710/74/74
f 710/74/74 393/63/63 33/64/64 137/76/76
f 709/72/72 710/74/74 137/76/76 136/77/77
f 708/73/73 709/72/72 136/77/77 135/78/78
f 368/79/79 708/73/73 135/78/78 15/80/80
f 367/81/81 705/69/69 708/73/73 368/79/79
f 366/75/75 702/66/66 705/69/69 367/81/81
f 711/82/82 712/83/83 715/84/84 714/85/85
f 712/83/83 713/86/86 716/87/87 715/84/84
f 714/85/85 715/84/84 718/88/88 717/89/89
f 715/84/84 716/87/87 719/90/90 718/88/88
f 25/91/91 362/92/92 711/82/82 339/93/93
f 362/92/92 361/94/94 712/83/83 711/82/82
f 361/94/94 360/95/95 713/86/86 712/83/83
f 360/95/95 70/96/96 399/97/97 713/86/86
f 713/86/86 399/97/97 400/98/98 716/87/87
f 716/87/87 400/98/98 401/99/99 719/90/90
f 719/90/90 401/99/99 76/100/100 410/101/101
f 718/88/88 719/90/90 410/101/101 409/102/102
f 717/89/89 718/88/88 409/102/102 408/103/103
f 341/104/104 717/89/89 408/103/103 67/105/105
f 340/106/106 714/85/85 717/89/89 341/104/104
f 339/93/93 711/82/82 714/85/85 340/106/106
f 720/107/107 721/108/108 724/109/109 723/110/110
f 721/108/108 722/111/111 725/112/112 724/109/109
f 723/110/110 724/109/109 727/113/113 726/114/114
f 724/109/109 725/112/112 728/115/115 727/113/113
f 70/96/96 359/116/116 720/107/107 399/97/97
f 359/116/116 358/117/117 721/108/108 720/107/107
f 358/117/117 357/118/118 722/111/111 721/108/108
f 357/118/118 15/119/80 135/120/78 722/111/111
f 722/111/111 135/120/78 136/121/77 725/112/112
f 725/112/112 136/121/77 137/122/76 728/115/115
f 728/115/115 137/122/76 33/123/64 402/124/119
f 727/113/113 728/115/115 402/124/119 403/125/120
f 726/114/114 727/113/113 403/125/120 404/126/121
f 401/99/99 726/114/114 404/126/121 76/100/100
f 400/98/98 723/110/110 726/114/114 401/99/99
f 399/97/97 720/107/107 723/110/110 400/98/98
f 729/127/122 730/128/123 733/129/124 732/130/125
f 730/128/123 731/131/126 734/132/127 733/129/124
f 732/130/125 733/129/124 736/133/128 735/134/129
f 733/129/124 734/132/127 737/135/130 736/133/128
f 76/100/100 404/126/121 729/127/122 407/136/131
f 404/126/121 403/125/120 730/128/123 729/127/122
f 403/125/120 402/124/119 731/131/126 730/128/123
f 402/124/119 33/123/64 138/137/62 731/131/126
f 731/131/126 138/137/62 139/138/61 734/132/127
f 734/132/127 139/138/61 140/139/60 737/135/130
f 737/135/130 140/139/60 7/140/59 122/141/132
f 736/133/128 737/135/130 122/141/132 121/142/133
f 735/134/129 736/133/128 121/142/133 120/143/134
f 405/144/135 735/134/129 120/143/134 30/145/136
f 406/146/137 732/130/125 735/134/129 405/144/135
f 407/136/131 729/127/122 732/130/125 406/146/137
f 738/147/138 739/148/139 742/149/140 741/150/141
f 739/148/139 740/151/142 743/152/143 742/149/140
f 741/150/141 742/149/140 745/153/144 744/154/145
f 742/149/140 743/152/143 746/155/146 745/153/144
f 67/105/105 408/103/103 738/147/138 342/156/147
f 408/103/103 409/102/102 739/148/139 738/147/138
f 409/102/102 410/101/101 740/151/142 739/148/139
f 410/101/101 76/100/100 407/136/131 740/151/142
f 740/151/142 407/136/131 406/146/137 743/152/143
f 743/152/143 406/146/137 405/144/135 746/155/146
f 746/155/146 405/144/135 30/145/136 119/157/148
f 745/153/144 746/155/146 119/157/148 118/158/149
f 744/154/145 745/153/144 118/158/149 117/159/150
f 344/160/151 744/154/145 117/159/150 12/161/152
f 343/162/153 741/150/141 744/154/145 344/160/151
f 342/156/147 738/147/138 741/150/141 343/162/153
f 747/163/154 748/164/155 751/165/156 750/166/157
f 748/164/155 749/167/158 752/168/159 751/165/156
f 750/166/157 751/165/156 754/169/160 753/170/161
f 751/165/156 752/168/159 755/171/162 754/169/160
f 24/172/163 338/173/164 747/163/154 315/174/165
f 338/173/164 337/175/166 748/164/155 747/163/154
f 337/175/166 336/176/167 749/167/158 748/164/155
f 336/176/167 66/177/168 411/178/169 749/167/158
f 749/167/158 411/178/169 412/179/170 752/168/159
f 752/168/159 412/179/170 413/180/171 755/171/162
f 755/171/162 413/180/171 77/181/172 422/182/173
f 754/169/160 755/171/162 422/182/173 421/183/174
f 753/170/161 754/169/160 421/183/174 420/184/175
f 317/185/176 753/170/161 420/184/175 63/186/177
f 316/187/178 750/166/157 753/170/161 317/185/176
f 315/174/165 747/163/154 750/166/157 316/187/178
f 756/188/179 757/189/180 760/190/181 759/191/182
f 757/189/180 758/192/183 761/193/184 760/190/181
f 759/191/182 760/190/181 763/194/185 762/195/186
f 760/190/181 761/193/184 764/196/187 763/194/185
f 66/177/168 335/197/188 756/188/179 411/178/169
f 335/197/188 334/198/189 757/189/180 756/188/179
f 334/198/189 333/199/190 758/192/183 757/189/180
f 333/199/190 18/200/38 153/201/191 758/192/183
f 758/192/183 153/201/191 154/202/192 761/193/184
f 761/193/184 154/202/192 155/203/193 764/196/187
f 764/196/187 155/203/193 36/204/194 414/205/195
f 763/194/185 764/196/187 414/205/195 415/206/196
f 762/195/186 763/194/185 415/206/196 416/207/197
f 413/180/171 762/195/186 416/207/197 77/181/172
f 412/179/170 759/191/182 762/195/186 413/180/171
f 411/178/169 756/188/179 759/191/182 412/179/170
f 765/208/198 766/209/199 769/210/200 768/211/201
f 766/209/199 767/212/202 770/213/203 769/210/200
f 768/211/201 769/210/200 772/214/204 771/215/205
f 769/210/200 770/213/203 773/216/206 772/214/204
f 77/181/172 416/207/197 765/208/198 419/217/207
f 416/207/197 415/206/196 766/209/199 765/208/198
f 415/206/196 414/205/195 767/212/202 766/209/199
f 414/205/195 36/204/194 156/218/208 767/212/202
f 767/212/202 156/218/208 157/219/209 770/213/203
f 770/213/203 157/219/209 158/220/210 773/216/206
f 773/216/206 158/220/210 5/221/211 201/222/212
f 772/214/204 773/216/206 201/222/212 202/223/213
f 771/215/205 772/214/204 202/223/213 203/224/214
f 417/225/215 771/215/205 203/224/214 44/226/216
f 418/227/217 768/211/201 771/215/205 417/225/215
f 419/217/207 765/208/198 768/211/201 418/227/217
f 774/228/218 775/229/219 778/230/220 777/231/221
f 775/229/219 776/232/222 779/233/223 778/230/220
f 777/231/221 778/230/220 781/234/224 780/235/225
f 778/230/220 779/233/223 782/236/226 781/234/224
f 63/186/177 420/184/175 774/228/218 318/237/227
f 420/184/175 421/183/174 775/229/219 774/228/218
f 421/183/174 422/182/173 776/232/222 775/229/219
f 422/182/173 77/181/172 419/217/207 776/232/222
f 776/232/222 419/217/207 418/227/217 779/233/223
f 779/233/223 418/227/217 417/225/215 782/236/226
f 782/236/226 417/225/215 44/226/216 204/238/228
f 781/234/224 782/236/226 204/238/228 205/239/229
f 780/235/225 781/234/224 205/239/229 206/240/230
f 320/241/231 780/235/225 206/240/230 14/242/232
f 319/243/233 777/231/221 780/235/225 320/241/231
f 318/237/227 774/228/218 777/231/221 319/243/233
f 783/244/234 784/245/235 787/246/236 786/247/237
f 784/245/235 785/248/238 788/249/239 787/246/236
f 786/247/237 787/246/236 790/250/240 789/251/241
f 787/246/236 788/249/239 791/252/242 790/250/240
f 23/253/243 314/254/244 783/244/234 291/255/245
f 314/254/244 313/256/246 784/245/235 783/244/234
f 313/256/246 312/257/247 785/248/238 784/245/235
f 312/257/247 62/258/248 423/259/249 785/248/238
f 785/248/238 423/259/249 424/260/250 788/249/239
f 788/249/239 424/260/250 425/261/251 791/252/242
f 791/252/242 425/261/251 78/262/252 434/263/253
f 790/250/240 791/252/242 434/263/253 433/264/254
f 789/251/241 790/250/240 433/264/254 432/265/255
f 293/266/256 789/251/241 432/265/255 59/267/257
f 292/268/258 786/247/237 789/251/241 293/266/256
f 291/255/245 783/244/234 786/247/237 292/268/258
f 792/269/259 793/270/260 796/271/261 795/272/262
f 793/270/260 794/273/263 797/274/264 796/271/261
f 795/272/262 796/271/261 799/275/265 798/276/266
f 796/271/261 797/274/264 800/277/267 799/275/265
f 62/258/248 311/278/268 792/269/259 423/259/249
f 311/278/268 310/279/269 793/270/260 792/269/259
f 310/279/269 309/280/270 794/273/263 793/270/260
f 309/280/270 20/281/271 242/282/272 794/273/263
f 794/273/263 242/282/272 241/283/273 797/274/264
f 797/274/264 241/283/273 240/284/274 800/277/267
f 800/277/267 240/284/274 50/285/275 426/286/276
f 799/275/265 800/277/267 426/286/276 427/287/277
f 798/276/266 799/275/265 427/287/277 428/288/278
f 425/261/251 798/276/266 428/288/278 78/262/252
f 424/260/250 795/272/262 798/276/266 425/261/251
f 423/259/249 792/269/259 795/272/262 424/260/250
f 801/289/279 802/290/280 805/291/281 804/292/282
f 802/290/280 803/293/283 806/294/284 805/291/281
f 804/292/282 805/291/281 808/295/285 807/296/286
f 805/291/281 806/294/284 809/297/287 808/295/285
f 78/262/252 428/288/278 801/289/279 431/298/288
f 428/288/278 427/287/277 802/290/280 801/289/279
f 427/287/277 426/286/276 803/293/283 802/290/280
f 426/286/276 50/285/275 239/299/289 803/293/283
f 803/293/283 239/299/289 238/300/290 806/294/284
f 806/294/284 238/300/290 237/301/291 809/297/287
f 809/297/287 237/301/291 4/302/292 152/303/293
f 808/295/285 809/297/287 152/303/293 151/304/294
f 807/296/286 808/295/285 151/304/294 150/305/295
f 429/306/296 807/296/286 150/305/295 35/307/297
f 430/308/298 804/292/282 807/296/286 429/306/296
f 431/298/288 801/289/279 804/292/282 430/308/298
f 810/309/299 811/310/300 814/311/301 813/312/302
f 811/310/300 812/313/303 815/314/304 814/311/301
f 813/312/302 814/311/301 817/315/305 816/316/306
f 814/311/301 815/314/304 818/317/307 817/315/305
f 59/267/257 432/265/255 810/309/299 294/318/308
f 432/265/255 433/264/254 811/310/300 810/309/299
f 433/264/254 434/263/253 812/313/303 811/310/300
f 434/263/253 78/262/252 431/298/288 812/313/303
f 812/313/303 431/298/288 430/308/298 815/314/304
f 815/314/304 430/308/298 429/306/296 818/317/307
f 818/317/307 429/306/296 35/307/297 149/319/309
f 817/315/305 818/317/307 149/319/309 148/320/310
f 816/316/306 817/315/305 148/320/310 147/321/311
f 296/322/312 816/316/306 147/321/311 17/323/313
f 295/324/314 813/312/302 816/316/306 296/322/312
f 294/318/308 810/309/299 813/312/302 295/324/314
f 819/325/315 820/326/316 823/327/317 822/328/318
f 820/326/316 821/329/319 824/330/320 823/327/317
f 822/328/318 823/327/317 826/331/321 825/332/322
f 823/327/317 824/330/320 827/333/323 826/331/321
f 22/334/324 290/335/325 819/325/315 267/336/326
f 290/335/325 289/337/327 820/326/316 819/325/315
f 289/337/327 288/338/328 821/329/319 820/326/316
f 288/338/328 58/339/329 435/340/330 821/329/319
f 821/329/319 435/340/330 436/341/331 824/330/320
f 824/330/320 436/341/331 437/342/332 827/333/323
f 827/333/323 437/342/332 79/343/333 446/344/334
f 826/331/321 827/333/323 446/344/334 445/345/335
f 825/332/322 826/331/321 445/345/335 444/346/336
f 269/347/337 825/332/322 444/346/336 55/348/338
f 268/349/339 822/328/318 825/332/322 269/347/337
f 267/336/326 819/325/315 822/328/318 268/349/339
f 828/350/340 829/351/341 832/352/342 831/353/343
f 829/351/341 830/354/344 833/355/345 832/352/342
f 831/353/343 832/352/342 835/356/346 834/357/347
f 832/352/342 833/355/345 836/358/348 835/356/346
f 58/339/329 287/359/349 828/350/340 435/340/330
f 287/359/349 286/360/350 829/351/341 828/350/340
f 286/360/350 285/361/351 830/354/344 829/351/341
f 285/361/351 16/362/352 141/363/353 830/354/344
f 830/354/344 141/363/353 142/364/354 833/355/345
f 833/355/345 142/364/354 143/365/355 836/358/348
f 836/358/348 143/365/355 34/366/356 438/367/357
f 835/356/346 836/358/348 438/367/357 439/368/358
f 834/357/347 835/356/346 439/368/358 440/369/359
f 437/342/332 834/357/347 440/369/359 79/343/333
f 436/341/331 831/353/343 834/357/347 437/342/332
f 435/340/330 828/350/340 831/353/343 436/341/331
f 837/370/360 838/371/361 841/372/362 840/373/363
f 838/371/361 839/374/364 842/375/365 841/372/362
f 840/373/363 841/372/362 844/376/366 843/377/367
f 841/372/362 842/375/365 845/378/368 844/376/366
f 79/343/333 440/369/359 837/370/360 443/379/369
f 440/369/359 439/368/358 838/371/361 837/370/360
f 439/368/358 438/367/357 839/374/364 838/371/361
f 438/367/357 34/366/356 144/380/370 839/374/364
f 839/374/364 144/380/370 145/381/371 842/375/365
f 842/375/365 145/381/371 146/382/372 845/378/368
f 845/378/368 146/382/372 3/383/373 195/384/374
f 844/376/366 845/378/368 195/384/374 196/385/375
f 843/377/367 844/376/366 196/385/375 197/386/376
f 441/387/377 843/377/367 197/386/376 43/388/378
f 442/389/379 840/373/363 843/377/367 441/387/377
f 443/379/369 837/370/360 840/373/363 442/389/379
f 846/390/380 847/391/381 850/392/382 849/393/383
f 847/391/381 848/394/384 851/395/385 850/392/382
f 849/393/383 850/392/382 853/396/386 852/397/387
f 850/392/382 851/395/385 854/398/388 853/396/386
f 55/348/338 444/346/336 846/390/380 270/399/389
f 444/346/336 445/345/335 847/391/381 846/390/380
f 445/345/335 446/344/334 848/394/384 847/391/381
f 446/344/334 79/343/333 443/379/369 848/394/384
f 848/394/384 443/379/369 442/389/379 851/395/385
f 851/395/385 442/389/379 441/387/377 854/398/388
f 854/398/388 441/387/377 43/388/378 198/400/390
f 853/396/386 854/398/388 198/400/390 199/401/391
f 852/397/387 853/396/386 199/401/391 200/402/392
f 272/403/393 852/397/387 200/402/392 13/404/394
f 271/405/395 849/393/383 852/397/387 272/403/393
f 270/399/389 846/390/380 849/393/383 271/405/395
f 855/406/396 856/407/397 859/408/398 858/409/399
f 856/407/397 857/410/400 860/411/401 859/408/398
f 858/409/399 859/408/398 862/412/402 861/413/403
f 859/408/398 860/411/401 863/414/404 862/412/402
f 21/415/405 266/416/406 855/406/396 243/417/407
f 266/416/406 265/418/408 856/407/397 855/406/396
f 265/418/408 264/419/409 857/410/400 856/407/397
f 264/419/409 54/420/410 447/421/411 857/410/400
f 857/410/400 447/421/411 448/422/412 860/411/401
f 860/411/401 448/422/412 449/423/413 863/414/404
f 863/414/404 449/423/413 80/424/414 458/425/415
f 862/412/402 863/414/404 458/425/415 457/426/416
f 861/413/403 862/412/402 457/426/416 456/427/417
f 245/428/418 861/413/403 456/427/417 51/429/419
f 244/430/420 858/409/399 861/413/403 245/428/418
f 243/417/407 855/406/396 858/409/399 244/430/420
f 864/431/421 865/432/422 868/433/423 867/434/424
f 865/432/422 866/435/425 869/436/426 868/433/423
f 867/434/424 868/433/423 871/437/427 870/438/428
f 868/433/423 869/436/426 872/439/429 871/437/427
f 54/420/410 263/440/430 864/431/421 447/421/411
f 263/440/430 262/441/431 865/432/422 864/431/421
f 262/441/431 261/442/432 866/435/425 865/432/422
f 261/442/432 19/443/433 159/444/434 866/435/425
f 866/435/425 159/444/434 160/445/435 869/436/426
f 869/436/426 160/445/435 161/446/436 872/439/429
f 872/439/429 161/446/436 37/447/437 450/448/438
f 871/437/427 872/439/429 450/448/438 451/449/439
f 870/438/428 871/437/427 451/449/439 452/450/440
f 449/423/413 870/438/428 452/450/440 80/424/414
f 448/422/412 867/434/424 870/438/428 449/423/413
f 447/421/411 864/431/421 867/434/424 448/422/412
f 873/451/441 874/452/442 877/453/443 876/454/444
f 874/452/442 875/455/445 878/456/446 877/453/443
f 876/454/444 877/453/443 880/457/447 879/458/448
f 877/453/443 878/456/446 881/459/449 880/457/447
f 80/424/414 452/450/440 873/451/441 455/460/450
f 452/450/440 451/449/439 874/452/442 873/451/441
f 451/449/439 450/448/438 875/455/445 874/452/442
f 450/448/438 37/447/437 162/461/451 875/455/445
f 875/455/445 162/461/451 163/462/452 878/456/446
f 878/456/446 163/462/452 164/463/453 881/459/449
f 881/459/449 164/463/453 1/464/454 183/465/455
f 880/457/447 881/459/449 183/465/455 184/466/456
f 879/458/448 880/457/447 184/466/456 185/467/457
f 453/468/458 879/458/448 185/467/457 41/469/459
f 454/470/460 876/454/444 879/458/448 453/468/458
f 455/460/450 873/451/441 876/454/444 454/470/460
f 882/471/461 883/472/462 886/473/463 885/474/464
f 883/472/462 884/475/465 887/476/466 886/473/463
f 885/474/464 886/473/463 889/477/467 888/478/468
f 886/473/463 887/476/466 890/479/469 889/477/467
f 51/429/419 456/427/417 882/471/461 246/480/470
f 456/427/417 457/426/416 883/472/462 882/471/461
f 457/426/416 458/425/415 884/475/465 883/472/462
f 458/425/415 80/424/414 455/460/450 884/475/465
f 884/475/465 455/460/450 454/470/460 887/476/466
f 887/476/466 454/470/460 453/468/458 890/479/469
f 890/479/469 453/468/458 41/469/459 186/481/471
f 889/477/467 890/479/469 186/481/471 187/482/472
f 888/478/468 889/477/467 187/482/472 188/483/473
f 248/484/474 888/478/468 188/483/473 11/485/475
f 247/486/476 885/474/464 888/478/468 248/484/474
f 246/480/470 882/471/461 885/474/464 247/486/476
f 891/487/477 892/488/478 895/489/479 894/490/480
f 892/488/478 893/491/481 896/492/482 895/489/479
f 894/490/480 895/489/479 898/493/483 897/494/484
f 895/489/479 896/492/482 899/495/485 898/493/483
f 10/496/486 260/497/487 891/487/477 182/498/488
f 260/497/487 259/499/489 892/488/478 891/487/477
f 259/499/489 258/500/490 893/491/481 892/488/478
f 258/500/490 53/501/491 459/502/492 893/491/481
f 893/491/481 459/502/492 460/503/493 896/492/482
f 896/492/482 460/503/493 461/504/494 899/495/485
f 899/495/485 461/504/494 81/505/495 470/506/496
f 898/493/483 899/495/485 470/506/496 469/507/497
f 897/494/484 898/493/483 469/507/497 468/508/498
f 180/509/499 897/494/484 468/508/498 40/510/500
f 181/511/501 894/490/480 897/494/484 180/509/499
f 182/498/488 891/487/477 894/490/480 181/511/501
f 900/512/502 901/513/503 904/514/504 903/515/505
f 901/513/503 902/516/506 905/517/507 904/514/504
f 903/515/505 904/514/504 907/518/508 906/519/509
f 904/514/504 905/517/507 908/520/510 907/518/508
f 53/501/491 257/521/511 900/512/502 459/502/492
f 257/521/511 256/522/512 901/513/503 900/512/502
f 256/522/512 255/523/513 902/516/506 901/513/503
f 255/523/513 21/415/405 243/417/407 902/516/506
f 902/516/506 243/417/407 244/430/420 905/517/507
f 905/517/507 244/430/420 245/428/418 908/520/510
f 908/520/510 245/428/418 51/429/419 462/524/514
f 907/518/508 908/520/510 462/524/514 463/525/515
f 906/519/509 907/518/508 463/525/515 464/526/516
f 461/504/494 906/519/509 464/526/516 81/505/495
f 460/503/493 903/515/505 906/519/509 461/504/494
f 459/502/492 900/512/502 903/515/505 460/503/493
f 909/527/517 910/528/518 913/529/519 912/530/520
f 910/528/518 911/531/521 914/532/522 913/529/519
f 912/530/520 913/529/519 916/533/523 915/534/524
f 913/529/519 914/532/522 917/535/525 916/533/523
f 81/505/495 464/526/516 909/527/517 467/536/526
f 464/526/516 463/525/515 910/528/518 909/527/517
f 463/525/515 462/524/514 911/531/521 910/528/518
f 462/524/514 51/429/419 246/480/470 911/531/521
f 911/531/521 246/480/470 247/486/476 914/532/522
f 914/532/522 247/486/476 248/484/474 917/535/525
f 917/535/525 248/484/474 11/485/475 111/537/527
f 916/533/523 917/535/525 111/537/527 112/538/528
f 915/534/524 916/533/523 112/538/528 113/539/529
f 465/540/530 915/534/524 113/539/529 29/541/531
f 466/542/532 912/530/520 915/534/524 465/540/530
f 467/536/526 909/527/517 912/530/520 466/542/532
f 918/543/533 919/544/534 922/545/535 921/546/536
f 919/544/534 920/547/537 923/548/538 922/545/535
f 921/546/536 922/545/535 925/549/539 924/550/540
f 922/545/535 923/548/538 926/551/541 925/549/539
f 40/510/500 468/508/498 918/543/533 179/552/542
f 468/508/498 469/507/497 919/544/534 918/543/533
f 469/507/497 470/506/496 920/547/537 919/544/534
f 470/506/496 81/505/495 467/536/526 920/547/537
f 920/547/537 467/536/526 466/542/532 923/548/538
f 923/548/538 466/542/532 465/540/530 926/551/541
f 926/551/541 465/540/530 29/541/531 114/553/543
f 925/549/539 926/551/541 114/553/543 115/554/544
f 924/550/540 925/549/539 115/554/544 116/555/545
f 177/556/546 924/550/540 116/555/545 2/557/547
f 178/558/548 921/546/536 924/550/540 177/556/546
f 179/552/542 918/543/533 921/546/536 178/558/548
f 927/559/549 928/560/550 931/561/551 930/562/552
f 928/560/550 929/563/553 932/564/554 931/561/551
f 930/562/552 931/561/551 934/565/555 933/566/556
f 931/561/551 932/564/554 935/567/557 934/565/555
f 6/568/558 134/569/559 927/559/549 110/570/560
f 134/569/559 133/571/561 928/560/550 927/559/549
f 133/571/561 132/572/562 929/563/553 928/560/550
f 132/572/562 32/573/563 471/574/564 929/563/553
f 929/563/553 471/574/564 472/575/565 932/564/554
f 932/564/554 472/575/565 473/576/566 935/567/557
f 935/567/557 473/576/566 82/577/567 482/578/568
f 934/565/555 935/567/557 482/578/568 481/579/569
f 933/566/556 934/565/555 481/579/569 480/580/570
f 108/581/571 933/566/556 480/580/570 28/582/572
f 109/583/573 930/562/552 933/566/556 108/581/571
f 110/570/560 927/559/549 930/562/552 109/583/573
f 936/584/574 937/585/575 940/586/576 939/587/577
f 937/585/575 938/588/578 941/589/579 940/586/576
f 939/587/577 940/586/576 943/590/580 942/591/581
f 940/586/576 941/589/579 944/592/582 943/590/580
f 32/573/563 131/593/583 936/584/574 471/574/564
f 131/593/583 130/594/584 937/585/575 936/584/574
f 130/594/584 129/595/585 938/588/578 937/585/575
f 129/595/585 14/242/232 249/596/586 938/588/578
f 938/588/578 249/596/586 250/597/587 941/589/579
f 941/589/579 250/597/587 251/598/588 944/592/582
f 944/592/582 251/598/588 52/599/589 474/600/590
f 943/590/580 944/592/582 474/600/590 475/601/591
f 942/591/581 943/590/580 475/601/591 476/602/592
f 473/576/566 942/591/581 476/602/592 82/577/567
f 472/575/565 939/587/577 942/591/581 473/576/566
f 471/574/564 936/584/574 939/587/577 472/575/565
f 945/603/593 946/604/594 949/605/595 948/606/596
f 946/604/594 947/607/597 950/608/598 949/605/595
f 948/606/596 949/605/595 952/609/599 951/610/600
f 949/605/595 950/608/598 953/611/601 952/609/599
f 82/577/567 476/602/592 945/603/593 479/612/602
f 476/602/592 475/601/591 946/604/594 945/603/593
f 475/601/591 474/600/590 947/607/597 946/604/594
f 474/600/590 52/599/589 252/613/603 947/607/597
f 947/607/597 252/613/603 253/614/604 950/608/598
f 950/608/598 253/614/604 254/615/605 953/611/601
f 953/611/601 254/615/605 21/415/405 255/523/513
f 952/609/599 953/611/601 255/523/513 256/522/512
f 951/610/600 952/609/599 256/522/512 257/521/511
f 477/616/606 951/610/600 257/521/511 53/501/491
f 478/617/607 948/606/596 951/610/600 477/616/606
f 479/612/602 945/603/593 948/606/596 478/617/607
f 954/618/608 955/619/609 958/620/610 957/621/611
f 955/619/609 956/622/612 959/623/613 958/620/610
f 957/621/611 958/620/610 961/624/614 960/625/615
f 958/620/610 959/623/613 962/626/616 961/624/614
f 28/582/572 480/580/570 954/618/608 107/627/617
f 480/580/570 481/579/569 955/619/609 954/618/608
f 481/579/569 482/578/568 956/622/612 955/619/609
f 482/578/568 82/577/567 479/612/602 956/622/612
f 956/622/612 479/612/602 478/617/607 959/623/613
f 959/623/613 478/617/607 477/616/606 962/626/616
f 962/626/616 477/616/606 53/501/491 258/500/490
f 961/624/614 962/626/616 258/500/490 259/499/489
f 960/625/615 961/624/614 259/499/489 260/497/487
f 105/628/618 960/625/615 260/497/487 10/496/486
f 106/629/619 957/621/611 960/625/615 105/628/618
f 107/627/617 954/618/608 957/621/611 106/629/619
f 963/630/620 964/631/621 967/632/622 966/633/623
f 964/631/621 965/634/624 968/635/625 967/632/622
f 966/633/623 967/632/622 970/636/626 969/637/627
f 967/632/622 968/635/625 971/638/628 970/636/626
f 14/242/232 206/240/230 963/630/620 249/596/586
f 206/240/230 205/239/229 964/631/621 963/630/620
f 205/239/229 204/238/228 965/634/624 964/631/621
f 204/238/228 44/226/216 483/639/629 965/634/624
f 965/634/624 483/639/629 484/640/630 968/635/625
f 968/635/625 484/640/630 485/641/631 971/638/628
f 971/638/628 485/641/631 83/642/632 494/643/633
f 970/636/626 971/638/628 494/643/633 493/644/634
f 969/637/627 970/636/626 493/644/634 492/645/635
f 251/598/588 969/637/627 492/645/635 52/599/589
f 250/597/587 966/633/623 969/637/627 251/598/588
f 249/596/586 963/630/620 966/633/623 250/597/587
f 972/646/636 973/647/637 976/648/638 975/649/639
f 973/647/637 974/650/640 977/651/641 976/648/638
f 975/649/639 976/648/638 979/652/642 978/653/643
f 976/648/638 977/651/641 980/654/644 979/652/642
f 44/226/216 203/224/214 972/646/636 483/639/629
f 203/224/214 202/223/213 973/647/637 972/646/636
f 202/223/213 201/222/212 974/650/640 973/647/637
f 201/222/212 5/221/211 231/655/645 974/650/640
f 974/650/640 231/655/645 232/656/646 977/651/641
f 977/651/641 232/656/646 233/657/647 980/654/644
f 980/654/644 233/657/647 49/658/648 486/659/649
f 979/652/642 980/654/644 486/659/649 487/660/650
f 978/653/643 979/652/642 487/660/650 488/661/651
f 485/641/631 978/653/643 488/661/651 83/642/632
f 484/640/630 975/649/639 978/653/643 485/641/631
f 483/639/629 972/646/636 975/649/639 484/640/630
f 981/662/652 982/663/653 985/664/654 984/665/655
f 982/663/653 983/666/656 986/667/657 985/664/654
f 984/665/655 985/664/654 988/668/658 987/669/659
f 985/664/654 986/667/657 989/670/660 988/668/658
f 83/642/632 488/661/651 981/662/652 491/671/661
f 488/661/651 487/660/650 982/663/653 981/662/652
f 487/660/650 486/659/649 983/666/656 982/663/653
f 486/659/649 49/658/648 234/672/662 983/666/656
f 983/666/656 234/672/662 235/673/663 986/667/657
f 986/667/657 235/673/663 236/674/664 989/670/660
f 989/670/660 236/674/664 19/443/433 261/442/432
f 988/668/658 989/670/660 261/442/432 262/441/431
f 987/669/659 988/668/658 262/441/431 263/440/430
f 489/675/665 987/669/659 263/440/430 54/420/410
f 490/676/666 984/665/655 987/669/659 489/675/665
f 491/671/661 981/662/652 984/665/655 490/676/666
f 990/677/667 991/678/668 994/679/669 993/680/670
f 991/678/668 992/681/671 995/682/672 994/679/669
f 993/680/670 994/679/669 997/683/673 996/684/674
f 994/679/669 995/682/672 998/685/675 997/683/673
f 52/599/589 492/645/635 990/677/667 252/613/603
f 492/645/635 493/644/634 991/678/668 990/677/667
f 493/644/634 494/643/633 992/681/671 991/678/668
f 494/643/633 83/642/632 491/671/661 992/681/671
f 992/681/671 491/671/661 490/676/666 995/682/672
f 995/682/672 490/676/666 489/675/665 998/685/675
f 998/685/675 489/675/665 54/420/410 264/419/409
f 997/683/673 998/685/675 264/419/409 265/418/408
f 996/684/674 997/683/673 265/418/408 266/416/406
f 254/615/605 996/684/674 266/416/406 21/415/405
f 253/614/604 993/680/670 996/684/674 254/615/605
f 252/613/603 990/677/667 993/680/670 253/614/604
f 999/686/676 1000/687/677 1003/688/678 1002/689/679
f 1000/687/677 1001/690/680 1004/691/681 1003/688/678
f 1002/689/679 1003/688/678 1006/692/682 1005/693/683
f 1003/688/678 1004/691/681 1007/694/684 1006/692/682
f 20/281/271 284/695/685 999/686/676 242/282/272
f 284/695/685 283/696/686 1000/687/677 999/686/676
f 283/696/686 282/697/687 1001/690/680 1000/687/677
f 282/697/687 57/698/688 495/699/689 1001/690/680
f 1001/690/680 495/699/689 496/700/690 1004/691/681
f 1004/691/681 496/700/690 497/701/691 1007/694/684
f 1007/694/684 497/701/691 84/702/692 506/703/693
f 1006/692/682 1007/694/684 506/703/693 505/704/694
f 1005/693/683 1006/692/682 505/704/694 504/705/695
f 240/284/274 1005/693/683 504/705/695 50/285/275
f 241/283/273 1002/689/679 1005/693/683 240/284/274
f 242/282/272 999/686/676 1002/689/679 241/283/273
f 1008/706/696 1009/707/697 1012/708/698 1011/709/699
f 1009/707/697 1010/710/700 1013/711/701 1012/708/698
f 1011/709/699 1012/708/698 1015/712/702 1014/713/703
f 1012/708/698 1013/711/701 1016/714/704 1015/712/702
f 57/698/688 281/715/705 1008/706/696 495/699/689
f 281/715/705 280/716/706 1009/707/697 1008/706/696
f 280/716/706 279/717/707 1010/710/700 1009/707/697
f 279/717/707 22/334/324 267/336/326 1010/710/700
f 1010/710/700 267/336/326 268/349/339 1013/711/701
f 1013/711/701 268/349/339 269/347/337 1016/714/704
f 1016/714/704 269/347/337 55/348/338 498/718/708
f 1015/712/702 1016/714/704 498/718/708 499/719/709
f 1014/713/703 1015/712/702 499/719/709 500/720/710
f 497/701/691 1014/713/703 500/720/710 84/702/692
f 496/700/690 1011/709/699 1014/713/703 497/701/691
f 495/699/689 1008/706/696 1011/709/699 496/700/690
f 1017/721/711 1018/722/712 1021/723/713 1020/724/714
f 1018/722/712 1019/725/715 1022/726/716 1021/723/713
f 1020/724/714 1021/723/713 1024/727/717 1023/728/718
f 1021/723/713 1022/726/716 1025/729/719 1024/727/717
f 84/702/692 500/720/710 1017/721/711 503/730/720
f 500/720/710 499/719/709 1018/722/712 1017/721/711
f 499/719/709 498/718/708 1019/725/715 1018/722/712
f 498/718/708 55/348/338 270/399/389 1019/725/715
f 1019/725/715 270/399/389 271/405/395 1022/726/716
f 1022/726/716 271/405/395 272/403/393 1025/729/719
f 1025/729/719 272/403/393 13/404/394 123/731/721
f 1024/727/717 1025/729/719 123/731/721 124/732/722
f 1023/728/718 1024/727/717 124/732/722 125/733/723
f 501/734/724 1023/728/718 125/733/723 31/735/725
f 502/736/726 1020/724/714 1023/728/718 501/734/724
f 503/730/720 1017/721/711 1020/724/714 502/736/726
f 1026/737/727 1027/738/728 1030/739/729 1029/740/730
f 1027/738/728 1028/741/731 1031/742/732 1030/739/729
f 1029/740/730 1030/739/729 1033/743/733 1032/744/734
f 1030/739/729 1031/742/732 1034/745/735 1033/743/733
f 50/285/275 504/705/695 1026/737/727 239/299/289
f 504/705/695 505/704/694 1027/738/728 1026/737/727
f 505/704/694 506/703/693 1028/741/731 1027/738/728
f 506/703/693 84/702/692 503/730/720 1028/741/731
f 1028/741/731 503/730/720 502/736/726 1031/742/732
f 1031/742/732 502/736/726 501/734/724 1034/745/735
f 1034/745/735 501/734/724 31/735/725 126/746/736
f 1033/743/733 1034/745/735 126/746/736 127/747/737
f 1032/744/734 1033/743/733 127/747/737 128/748/738
f 237/301/291 1032/744/734 128/748/738 4/302/292
f 238/300/290 1029/740/730 1032/744/734 237/301/291
f 239/299/289 1026/737/727 1029/740/730 238/300/290
f 1035/749/739 1036/750/740 1039/751/741 1038/752/742
f 1036/750/740 1037/753/743 1040/754/744 1039/751/741
f 1038/752/742 1039/751/741 1042/755/745 1041/756/746
f 1039/751/741 1040/754/744 1043/757/747 1042/755/745
f 2/557/547 116/555/545 1035/749/739 170/758/748
f 116/555/545 115/554/544 1036/750/740 1035/749/739
f 115/554/544 114/553/543 1037/753/743 1036/750/740
f 114/553/543 29/541/531 507/759/749 1037/753/743
f 1037/753/743 507/759/749 508/760/750 1040/754/744
f 1040/754/744 508/760/750 509/761/751 1043/757/747
f 1043/757/747 509/761/751 85/762/752 518/763/753
f 1042/755/745 1043/757/747 518/763/753 517/764/754
f 1041/756/746 1042/755/745 517/764/754 516/765/755
f 168/766/756 1041/756/746 516/765/755 38/767/757
f 169/768/758 1038/752/742 1041/756/746 168/766/756
f 170/758/748 1035/749/739 1038/752/742 169/768/758
f 1044/769/759 1045/770/760 1048/771/761 1047/772/762
f 1045/770/760 1046/773/763 1049/774/764 1048/771/761
f 1047/772/762 1048/771/761 1051/775/765 1050/776/766
f 1048/771/761 1049/774/764 1052/777/767 1051/775/765
f 29/541/531 113/539/529 1044/769/759 507/759/749
f 113/539/529 112/538/528 1045/770/760 1044/769/759
f 112/538/528 111/537/527 1046/773/763 1045/770/760
f 111/537/527 11/485/475 273/778/768 1046/773/763
f 1046/773/763 273/778/768 274/779/769 1049/774/764
f 1049/774/764 274/779/769 275/780/770 1052/777/767
f 1052/777/767 275/780/770 56/781/771 510/782/772
f 1051/775/765 1052/777/767 510/782/772 511/783/773
f 1050/776/766 1051/775/765 511/783/773 512/784/774
f 509/761/751 1050/776/766 512/784/774 85/762/752
f 508/760/750 1047/772/762 1050/776/766 509/761/751
f 507/759/749 1044/769/759 1047/772/762 508/760/750
f 1053/785/775 1054/786/776 1057/787/777 1056/788/778
f 1054/786/776 1055/789/779 1058/790/780 1057/787/777
f 1056/788/778 1057/787/777 1060/791/781 1059/792/782
f 1057/787/777 1058/790/780 1061/793/783 1060/791/781
f 85/762/752 512/784/774 1053/785/775 515/794/784
f 512/784/774 511/783/773 1054/786/776 1053/785/775
f 511/783/773 510/782/772 1055/789/779 1054/786/776
f 510/782/772 56/781/771 276/795/785 1055/789/779
f 1055/789/779 276/795/785 277/796/786 1058/790/780
f 1058/790/780 277/796/786 278/797/787 1061/793/783
f 1061/793/783 278/797/787 22/334/324 279/717/707
f 1060/791/781 1061/793/783 279/717/707 280/716/706
f 1059/792/782 1060/791/781 280/716/706 281/715/705
f 513/798/788 1059/792/782 281/715/705 57/698/688
f 514/799/789 1056/788/778 1059/792/782 513/798/788
f 515/794/784 1053/785/775 1056/788/778 514/799/789
f 1062/800/790 1063/801/791 1066/802/792 1065/803/793
f 1063/801/791 1064/804/794 1067/805/795 1066/802/792
f 1065/803/793 1066/802/792 1069/806/796 1068/807/797
f 1066/802/792 1067/805/795 1070/808/798 1069/806/796
f 38/767/757 516/765/755 1062/800/790 167/809/799
f 516/765/755 517/764/754 1063/801/791 1062/800/790
f 517/764/754 518/763/753 1064/804/794 1063/801/791
f 518/763/753 85/762/752 515/794/784 1064/804/794
f 1064/804/794 515/794/784 514/799/789 1067/805/795
f 1067/805/795 514/799/789 513/798/788 1070/808/798
f 1070/808/798 513/798/788 57/698/688 282/697/687
f 1069/806/796 1070/808/798 282/697/687 283/696/686
f 1068/807/797 1069/806/796 283/696/686 284/695/685
f 165/810/800 1068/807/797 284/695/685 20/281/271
f 166/811/801 1065/803/793 1068/807/797 165/810/800
f 167/809/799 1062/800/790 1065/803/793 166/811/801
f 1071/812/802 1072/813/803 1075/814/804 1074/815/805
f 1072/813/803 1073/816/806 1076/817/807 1075/814/804
f 1074/815/805 1075/814/804 1078/818/808 1077/819/809
f 1075/814/804 1076/817/807 1079/820/810 1078/818/808
f 11/485/475 188/483/473 1071/812/802 273/778/768
f 188/483/473 187/482/472 1072/813/803 1071/812/802
f 187/482/472 186/481/471 1073/816/806 1072/813/803
f 186/481/471 41/469/459 519/821/811 1073/816/806
f 1073/816/806 519/821/811 520/822/812 1076/817/807
f 1076/817/807 520/822/812 521/823/813 1079/820/810
f 1079/820/810 521/823/813 86/824/814 530/825/815
f 1078/818/808 1079/820/810 530/825/815 529/826/816
f 1077/819/809 1078/818/808 529/826/816 528/827/817
f 275/780/770 1077/819/809 528/827/817 56/781/771
f 274/779/769 1074/815/805 1077/819/809 275/780/770
f 273/778/768 1071/812/802 1074/815/805 274/779/769
f 1080/828/818 1081/829/819 1084/830/820 1083/831/821
f 1081/829/819 1082/832/822 1085/833/823 1084/830/820
f 1083/831/821 1084/830/820 1087/834/824 1086/835/825
f 1084/830/820 1085/833/823 1088/836/826 1087/834/824
f 41/469/459 185/467/457 1080/828/818 519/821/811
f 185/467/457 184/466/456 1081/829/819 1080/828/818
f 184/466/456 183/465/455 1082/832/822 1081/829/819
f 183/465/455 1/464/454 213/837/827 1082/832/822
f 1082/832/822 213/837/827 214/838/828 1085/833/823
f 1085/833/823 214/838/828 215/839/829 1088/836/826
f 1088/836/826 215/839/829 46/840/830 522/841/831
f 1087/834/824 1088/836/826 522/841/831 523/842/832
f 1086/835/825 1087/834/824 523/842/832 524/843/833
f 521/823/813 1086/835/825 524/843/833 86/824/814
f 520/822/812 1083/831/821 1086/835/825 521/823/813
f 519/821/811 1080/828/818 1083/831/821 520/822/812
f 1089/844/834 1090/845/835 1093/846/836 1092/847/837
f 1090/845/835 1091/848/838 1094/849/839 1093/846/836
f 1092/847/837 1093/846/836 1096/850/840 1095/851/841
f 1093/846/836 1094/849/839 1097/852/842 1096/850/840
f 86/824/814 524/843/833 1089/844/834 527/853/843
f 524/843/833 523/842/832 1090/845/835 1089/844/834
f 523/842/832 522/841/831 1091/848/838 1090/845/835
f 522/841/831 46/840/830 216/854/844 1091/848/838
f 1091/848/838 216/854/844 217/855/845 1094/849/839
f 1094/849/839 217/855/845 218/856/846 1097/852/842
f 1097/852/842 218/856/846 16/362/352 285/361/351
f 1096/850/840 1097/852/842 285/361/351 286/360/350
f 1095/851/841 1096/850/840 286/360/350 287/359/349
f 525/857/847 1095/851/841 287/359/349 58/339/329
f 526/858/848 1092/847/837 1095/851/841 525/857/847
f 527/853/843 1089/844/834 1092/847/837 526/858/848
f 1098/859/849 1099/860/850 1102/861/851 1101/862/852
f 1099/860/850 1100/863/853 1103/864/854 1102/861/851
f 1101/862/852 1102/861/851 1105/865/855 1104/866/856
f 1102/861/851 1103/864/854 1106/867/857 1105/865/855
f 56/781/771 528/827/817 1098/859/849 276/795/785
f 528/827/817 529/826/816 1099/860/850 1098/859/849
f 529/826/816 530/825/815 1100/863/853 1099/860/850
f 530/825/815 86/824/814 527/853/843 1100/863/853
f 1100/863/853 527/853/843 526/858/848 1103/864/854
f 1103/864/854 526/858/848 525/857/847 1106/867/857
f 1106/867/857 525/857/847 58/339/329 288/338/328
f 1105/865/855 1106/867/857 288/338/328 289/337/327
f 1104/866/856 1105/865/855 289/337/327 290/335/325
f 278/797/787 1104/866/856 290/335/325 22/334/324
f 277/796/786 1101/862/852 1104/866/856 278/797/787
f 276/795/785 1098/859/849 1101/862/852 277/796/786
f 1107/868/858 1108/869/859 1111/870/860 1110/871/861
f 1108/869/859 1109/872/862 1112/873/863 1111/870/860
f 1110/871/861 1111/870/860 1114/874/864 1113/875/865
f 1111/870/860 1112/873/863 1115/876/866 1114/874/864
f 9/877/867 308/878/868 1107/868/858 99/879/869
f 308/878/868 307/880/870 1108/869/859 1107/868/858
f 307/880/870 306/881/871 1109/872/862 1108/869/859
f 306/881/871 61/882/872 531/883/873 1109/872/862
f 1109/872/862 531/883/873 532/884/874 1112/873/863
f 1112/873/863 532/884/874 533/885/875 1115/876/866
f 1115/876/866 533/885/875 87/886/876 542/887/877
f 1114/874/864 1115/876/866 542/887/877 541/888/878
f 1113/875/865 1114/874/864 541/888/878 540/889/879
f 101/890/880 1113/875/865 540/889/879 27/891/881
f 100/892/882 1110/871/861 1113/875/865 101/890/880
f 99/879/869 1107/868/858 1110/871/861 100/892/882
f 1116/893/883 1117/894/884 1120/895/885 1119/896/886
f 1117/894/884 1118/897/887 1121/898/888 1120/895/885
f 1119/896/886 1120/895/885 1123/899/889 1122/900/890
f 1120/895/885 1121/898/888 1124/901/891 1123/899/889
f 61/882/872 305/902/892 1116/893/883 531/883/873
f 305/902/892 304/903/893 1117/894/884 1116/893/883
f 304/903/893 303/904/894 1118/897/887 1117/894/884
f 303/904/894 23/253/243 291/255/245 1118/897/887
f 1118/897/887 291/255/245 292/268/258 1121/898/888
f 1121/898/888 292/268/258 293/266/256 1124/901/891
f 1124/901/891 293/266/256 59/267/257 534/905/895
f 1123/899/889 1124/901/891 534/905/895 535/906/896
f 1122/900/890 1123/899/889 535/906/896 536/907/897
f 533/885/875 1122/900/890 536/907/897 87/886/876
f 532/884/874 1119/896/886 1122/900/890 533/885/875
f 531/883/873 1116/893/883 1119/896/886 532/884/874
f 1125/908/898 1126/909/899 1129/910/900 1128/911/901
f 1126/909/899 1127/912/902 1130/913/903 1129/910/900
f 1128/911/901 1129/910/900 1132/914/904 1131/915/905
f 1129/910/900 1130/913/903 1133/916/906 1132/914/904
f 87/886/876 536/907/897 1125/908/898 539/917/907
f 536/907/897 535/906/896 1126/909/899 1125/908/898
f 535/906/896 534/905/895 1127/912/902 1126/909/899
f 534/905/895 59/267/257 294/318/308 1127/912/902
f 1127/912/902 294/318/308 295/324/314 1130/913/903
f 1130/913/903 295/324/314 296/322/312 1133/916/906
f 1133/916/906 296/322/312 17/323/313 224/918/908
f 1132/914/904 1133/916/906 224/918/908 223/919/909
f 1131/915/905 1132/914/904 223/919/909 222/920/910
f 537/921/911 1131/915/905 222/920/910 47/922/912
f 538/923/913 1128/911/901 1131/915/905 537/921/911
f 539/917/907 1125/908/898 1128/911/901 538/923/913
f 1134/924/914 1135/925/915 1138/926/916 1137/927/917
f 1135/925/915 1136/928/918 1139/929/919 1138/926/916
f 1137/927/917 1138/926/916 1141/930/920 1140/931/921
f 1138/926/916 1139/929/919 1142/932/922 1141/930/920
f 27/891/881 540/889/879 1134/924/914 102/933/923
f 540/889/879 541/888/878 1135/925/915 1134/924/914
f 541/888/878 542/887/877 1136/928/918 1135/925/915
f 542/887/877 87/886/876 539/917/907 1136/928/918
f 1136/928/918 539/917/907 538/923/913 1139/929/919
f 1139/929/919 538/923/913 537/921/911 1142/932/922
f 1142/932/922 537/921/911 47/922/912 221/934/924
f 1141/930/920 1142/932/922 221/934/924 220/935/925
f 1140/931/921 1141/930/920 220/935/925 219/936/926
f 104/937/927 1140/931/921 219/936/926 8/938/928
f 103/939/929 1137/927/917 1140/931/921 104/937/927
f 102/933/923 1134/924/914 1137/927/917 103/939/929
f 1143/940/930 1144/941/931 1147/942/932 1146/943/933
f 1144/941/931 1145/944/934 1148/945/935 1147/942/932
f 1146/943/933 1147/942/932 1150/946/936 1149/947/937
f 1147/942/932 1148/945/935 1151/948/938 1150/946/936
f 6/949/558 110/950/560 1143/940/930 171/951/939
f 110/950/560 109/952/573 1144/941/931 1143/940/930
f 109/952/573 108/953/571 1145/944/934 1144/941/931
f 108/953/571 28/954/572 543/955/940 1145/944/934
f 1145/944/934 543/955/940 544/956/941 1148/945/935
f 1148/945/935 544/956/941 545/957/942 1151/948/938
f 1151/948/938 545/957/942 88/958/943 554/959/944
f 1150/946/936 1151/948/938 554/959/944 553/960/945
f 1149/947/937 1150/946/936 553/960/945 552/961/946
f 173/962/947 1149/947/937 552/961/946 39/963/948
f 172/964/949 1146/943/933 1149/947/937 173/962/947
f 171/951/939 1143/940/930 1146/943/933 172/964/949
f 1152/965/950 1153/966/951 1156/967/952 1155/968/953
f 1153/966/951 1154/969/954 1157/970/955 1156/967/952
f 1155/968/953 1156/967/952 1159/971/956 1158/972/957
f 1156/967/952 1157/970/955 1160/973/958 1159/971/956
f 28/954/572 107/974/617 1152/965/950 543/955/940
f 107/974/617 106/975/619 1153/966/951 1152/965/950
f 106/975/619 105/976/618 1154/969/954 1153/966/951
f 105/976/618 10/977/486 297/978/959 1154/969/954
f 1154/969/954 297/978/959 298/979/960 1157/970/955
f 1157/970/955 298/979/960 299/980/961 1160/973/958
f 1160/973/958 299/980/961 60/981/962 546/982/963
f 1159/971/956 1160/973/958 546/982/963 547/983/964
f 1158/972/957 1159/971/956 547/983/964 548/984/965
f 545/957/942 1158/972/957 548/984/965 88/958/943
f 544/956/941 1155/968/953 1158/972/957 545/957/942
f 543/955/940 1152/965/950 1155/968/953 544/956/941
f 1161/985/966 1162/986/967 1165/987/968 1164/988/969
f 1162/986/967 1163/989/970 1166/990/971 1165/987/968
f 1164/988/969 1165/987/968 1168/991/972 1167/992/973
f 1165/987/968 1166/990/971 1169/993/974 1168/991/972
f 88/958/943 548/984/965 1161/985/966 551/994/975
f 548/984/965 547/983/964 1162/986/967 1161/985/966
f 547/983/964 546/982/963 1163/989/970 1162/986/967
f 546/982/963 60/981/962 300/995/976 1163/989/970
f 1163/989/970 300/995/976 301/996/977 1166/990/971
f 1166/990/971 301/996/977 302/997/978 1169/993/974
f 1169/993/974 302/997/978 23/253/243 303/904/894
f 1168/991/972 1169/993/974 303/904/894 304/903/893
f 1167/992/973 1168/991/972 304/903/893 305/902/892
f 549/998/979 1167/992/973 305/902/892 61/882/872
f 550/999/980 1164/988/969 1167/992/973 549/998/979
f 551/994/975 1161/985/966 1164/988/969 550/999/980
f 1170/1000/981 1171/1001/982 1174/1002/983 1173/1003/984
f 1171/1001/982 1172/1004/985 1175/1005/986 1174/1002/983
f 1173/1003/984 1174/1002/983 1177/1006/987 1176/1007/988
f 1174/1002/983 1175/1005/986 1178/1008/989 1177/1006/987
f 39/963/948 552/961/946 1170/1000/981 174/1009/990
f 552/961/946 553/960/945 1171/1001/982 1170/1000/981
f 553/960/945 554/959/944 1172/1004/985 1171/1001/982
f 554/959/944 88/958/943 551/994/975 1172/1004/985
f 1172/1004/985 551/994/975 550/999/980 1175/1005/986
f 1175/1005/986 550/999/980 549/998/979 1178/1008/989
f 1178/1008/989 549/998/979 61/882/872 306/881/871
f 1177/1006/987 1178/1008/989 306/881/871 307/880/870
f 1176/1007/988 1177/1006/987 307/880/870 308/878/868
f 176/1010/991 1176/1007/988 308/878/868 9/877/867
f 175/1011/992 1173/1003/984 1176/1007/988 176/1010/991
f 174/1009/990 1170/1000/981 1173/1003/984 175/1011/992
f 1179/1012/993 1180/1013/994 1183/1014/995 1182/1015/996
f 1180/1013/994 1181/1016/997 1184/1017/998 1183/1014/995
f 1182/1015/996 1183/1014/995 1186/1018/999 1185/1019/1000
f 1183/1014/995 1184/1017/998 1187/1020/1001 1186/1018/999
f 10/977/486 182/1021/488 1179/1012/993 297/978/959
f 182/1021/488 181/1022/501 1180/1013/994 1179/1012/993
f 181/1022/501 180/1023/499 1181/1016/997 1180/1013/994
f 180/1023/499 40/1024/500 555/1025/1002 1181/1016/997
f 1181/1016/997 555/1025/1002 556/1026/1003 1184/1017/998
f 1184/1017/998 556/1026/1003 557/1027/1004 1187/1020/1001
f 1187/1020/1001 557/1027/1004 89/1028/1005 566/1029/1006
f 1186/1018/999 1187/1020/1001 566/1029/1006 565/1030/1007
f 1185/1019/1000 1186/1018/999 565/1030/1007 564/1031/1008
f 299/980/961 1185/1019/1000 564/1031/1008 60/981/962
f 298/979/960 1182/1015/996 1185/1019/1000 299/980/961
f 297/978/959 1179/1012/993 1182/1015/996 298/979/960
f 1188/1032/1009 1189/1033/1010 1192/1034/1011 1191/1035/1012
f 1189/1033/1010 1190/1036/1013 1193/1037/1014 1192/1034/1011
f 1191/1035/1012 1192/1034/1011 1195/1038/1015 1194/1039/1016
f 1192/1034/1011 1193/1037/1014 1196/1040/1017 1195/1038/1015
f 40/1024/500 179/1041/542 1188/1032/1009 555/1025/1002
f 179/1041/542 178/1042/548 1189/1033/1010 1188/1032/1009
f 178/1042/548 177/1043/546 1190/1036/1013 1189/1033/1010
f 177/1043/546 2/557/547 170/758/748 1190/1036/1013
f 1190/1036/1013 170/758/748 169/768/758 1193/1037/1014
f 1193/1037/1014 169/768/758 168/766/756 1196/1040/1017
f 1196/1040/1017 168/766/756 38/767/757 558/1044/1018
f 1195/1038/1015 1196/1040/1017 558/1044/1018 559/1045/1019
f 1194/1039/1016 1195/1038/1015 559/1045/1019 560/1046/1020
f 557/1027/1004 1194/1039/1016 560/1046/1020 89/1028/1005
f 556/1026/1003 1191/1035/1012 1194/1039/1016 557/1027/1004
f 555/1025/1002 1188/1032/1009 1191/1035/1012 556/1026/1003
f 1197/1047/1021 1198/1048/1022 1201/1049/1023 1200/1050/1024
f 1198/1048/1022 1199/1051/1025 1202/1052/1026 1201/1049/1023
f 1200/1050/1024 1201/1049/1023 1204/1053/1027 1203/1054/1028
f 1201/1049/1023 1202/1052/1026 1205/1055/1029 1204/1053/1027
f 89/1028/1005 560/1046/1020 1197/1047/1021 563/1056/1030
f 560/1046/1020 559/1045/1019 1198/1048/1022 1197/1047/1021
f 559/1045/1019 558/1044/1018 1199/1051/1025 1198/1048/1022
f 558/1044/1018 38/767/757 167/809/799 1199/1051/1025
f 1199/1051/1025 167/809/799 166/811/801 1202/1052/1026
f 1202/1052/1026 166/811/801 165/810/800 1205/1055/1029
f 1205/1055/1029 165/810/800 20/281/271 309/280/270
f 1204/1053/1027 1205/1055/1029 309/280/270 310/279/269
f 1203/1054/1028 1204/1053/1027 310/279/269 311/278/268
f 561/1057/1031 1203/1054/1028 311/278/268 62/258/248
f 562/1058/1032 1200/1050/1024 1203/1054/1028 561/1057/1031
f 563/1056/1030 1197/1047/1021 1200/1050/1024 562/1058/1032
f 1206/1059/1033 1207/1060/1034 1210/1061/1035 1209/1062/1036
f 1207/1060/1034 1208/1063/1037 1211/1064/1038 1210/1061/1035
f 1209/1062/1036 1210/1061/1035 1213/1065/1039 1212/1066/1040
f 1210/1061/1035 1211/1064/1038 1214/1067/1041 1213/1065/1039
f 60/981/962 564/1031/1008 1206/1059/1033 300/995/976
f 564/1031/1008 565/1030/1007 1207/1060/1034 1206/1059/1033
f 565/1030/1007 566/1029/1006 1208/1063/1037 1207/1060/1034
f 566/1029/1006 89/1028/1005 563/1056/1030 1208/1063/1037
f 1208/1063/1037 563/1056/1030 562/1058/1032 1211/1064/1038
f 1211/1064/1038 562/1058/1032 561/1057/1031 1214/1067/1041
f 1214/1067/1041 561/1057/1031 62/258/248 312/257/247
f 1213/1065/1039 1214/1067/1041 312/257/247 313/256/246
f 1212/1066/1040 1213/1065/1039 313/256/246 314/254/244
f 302/997/978 1212/1066/1040 314/254/244 23/253/243
f 301/996/977 1209/1062/1036 1212/1066/1040 302/997/978
f 300/995/976 1206/1059/1033 1209/1062/1036 301/996/977
f 1215/1068/1042 1216/1069/1043 1219/1070/1044 1218/1071/1045
f 1216/1069/1043 1217/1072/1046 1220/1073/1047 1219/1070/1044
f 1218/1071/1045 1219/1070/1044 1222/1074/1048 1221/1075/1049
f 1219/1070/1044 1220/1073/1047 1223/1076/1050 1222/1074/1048
f 9/1077/867 332/1078/1051 1215/1068/1042 176/1079/991
f 332/1078/1051 331/1080/1052 1216/1069/1043 1215/1068/1042
f 331/1080/1052 330/1081/1053 1217/1072/1046 1216/1069/1043
f 330/1081/1053 65/1082/1054 567/1083/1055 1217/1072/1046
f 1217/1072/1046 567/1083/1055 568/1084/1056 1220/1073/1047
f 1220/1073/1047 568/1084/1056 569/1085/1057 1223/1076/1050
f 1223/1076/1050 569/1085/1057 90/1086/1058 578/1087/1059
f 1222/1074/1048 1223/1076/1050 578/1087/1059 577/1088/1060
f 1221/1075/1049 1222/1074/1048 577/1088/1060 576/1089/1061
f 174/1090/990 1221/1075/1049 576/1089/1061 39/1091/948
f 175/1092/992 1218/1071/1045 1221/1075/1049 174/1090/990
f 176/1079/991 1215/1068/1042 1218/1071/1045 175/1092/992
f 1224/1093/1062 1225/1094/1063 1228/1095/1064 1227/1096/1065
f 1225/1094/1063 1226/1097/1066 1229/1098/1067 1228/1095/1064
f 1227/1096/1065 1228/1095/1064 1231/1099/1068 1230/1100/1069
f 1228/1095/1064 1229/1098/1067 1232/1101/1070 1231/1099/1068
f 65/1082/1054 329/1102/1071 1224/1093/1062 567/1083/1055
f 329/1102/1071 328/1103/1072 1225/1094/1063 1224/1093/1062
f 328/1103/1072 327/1104/1073 1226/1097/1066 1225/1094/1063
f 327/1104/1073 24/172/163 315/174/165 1226/1097/1066
f 1226/1097/1066 315/174/165 316/187/178 1229/1098/1067
f 1229/1098/1067 316/187/178 317/185/176 1232/1101/1070
f 1232/1101/1070 317/185/176 63/186/177 570/1105/1074
f 1231/1099/1068 1232/1101/1070 570/1105/1074 571/1106/1075
f 1230/1100/1069 1231/1099/1068 571/1106/1075 572/1107/1076
f 569/1085/1057 1230/1100/1069 572/1107/1076 90/1086/1058
f 568/1084/1056 1227/1096/1065 1230/1100/1069 569/1085/1057
f 567/1083/1055 1224/1093/1062 1227/1096/1065 568/1084/1056
f 1233/1108/1077 1234/1109/1078 1237/1110/1079 1236/1111/1080
f 1234/1109/1078 1235/1112/1081 1238/1113/1082 1237/1110/1079
f 1236/1111/1080 1237/1110/1079 1240/1114/1083 1239/1115/1084
f 1237/1110/1079 1238/1113/1082 1241/1116/1085 1240/1114/1083
f 90/1086/1058 572/1107/1076 1233/1108/1077 575/1117/1086
f 572/1107/1076 571/1106/1075 1234/1109/1078 1233/1108/1077
f 571/1106/1075 570/1105/1074 1235/1112/1081 1234/1109/1078
f 570/1105/1074 63/186/177 318/237/227 1235/1112/1081
f 1235/1112/1081 318/237/227 319/243/233 1238/1113/1082
f 1238/1113/1082 319/243/233 320/241/231 1241/1116/1085
f 1241/1116/1085 320/241/231 14/242/232 129/595/585
f 1240/1114/1083 1241/1116/1085 129/595/585 130/594/584
f 1239/1115/1084 1240/1114/1083 130/594/584 131/593/583
f 573/1118/1087 1239/1115/1084 131/593/583 32/573/563
f 574/1119/1088 1236/1111/1080 1239/1115/1084 573/1118/1087
f 575/1117/1086 1233/1108/1077 1236/1111/1080 574/1119/1088
f 1242/1120/1089 1243/1121/1090 1246/1122/1091 1245/1123/1092
f 1243/1121/1090 1244/1124/1093 1247/1125/1094 1246/1122/1091
f 1245/1123/1092 1246/1122/1091 1249/1126/1095 1248/1127/1096
f 1246/1122/1091 1247/1125/1094 1250/1128/1097 1249/1126/1095
f 39/1091/948 576/1089/1061 1242/1120/1089 173/1129/947
f 576/1089/1061 577/1088/1060 1243/1121/1090 1242/1120/1089
f 577/1088/1060 578/1087/1059 1244/1124/1093 1243/1121/1090
f 578/1087/1059 90/1086/1058 575/1117/1086 1244/1124/1093
f 1244/1124/1093 575/1117/1086 574/1119/1088 1247/1125/1094
f 1247/1125/1094 574/1119/1088 573/1118/1087 1250/1128/1097
f 1250/1128/1097 573/1118/1087 32/573/563 132/572/562
f 1249/1126/1095 1250/1128/1097 132/572/562 133/571/561
f 1248/1127/1096 1249/1126/1095 133/571/561 134/569/559
f 171/1130/939 1248/1127/1096 134/569/559 6/568/558
f 172/1131/949 1245/1123/1092 1248/1127/1096 171/1130/939
f 173/1129/947 1242/1120/1089 1245/1123/1092 172/1131/949
f 1251/1132/1098 1252/1133/1099 1255/1134/1100 1254/1135/1101
f 1252/1133/1099 1253/1136/1102 1256/1137/1103 1255/1134/1100
f 1254/1135/1101 1255/1134/1100 1258/1138/1104 1257/1139/1105
f 1255/1134/1100 1256/1137/1103 1259/1140/1106 1258/1138/1104
f 8/1141/928 189/1142/1107 1251/1132/1098 104/1143/927
f 189/1142/1107 190/1144/1108 1252/1133/1099 1251/1132/1098
f 190/1144/1108 191/1145/1109 1253/1136/1102 1252/1133/1099
f 191/1145/1109 42/1146/1110 579/1147/1111 1253/1136/1102
f 1253/1136/1102 579/1147/1111 580/1148/1112 1256/1137/1103
f 1256/1137/1103 580/1148/1112 581/1149/1113 1259/1140/1106
f 1259/1140/1106 581/1149/1113 91/1150/1114 590/1151/1115
f 1258/1138/1104 1259/1140/1106 590/1151/1115 589/1152/1116
f 1257/1139/1105 1258/1138/1104 589/1152/1116 588/1153/1117
f 102/1154/923 1257/1139/1105 588/1153/1117 27/1155/881
f 103/1156/929 1254/1135/1101 1257/1139/1105 102/1154/923
f 104/1143/927 1251/1132/1098 1254/1135/1101 103/1156/929
f 1260/1157/1118 1261/1158/1119 1264/1159/1120 1263/1160/1121
f 1261/1158/1119 1262/1161/1122 1265/1162/1123 1264/1159/1120
f 1263/1160/1121 1264/1159/1120 1267/1163/1124 1266/1164/1125
f 1264/1159/1120 1265/1162/1123 1268/1165/1126 1267/1163/1124
f 42/1146/1110 192/1166/1127 1260/1157/1118 579/1147/1111
f 192/1166/1127 193/1167/1128 1261/1158/1119 1260/1157/1118
f 193/1167/1128 194/1168/1129 1262/1161/1122 1261/1158/1119
f 194/1168/1129 12/1169/152 321/1170/1130 1262/1161/1122
f 1262/1161/1122 321/1170/1130 322/1171/1131 1265/1162/1123
f 1265/1162/1123 322/1171/1131 323/1172/1132 1268/1165/1126
f 1268/1165/1126 323/1172/1132 64/1173/1133 582/1174/1134
f 1267/1163/1124 1268/1165/1126 582/1174/1134 583/1175/1135
f 1266/1164/1125 1267/1163/1124 583/1175/1135 584/1176/1136
f 581/1149/1113 1266/1164/1125 584/1176/1136 91/1150/1114
f 580/1148/1112 1263/1160/1121 1266/1164/1125 581/1149/1113
f 579/1147/1111 1260/1157/1118 1263/1160/1121 580/1148/1112
f 1269/1177/1137 1270/1178/1138 1273/1179/1139 1272/1180/1140
f 1270/1178/1138 1271/1181/1141 1274/1182/1142 1273/1179/1139
f 1272/1180/1140 1273/1179/1139 1276/1183/1143 1275/1184/1144
f 1273/1179/1139 1274/1182/1142 1277/1185/1145 1276/1183/1143
f 91/1150/1114 584/1176/1136 1269/1177/1137 587/1186/1146
f 584/1176/1136 583/1175/1135 1270/1178/1138 1269/1177/1137
f 583/1175/1135 582/1174/1134 1271/1181/1141 1270/1178/1138
f 582/1174/1134 64/1173/1133 324/1187/1147 1271/1181/1141
f 1271/1181/1141 324/1187/1147 325/1188/1148 1274/1182/1142
f 1274/1182/1142 325/1188/1148 326/1189/1149 1277/1185/1145
f 1277/1185/1145 326/1189/1149 24/172/163 327/1104/1073
f 1276/1183/1143 1277/1185/1145 327/1104/1073 328/1103/1072
f 1275/1184/1144 1276/1183/1143 328/1103/1072 329/1102/1071
f 585/1190/1150 1275/1184/1144 329/1102/1071 65/1082/1054
f 586/1191/1151 1272/1180/1140 1275/1184/1144 585/1190/1150
f 587/1186/1146 1269/1177/1137 1272/1180/1140 586/1191/1151
f 1278/1192/1152 1279/1193/1153 1282/1194/1154 1281/1195/1155
f 1279/1193/1153 1280/1196/1156 1283/1197/1157 1282/1194/1154
f 1281/1195/1155 1282/1194/1154 1285/1198/1158 1284/1199/1159
f 1282/1194/1154 1283/1197/1157 1286/1200/1160 1285/1198/1158
f 27/1155/881 588/1153/1117 1278/1192/1152 101/1201/880
f 588/1153/1117 589/1152/1116 1279/1193/1153 1278/1192/1152
f 589/1152/1116 590/1151/1115 1280/1196/1156 1279/1193/1153
f 590/1151/1115 91/1150/1114 587/1186/1146 1280/1196/1156
f 1280/1196/1156 587/1186/1146 586/1191/1151 1283/1197/1157
f 1283/1197/1157 586/1191/1151 585/1190/1150 1286/1200/1160
f 1286/1200/1160 585/1190/1150 65/1082/1054 330/1081/1053
f 1285/1198/1158 1286/1200/1160 330/1081/1053 331/1080/1052
f 1284/1199/1159 1285/1198/1158 331/1080/1052 332/1078/1051
f 99/1202/869 1284/1199/1159 332/1078/1051 9/1077/867
f 100/1203/882 1281/1195/1155 1284/1199/1159 99/1202/869
f 101/1201/880 1278/1192/1152 1281/1195/1155 100/1203/882
f 1287/1204/1161 1288/1205/1162 1291/1206/1163 1290/1207/1164
f 1288/1205/1162 1289/1208/1165 1292/1209/1166 1291/1206/1163
f 1290/1207/1164 1291/1206/1163 1294/1210/1167 1293/1211/1168
f 1291/1206/1163 1292/1209/1166 1295/1212/1169 1294/1210/1167
f 12/1169/152 117/1213/150 1287/1204/1161 321/1170/1130
f 117/1213/150 118/1214/149 1288/1205/1162 1287/1204/1161
f 118/1214/149 119/1215/148 1289/1208/1165 1288/1205/1162
f 119/1215/148 30/1216/136 591/1217/1170 1289/1208/1165
f 1289/1208/1165 591/1217/1170 592/1218/1171 1292/1209/1166
f 1292/1209/1166 592/1218/1171 593/1219/1172 1295/1212/1169
f 1295/1212/1169 593/1219/1172 92/1220/1173 602/1221/1174
f 1294/1210/1167 1295/1212/1169 602/1221/1174 601/1222/1175
f 1293/1211/1168 1294/1210/1167 601/1222/1175 600/1223/1176
f 323/1172/1132 1293/1211/1168 600/1223/1176 64/1173/1133
f 322/1171/1131 1290/1207/1164 1293/1211/1168 323/1172/1132
f 321/1170/1130 1287/1204/1161 1290/1207/1164 322/1171/1131
f 1296/1224/1177 1297/1225/1178 1300/1226/1179 1299/1227/1180
f 1297/1225/1178 1298/1228/1181 1301/1229/1182 1300/1226/1179
f 1299/1227/1180 1300/1226/1179 1303/1230/1183 1302/1231/1184
f 1300/1226/1179 1301/1229/1182 1304/1232/1185 1303/1230/1183
f 30/1216/136 120/1233/134 1296/1224/1177 591/1217/1170
f 120/1233/134 121/1234/133 1297/1225/1178 1296/1224/1177
f 121/1234/133 122/1235/132 1298/1228/1181 1297/1225/1178
f 122/1235/132 7/1236/59 225/1237/58 1298/1228/1181
f 1298/1228/1181 225/1237/58 226/1238/57 1301/1229/1182
f 1301/1229/1182 226/1238/57 227/1239/56 1304/1232/1185
f 1304/1232/1185 227/1239/56 48/1240/42 594/1241/1186
f 1303/1230/1183 1304/1232/1185 594/1241/1186 595/1242/1187
f 1302/1231/1184 1303/1230/1183 595/1242/1187 596/1243/1188
f 593/1219/1172 1302/1231/1184 596/1243/1188 92/1220/1173
f 592/1218/1171 1299/1227/1180 1302/1231/1184 593/1219/1172
f 591/1217/1170 1296/1224/1177 1299/1227/1180 592/1218/1171
f 1305/1244/1189 1306/1245/1190 1309/1246/1191 1308/1247/1192
f 1306/1245/1190 1307/1248/1193 1310/1249/1194 1309/1246/1191
f 1308/1247/1192 1309/1246/1191 1312/1250/1195 1311/1251/1196
f 1309/1246/1191 1310/1249/1194 1313/1252/1197 1312/1250/1195
f 92/1220/1173 596/1243/1188 1305/1244/1189 599/1253/1198
f 596/1243/1188 595/1242/1187 1306/1245/1190 1305/1244/1189
f 595/1242/1187 594/1241/1186 1307/1248/1193 1306/1245/1190
f 594/1241/1186 48/1240/42 228/1254/41 1307/1248/1193
f 1307/1248/1193 228/1254/41 229/1255/40 1310/1249/1194
f 1310/1249/1194 229/1255/40 230/1256/39 1313/1252/1197
f 1313/1252/1197 230/1256/39 18/200/38 333/199/190
f 1312/1250/1195 1313/1252/1197 333/199/190 334/198/189
f 1311/1251/1196 1312/1250/1195 334/198/189 335/197/188
f 597/1257/1199 1311/1251/1196 335/197/188 66/177/168
f 598/1258/1200 1308/1247/1192 1311/1251/1196 597/1257/1199
f 599/1253/1198 1305/1244/1189 1308/1247/1192 598/1258/1200
f 1314/1259/1201 1315/1260/1202 1318/1261/1203 1317/1262/1204
f 1315/1260/1202 1316/1263/1205 1319/1264/1206 1318/1261/1203
f 1317/1262/1204 1318/1261/1203 1321/1265/1207 1320/1266/1208
f 1318/1261/1203 1319/1264/1206 1322/1267/1209 1321/1265/1207
f 64/1173/1133 600/1223/1176 1314/1259/1201 324/1187/1147
f 600/1223/1176 601/1222/1175 1315/1260/1202 1314/1259/1201
f 601/1222/1175 602/1221/1174 1316/1263/1205 1315/1260/1202
f 602/1221/1174 92/1220/1173 599/1253/1198 1316/1263/1205
f 1316/1263/1205 599/1253/1198 598/1258/1200 1319/1264/1206
f 1319/1264/1206 598/1258/1200 597/1257/1199 1322/1267/1209
f 1322/1267/1209 597/1257/1199 66/177/168 336/176/167
f 1321/1265/1207 1322/1267/1209 336/176/167 337/175/166
f 1320/1266/1208 1321/1265/1207 337/175/166 338/173/164
f 326/1189/1149 1320/1266/1208 338/173/164 24/172/163
f 325/1188/1148 1317/1262/1204 1320/1266/1208 326/1189/1149
f 324/1187/1147 1314/1259/1201 1317/1262/1204 325/1188/1148
f 1323/1268/1210 1324/1269/1211 1327/1270/1212 1326/1271/1213
f 1324/1269/1211 1325/1272/1214 1328/1273/1215 1327/1270/1212
f 1326/1271/1213 1327/1270/1212 1330/1274/1216 1329/1275/1217
f 1327/1270/1212 1328/1273/1215 1331/1276/1218 1330/1274/1216
f 17/1277/313 356/1278/1219 1323/1268/1210 224/1279/908
f 356/1278/1219 355/1280/1220 1324/1269/1211 1323/1268/1210
f 355/1280/1220 354/1281/1221 1325/1272/1214 1324/1269/1211
f 354/1281/1221 69/1282/1222 603/1283/1223 1325/1272/1214
f 1325/1272/1214 603/1283/1223 604/1284/1224 1328/1273/1215
f 1328/1273/1215 604/1284/1224 605/1285/1225 1331/1276/1218
f 1331/1276/1218 605/1285/1225 93/1286/1226 614/1287/1227
f 1330/1274/1216 1331/1276/1218 614/1287/1227 613/1288/1228
f 1329/1275/1217 1330/1274/1216 613/1288/1228 612/1289/1229
f 222/1290/910 1329/1275/1217 612/1289/1229 47/1291/912
f 223/1292/909 1326/1271/1213 1329/1275/1217 222/1290/910
f 224/1279/908 1323/1268/1210 1326/1271/1213 223/1292/909
f 1332/1293/1230 1333/1294/1231 1336/1295/1232 1335/1296/1233
f 1333/1294/1231 1334/1297/1234 1337/1298/1235 1336/1295/1232
f 1335/1296/1233 1336/1295/1232 1339/1299/1236 1338/1300/1237
f 1336/1295/1232 1337/1298/1235 1340/1301/1238 1339/1299/1236
f 69/1282/1222 353/1302/1239 1332/1293/1230 603/1283/1223
f 353/1302/1239 352/1303/1240 1333/1294/1231 1332/1293/1230
f 352/1303/1240 351/1304/1241 1334/1297/1234 1333/1294/1231
f 351/1304/1241 25/91/91 339/93/93 1334/1297/1234
f 1334/1297/1234 339/93/93 340/106/106 1337/1298/1235
f 1337/1298/1235 340/106/106 341/104/104 1340/1301/1238
f 1340/1301/1238 341/104/104 67/105/105 606/1305/1242
f 1339/1299/1236 1340/1301/1238 606/1305/1242 607/1306/1243
f 1338/1300/1237 1339/1299/1236 607/1306/1243 608/1307/1244
f 605/1285/1225 1338/1300/1237 608/1307/1244 93/1286/1226
f 604/1284/1224 1335/1296/1233 1338/1300/1237 605/1285/1225
f 603/1283/1223 1332/1293/1230 1335/1296/1233 604/1284/1224
f 1341/1308/1245 1342/1309/1246 1345/1310/1247 1344/1311/1248
f 1342/1309/1246 1343/1312/1249 1346/1313/1250 1345/1310/1247
f 1344/1311/1248 1345/1310/1247 1348/1314/1251 1347/1315/1252
f 1345/1310/1247 1346/1313/1250 1349/1316/1253 1348/1314/1251
f 93/1286/1226 608/1307/1244 1341/1308/1245 611/1317/1254
f 608/1307/1244 607/1306/1243 1342/1309/1246 1341/1308/1245
f 607/1306/1243 606/1305/1242 1343/1312/1249 1342/1309/1246
f 606/1305/1242 67/105/105 342/156/147 1343/1312/1249
f 1343/1312/1249 342/156/147 343/162/153 1346/1313/1250
f 1346/1313/1250 343/162/153 344/160/151 1349/1316/1253
f 1349/1316/1253 344/160/151 12/161/152 194/1318/1129
f 1348/1314/1251 1349/1316/1253 194/1318/1129 193/1319/1128
f 1347/1315/1252 1348/1314/1251 193/1319/1128 192/1320/1127
f 609/1321/1255 1347/1315/1252 192/1320/1127 42/1322/1110
f 610/1323/1256 1344/1311/1248 1347/1315/1252 609/1321/1255
f 611/1317/1254 1341/1308/1245 1344/1311/1248 610/1323/1256
f 1350/1324/1257 1351/1325/1258 1354/1326/1259 1353/1327/1260
f 1351/1325/1258 1352/1328/1261 1355/1329/1262 1354/1326/1259
f 1353/1327/1260 1354/1326/1259 1357/1330/1263 1356/1331/1264
f 1354/1326/1259 1355/1329/1262 1358/1332/1265 1357/1330/1263
f 47/1291/912 612/1289/1229 1350/1324/1257 221/1333/924
f 612/1289/1229 613/1288/1228 1351/1325/1258 1350/1324/1257
f 613/1288/1228 614/1287/1227 1352/1328/1261 1351/1325/1258
f 614/1287/1227 93/1286/1226 611/1317/1254 1352/1328/1261
f 1352/1328/1261 611/1317/1254 610/1323/1256 1355/1329/1262
f 1355/1329/1262 610/1323/1256 609/1321/1255 1358/1332/1265
f 1358/1332/1265 609/1321/1255 42/1322/1110 191/1334/1109
f 1357/1330/1263 1358/1332/1265 191/1334/1109 190/1335/1108
f 1356/1331/1264 1357/1330/1263 190/1335/1108 189/1336/1107
f 219/1337/926 1356/1331/1264 189/1336/1107 8/1338/928
f 220/1339/925 1353/1327/1260 1356/1331/1264 219/1337/926
f 221/1333/924 1350/1324/1257 1353/1327/1260 220/1339/925
f 1359/1340/1266 1360/1341/1267 1363/1342/1268 1362/1343/1269
f 1360/1341/1267 1361/1344/1270 1364/1345/1271 1363/1342/1268
f 1362/1343/1269 1363/1342/1268 1366/1346/1272 1365/1347/1273
f 1363/1342/1268 1364/1345/1271 1367/1348/1274 1366/1346/1272
f 4/302/292 128/748/738 1359/1340/1266 152/1349/293
f 128/748/738 127/747/737 1360/1341/1267 1359/1340/1266
f 127/747/737 126/746/736 1361/1344/1270 1360/1341/1267
f 126/746/736 31/735/725 615/1350/1275 1361/1344/1270
f 1361/1344/1270 615/1350/1275 616/1351/1276 1364/1345/1271
f 1364/1345/1271 616/1351/1276 617/1352/1277 1367/1348/1274
f 1367/1348/1274 617/1352/1277 94/1353/1278 626/1354/1279
f 1366/1346/1272 1367/1348/1274 626/1354/1279 625/1355/1280
f 1365/1347/1273 1366/1346/1272 625/1355/1280 624/1356/1281
f 150/1357/295 1365/1347/1273 624/1356/1281 35/1358/297
f 151/1359/294 1362/1343/1269 1365/1347/1273 150/1357/295
f 152/1349/293 1359/1340/1266 1362/1343/1269 151/1359/294
f 1368/1360/1282 1369/1361/1283 1372/1362/1284 1371/1363/1285
f 1369/1361/1283 1370/1364/1286 1373/1365/1287 1372/1362/1284
f 1371/1363/1285 1372/1362/1284 1375/1366/1288 1374/1367/1289
f 1372/1362/1284 1373/1365/1287 1376/1368/1290 1375/1366/1288
f 31/735/725 125/733/723 1368/1360/1282 615/1350/1275
f 125/733/723 124/732/722 1369/1361/1283 1368/1360/1282
f 124/732/722 123/731/721 1370/1364/1286 1369/1361/1283
f 123/731/721 13/404/394 345/1369/1291 1370/1364/1286
f 1370/1364/1286 345/1369/1291 346/1370/1292 1373/1365/1287
f 1373/1365/1287 346/1370/1292 347/1371/1293 1376/1368/1290
f 1376/1368/1290 347/1371/1293 68/1372/1294 618/1373/1295
f 1375/1366/1288 1376/1368/1290 618/1373/1295 619/1374/1296
f 1374/1367/1289 1375/1366/1288 619/1374/1296 620/1375/1297
f 617/1352/1277 1374/1367/1289 620/1375/1297 94/1353/1278
f 616/1351/1276 1371/1363/1285 1374/1367/1289 617/1352/1277
f 615/1350/1275 1368/1360/1282 1371/1363/1285 616/1351/1276
f 1377/1376/1298 1378/1377/1299 1381/1378/1300 1380/1379/1301
f 1378/1377/1299 1379/1380/1302 1382/1381/1303 1381/1378/1300
f 1380/1379/1301 1381/1378/1300 1384/1382/1304 1383/1383/1305
f 1381/1378/1300 1382/1381/1303 1385/1384/1306 1384/1382/1304
f 94/1353/1278 620/1375/1297 1377/1376/1298 623/1385/1307
f 620/1375/1297 619/1374/1296 1378/1377/1299 1377/1376/1298
f 619/1374/1296 618/1373/1295 1379/1380/1302 1378/1377/1299
f 618/1373/1295 68/1372/1294 348/1386/1308 1379/1380/1302
f 1379/1380/1302 348/1386/1308 349/1387/1309 1382/1381/1303
f 1382/1381/1303 349/1387/1309 350/1388/1310 1385/1384/1306
f 1385/1384/1306 350/1388/1310 25/91/91 351/1304/1241
f 1384/1382/1304 1385/1384/1306 351/1304/1241 352/1303/1240
f 1383/1383/1305 1384/1382/1304 352/1303/1240 353/1302/1239
f 621/1389/1311 1383/1383/1305 353/1302/1239 69/1282/1222
f 622/1390/1312 1380/1379/1301 1383/1383/1305 621/1389/1311
f 623/1385/1307 1377/1376/1298 1380/1379/1301 622/1390/1312
f 1386/1391/1313 1387/1392/1314 1390/1393/1315 1389/1394/1316
f 1387/1392/1314 1388/1395/1317 1391/1396/1318 1390/1393/1315
f 1389/1394/1316 1390/1393/1315 1393/1397/1319 1392/1398/1320
f 1390/1393/1315 1391/1396/1318 1394/1399/1321 1393/1397/1319
f 35/1358/297 624/1356/1281 1386/1391/1313 149/1400/309
f 624/1356/1281 625/1355/1280 1387/1392/1314 1386/1391/1313
f 625/1355/1280 626/1354/1279 1388/1395/1317 1387/1392/1314
f 626/1354/1279 94/1353/1278 623/1385/1307 1388/1395/1317
f 1388/1395/1317 623/1385/1307 622/1390/1312 1391/1396/1318
f 1391/1396/1318 622/1390/1312 621/1389/1311 1394/1399/1321
f 1394/1399/1321 621/1389/1311 69/1282/1222 354/1281/1221
f 1393/1397/1319 1394/1399/1321 354/1281/1221 355/1280/1220
f 1392/1398/1320 1393/1397/1319 355/1280/1220 356/1278/1219
f 147/1401/311 1392/1398/1320 356/1278/1219 17/1277/313
f 148/1402/310 1389/1394/1316 1392/1398/1320 147/1401/311
f 149/1400/309 1386/1391/1313 1389/1394/1316 148/1402/310
f 1395/1403/1322 1396/1404/1323 1399/1405/1324 1398/1406/1325
f 1396/1404/1323 1397/1407/1326 1400/1408/1327 1399/1405/1324
f 1398/1406/1325 1399/1405/1324 1402/1409/1328 1401/1410/1329
f 1399/1405/1324 1400/1408/1327 1403/1411/1330 1402/1409/1328
f 13/404/394 200/402/392 1395/1403/1322 345/1369/1291
f 200/402/392 199/401/391 1396/1404/1323 1395/1403/1322
f 199/401/391 198/400/390 1397/1407/1326 1396/1404/1323
f 198/400/390 43/388/378 627/1412/1331 1397/1407/1326
f 1397/1407/1326 627/1412/1331 628/1413/1332 1400/1408/1327
f 1400/1408/1327 628/1413/1332 629/1414/1333 1403/1411/1330
f 1403/1411/1330 629/1414/1333 95/1415/1334 638/1416/1335
f 1402/1409/1328 1403/1411/1330 638/1416/1335 637/1417/1336
f 1401/1410/1329 1402/1409/1328 637/1417/1336 636/1418/1337
f 347/1371/1293 1401/1410/1329 636/1418/1337 68/1372/1294
f 346/1370/1292 1398/1406/1325 1401/1410/1329 347/1371/1293
f 345/1369/1291 1395/1403/1322 1398/1406/1325 346/1370/1292
f 1404/1419/1338 1405/1420/1339 1408/1421/1340 1407/1422/1341
f 1405/1420/1339 1406/1423/1342 1409/1424/1343 1408/1421/1340
f 1407/1422/1341 1408/1421/1340 1411/1425/1344 1410/1426/1345
f 1408/1421/1340 1409/1424/1343 1412/1427/1346 1411/1425/1344
f 43/388/378 197/386/376 1404/1419/1338 627/1412/1331
f 197/386/376 196/385/375 1405/1420/1339 1404/1419/1338
f 196/385/375 195/384/374 1406/1423/1342 1405/1420/1339
f 195/384/374 3/383/373 207/1428/1347 1406/1423/1342
f 1406/1423/1342 207/1428/1347 208/1429/1348 1409/1424/1343
f 1409/1424/1343 208/1429/1348 209/1430/1349 1412/1427/1346
f 1412/1427/1346 209/1430/1349 45/1431/1350 630/1432/1351
f 1411/1425/1344 1412/1427/1346 630/1432/1351 631/1433/1352
f 1410/1426/1345 1411/1425/1344 631/1433/1352 632/1434/1353
f 629/1414/1333 1410/1426/1345 632/1434/1353 95/1415/1334
f 628/1413/1332 1407/1422/1341 1410/1426/1345 629/1414/1333
f 627/1412/1331 1404/1419/1338 1407/1422/1341 628/1413/1332
f 1413/1435/1354 1414/1436/1355 1417/1437/1356 1416/1438/1357
f 1414/1436/1355 1415/1439/1358 1418/1440/1359 1417/1437/1356
f 1416/1438/1357 1417/1437/1356 1420/1441/1360 1419/1442/1361
f 1417/1437/1356 1418/1440/1359 1421/1443/1362 1420/1441/1360
f 95/1415/1334 632/1434/1353 1413/1435/1354 635/1444/1363
f 632/1434/1353 631/1433/1352 1414/1436/1355 1413/1435/1354
f 631/1433/1352 630/1432/1351 1415/1439/1358 1414/1436/1355
f 630/1432/1351 45/1431/1350 210/1445/1364 1415/1439/1358
f 1415/1439/1358 210/1445/1364 211/1446/1365 1418/1440/1359
f 1418/1440/1359 211/1446/1365 212/1447/1366 1421/1443/1362
f 1421/1443/1362 212/1447/1366 15/119/80 357/118/118
f 1420/1441/1360 1421/1443/1362 357/118/118 358/117/117
f 1419/1442/1361 1420/1441/1360 358/117/117 359/116/116
f 633/1448/1367 1419/1442/1361 359/116/116 70/96/96
f 634/1449/1368 1416/1438/1357 1419/1442/1361 633/1448/1367
f 635/1444/1363 1413/1435/1354 1416/1438/1357 634/1449/1368
f 1422/1450/1369 1423/1451/1370 1426/1452/1371 1425/1453/1372
f 1423/1451/1370 1424/1454/1373 1427/1455/1374 1426/1452/1371
f 1425/1453/1372 1426/1452/1371 1429/1456/1375 1428/1457/1376
f 1426/1452/1371 1427/1455/1374 1430/1458/1377 1429/1456/1375
f 68/1372/1294 636/1418/1337 1422/1450/1369 348/1386/1308
f 636/1418/1337 637/1417/1336 1423/1451/1370 1422/1450/1369
f 637/1417/1336 638/1416/1335 1424/1454/1373 1423/1451/1370
f 638/1416/1335 95/1415/1334 635/1444/1363 1424/1454/1373
f 1424/1454/1373 635/1444/1363 634/1449/1368 1427/1455/1374
f 1427/1455/1374 634/1449/1368 633/1448/1367 1430/1458/1377
f 1430/1458/1377 633/1448/1367 70/96/96 360/95/95
f 1429/1456/1375 1430/1458/1377 360/95/95 361/94/94
f 1428/1457/1376 1429/1456/1375 361/94/94 362/92/92
f 350/1388/1310 1428/1457/1376 362/92/92 25/91/91
f 349/1387/1309 1425/1453/1372 1428/1457/1376 350/1388/1310
f 348/1386/1308 1422/1450/1369 1425/1453/1372 349/1387/1309
f 1431/1459/1378 1432/1460/1379 1435/1461/1380 1434/1462/1381
f 1432/1460/1379 1433/1463/1382 1436/1464/1383 1435/1461/1380
f 1434/1462/1381 1435/1461/1380 1438/1465/1384 1437/1466/1385
f 1435/1461/1380 1436/1464/1383 1439/1467/1386 1438/1465/1384
f 16/362/352 380/1468/1387 1431/1459/1378 141/363/353
f 380/1468/1387 379/1469/1388 1432/1460/1379 1431/1459/1378
f 379/1469/1388 378/1470/1389 1433/1463/1382 1432/1460/1379
f 378/1470/1389 73/1471/1390 639/1472/1391 1433/1463/1382
f 1433/1463/1382 639/1472/1391 640/1473/1392 1436/1464/1383
f 1436/1464/1383 640/1473/1392 641/1474/1393 1439/1467/1386
f 1439/1467/1386 641/1474/1393 96/1475/1394 650/1476/1395
f 1438/1465/1384 1439/1467/1386 650/1476/1395 649/1477/1396
f 1437/1466/1385 1438/1465/1384 649/1477/1396 648/1478/1397
f 143/365/355 1437/1466/1385 648/1478/1397 34/366/356
f 142/364/354 1434/1462/1381 1437/1466/1385 143/365/355
f 141/363/353 1431/1459/1378 1434/1462/1381 142/364/354
f 1440/1479/1398 1441/1480/1399 1444/1481/1400 1443/1482/1401
f 1441/1480/1399 1442/1483/1402 1445/1484/1403 1444/1481/1400
f 1443/1482/1401 1444/1481/1400 1447/1485/1404 1446/1486/1405
f 1444/1481/1400 1445/1484/1403 1448/1487/1406 1447/1485/1404
f 73/1471/1390 377/1488/1407 1440/1479/1398 639/1472/1391
f 377/1488/1407 376/1489/1408 1441/1480/1399 1440/1479/1398
f 376/1489/1408 375/1490/1409 1442/1483/1402 1441/1480/1399
f 375/1490/1409 26/10/10 363/12/12 1442/1483/1402
f 1442/1483/1402 363/12/12 364/25/25 1445/1484/1403
f 1445/1484/1403 364/25/25 365/23/23 1448/1487/1406
f 1448/1487/1406 365/23/23 71/24/24 642/1491/1410
f 1447/1485/1404 1448/1487/1406 642/1491/1410 643/1492/1411
f 1446/1486/1405 1447/1485/1404 643/1492/1411 644/1493/1412
f 641/1474/1393 1446/1486/1405 644/1493/1412 96/1475/1394
f 640/1473/1392 1443/1482/1401 1446/1486/1405 641/1474/1393
f 639/1472/1391 1440/1479/1398 1443/1482/1401 640/1473/1392
f 1449/1494/1413 1450/1495/1414 1453/1496/1415 1452/1497/1416
f 1450/1495/1414 1451/1498/1417 1454/1499/1418 1453/1496/1415
f 1452/1497/1416 1453/1496/1415 1456/1500/1419 1455/1501/1420
f 1453/1496/1415 1454/1499/1418 1457/1502/1421 1456/1500/1419
f 96/1475/1394 644/1493/1412 1449/1494/1413 647/1503/1422
f 644/1493/1412 643/1492/1411 1450/1495/1414 1449/1494/1413
f 643/1492/1411 642/1491/1410 1451/1498/1417 1450/1495/1414
f 642/1491/1410 71/24/24 366/75/75 1451/1498/1417
f 1451/1498/1417 366/75/75 367/81/81 1454/1499/1418
f 1454/1499/1418 367/81/81 368/79/79 1457/1502/1421
f 1457/1502/1421 368/79/79 15/80/80 212/1504/1366
f 1456/1500/1419 1457/1502/1421 212/1504/1366 211/1505/1365
f 1455/1501/1420 1456/1500/1419 211/1505/1365 210/1506/1364
f 645/1507/1423 1455/1501/1420 210/1506/1364 45/1508/1350
f 646/1509/1424 1452/1497/1416 1455/1501/1420 645/1507/1423
f 647/1503/1422 1449/1494/1413 1452/1497/1416 646/1509/1424
f 1458/1510/1425 1459/1511/1426 1462/1512/1427 1461/1513/1428
f 1459/1511/1426 1460/1514/1429 1463/1515/1430 1462/1512/1427
f 1461/1513/1428 1462/1512/1427 1465/1516/1431 1464/1517/1432
f 1462/1512/1427 1463/1515/1430 1466/1518/1433 1465/1516/1431
f 34/366/356 648/1478/1397 1458/1510/1425 144/380/370
f 648/1478/1397 649/1477/1396 1459/1511/1426 1458/1510/1425
f 649/1477/1396 650/1476/1395 1460/1514/1429 1459/1511/1426
f 650/1476/1395 96/1475/1394 647/1503/1422 1460/1514/1429
f 1460/1514/1429 647/1503/1422 646/1509/1424 1463/1515/1430
f 1463/1515/1430 646/1509/1424 645/1507/1423 1466/1518/1433
f 1466/1518/1433 645/1507/1423 45/1508/1350 209/1519/1349
f 1465/1516/1431 1466/1518/1433 209/1519/1349 208/1520/1348
f 1464/1517/1432 1465/1516/1431 208/1520/1348 207/1521/1347
f 146/382/372 1464/1517/1432 207/1521/1347 3/383/373
f 145/381/371 1461/1513/1428 1464/1517/1432 146/382/372
f 144/380/370 1458/1510/1425 1461/1513/1428 145/381/371
f 1467/1522/1434 1468/1523/1435 1471/1524/1436 1470/1525/1437
f 1468/1523/1435 1469/1526/1438 1472/1527/1439 1471/1524/1436
f 1470/1525/1437 1471/1524/1436 1474/1528/1440 1473/1529/1441
f 1471/1524/1436 1472/1527/1439 1475/1530/1442 1474/1528/1440
f 1/464/454 164/1531/453 1467/1522/1434 213/837/827
f 164/1531/453 163/1532/452 1468/1523/1435 1467/1522/1434
f 163/1532/452 162/1533/451 1469/1526/1438 1468/1523/1435
f 162/1533/451 37/1534/437 651/1535/1443 1469/1526/1438
f 1469/1526/1438 651/1535/1443 652/1536/1444 1472/1527/1439
f 1472/1527/1439 652/1536/1444 653/1537/1445 1475/1530/1442
f 1475/1530/1442 653/1537/1445 97/1538/1446 662/1539/1447
f 1474/1528/1440 1475/1530/1442 662/1539/1447 661/1540/1448
f 1473/1529/1441 1474/1528/1440 661/1540/1448 660/1541/1449
f 215/839/829 1473/1529/1441 660/1541/1449 46/840/830
f 214/838/828 1470/1525/1437 1473/1529/1441 215/839/829
f 213/837/827 1467/1522/1434 1470/1525/1437 214/838/828
f 1476/1542/1450 1477/1543/1451 1480/1544/1452 1479/1545/1453
f 1477/1543/1451 1478/1546/1454 1481/1547/1455 1480/1544/1452
f 1479/1545/1453 1480/1544/1452 1483/1548/1456 1482/1549/1457
f 1480/1544/1452 1481/1547/1455 1484/1550/1458 1483/1548/1456
f 37/1534/437 161/1551/436 1476/1542/1450 651/1535/1443
f 161/1551/436 160/1552/435 1477/1543/1451 1476/1542/1450
f 160/1552/435 159/1553/434 1478/1546/1454 1477/1543/1451
f 159/1553/434 19/1554/433 369/1555/1459 1478/1546/1454
f 1478/1546/1454 369/1555/1459 370/1556/1460 1481/1547/1455
f 1481/1547/1455 370/1556/1460 371/1557/1461 1484/1550/1458
f 1484/1550/1458 371/1557/1461 72/1558/1462 654/1559/1463
f 1483/1548/1456 1484/1550/1458 654/1559/1463 655/1560/1464
f 1482/1549/1457 1483/1548/1456 655/1560/1464 656/1561/1465
f 653/1537/1445 1482/1549/1457 656/1561/1465 97/1538/1446
f 652/1536/1444 1479/1545/1453 1482/1549/1457 653/1537/1445
f 651/1535/1443 1476/1542/1450 1479/1545/1453 652/1536/1444
f 1485/1562/1466 1486/1563/1467 1489/1564/1468 1488/1565/1469
f 1486/1563/1467 1487/1566/1470 1490/1567/1471 1489/1564/1468
f 1488/1565/1469 1489/1564/1468 1492/1568/1472 1491/1569/1473
f 1489/1564/1468 1490/1567/1471 1493/1570/1474 1492/1568/1472
f 97/1538/1446 656/1561/1465 1485/1562/1466 659/1571/1475
f 656/1561/1465 655/1560/1464 1486/1563/1467 1485/1562/1466
f 655/1560/1464 654/1559/1463 1487/1566/1470 1486/1563/1467
f 654/1559/1463 72/1558/1462 372/1572/1476 1487/1566/1470
f 1487/1566/1470 372/1572/1476 373/1573/1477 1490/1567/1471
f 1490/1567/1471 373/1573/1477 374/1574/1478 1493/1570/1474
f 1493/1570/1474 374/1574/1478 26/10/10 375/1490/1409
f 1492/1568/1472 1493/1570/1474 375/1490/1409 376/1489/1408
f 1491/1569/1473 1492/1568/1472 376/1489/1408 377/1488/1407
f 657/1575/1479 1491/1569/1473 377/1488/1407 73/1471/1390
f 658/1576/1480 1488/1565/1469 1491/1569/1473 657/1575/1479
f 659/1571/1475 1485/1562/1466 1488/1565/1469 658/1576/1480
f 1494/1577/1481 1495/1578/1482 1498/1579/1483 1497/1580/1484
f 1495/1578/1482 1496/1581/1485 1499/1582/1486 1498/1579/1483
f 1497/1580/1484 1498/1579/1483 1501/1583/1487 1500/1584/1488
f 1498/1579/1483 1499/1582/1486 1502/1585/1489 1501/1583/1487
f 46/840/830 660/1541/1449 1494/1577/1481 216/854/844
f 660/1541/1449 661/1540/1448 1495/1578/1482 1494/1577/1481
f 661/1540/1448 662/1539/1447 1496/1581/1485 1495/1578/1482
f 662/1539/1447 97/1538/1446 659/1571/1475 1496/1581/1485
f 1496/1581/1485 659/1571/1475 658/1576/1480 1499/1582/1486
f 1499/1582/1486 658/1576/1480 657/1575/1479 1502/1585/1489
f 1502/1585/1489 657/1575/1479 73/1471/1390 378/1470/1389
f 1501/1583/1487 1502/1585/1489 378/1470/1389 379/1469/1388
f 1500/1584/1488 1501/1583/1487 379/1469/1388 380/1468/1387
f 218/856/846 1500/1584/1488 380/1468/1387 16/362/352
f 217/855/845 1497/1580/1484 1500/1584/1488 218/856/846
f 216/854/844 1494/1577/1481 1497/1580/1484 217/855/845
f 1503/1586/1490 1504/1587/1491 1507/1588/1492 1506/1589/1493
f 1504/1587/1491 1505/1590/1494 1508/1591/1495 1507/1588/1492
f 1506/1589/1493 1507/1588/1492 1510/1592/1496 1509/1593/1497
f 1507/1588/1492 1508/1591/1495 1511/1594/1498 1510/1592/1496
f 19/1554/433 236/1595/664 1503/1586/1490 369/1555/1459
f 236/1595/664 235/1596/663 1504/1587/1491 1503/1586/1490
f 235/1596/663 234/1597/662 1505/1590/1494 1504/1587/1491
f 234/1597/662 49/1598/648 663/1599/1499 1505/1590/1494
f 1505/1590/1494 663/1599/1499 664/1600/1500 1508/1591/1495
f 1508/1591/1495 664/1600/1500 665/1601/1501 1511/1594/1498
f 1511/1594/1498 665/1601/1501 98/1602/1502 674/1603/1503
f 1510/1592/1496 1511/1594/1498 674/1603/1503 673/1604/1504
f 1509/1593/1497 1510/1592/1496 673/1604/1504 672/1605/1505
f 371/1557/1461 1509/1593/1497 672/1605/1505 72/1558/1462
f 370/1556/1460 1506/1589/1493 1509/1593/1497 371/1557/1461
f 369/1555/1459 1503/1586/1490 1506/1589/1493 370/1556/1460
f 1512/1606/1506 1513/1607/1507 1516/1608/1508 1515/1609/1509
f 1513/1607/1507 1514/1610/1510 1517/1611/1511 1516/1608/1508
f 1515/1609/1509 1516/1608/1508 1519/1612/1512 1518/1613/1513
f 1516/1608/1508 1517/1611/1511 1520/1614/1514 1519/1612/1512
f 49/1598/648 233/1615/647 1512/1606/1506 663/1599/1499
f 233/1615/647 232/1616/646 1513/1607/1507 1512/1606/1506
f 232/1616/646 231/1617/645 1514/1610/1510 1513/1607/1507
f 231/1617/645 5/1618/211 158/1619/210 1514/1610/1510
f 1514/1610/1510 158/1619/210 157/1620/209 1517/1611/1511
f 1517/1611/1511 157/1620/209 156/1621/208 1520/1614/1514
f 1520/1614/1514 156/1621/208 36/1622/194 666/1623/1515
f 1519/1612/1512 1520/1614/1514 666/1623/1515 667/1624/1516
f 1518/1613/1513 1519/1612/1512 667/1624/1516 668/1625/1517
f 665/1601/1501 1518/1613/1513 668/1625/1517 98/1602/1502
f 664/1600/1500 1515/1609/1509 1518/1613/1513 665/1601/1501
f 663/1599/1499 1512/1606/1506 1515/1609/1509 664/1600/1500
f 1521/1626/1518 1522/1627/1519 1525/1628/1520 1524/1629/1521
f 1522/1627/1519 1523/1630/1522 1526/1631/1523 1525/1628/1520
f 1524/1629/1521 1525/1628/1520 1528/1632/1524 1527/1633/1525
f 1525/1628/1520 1526/1631/1523 1529/1634/1526 1528/1632/1524
f 98/1602/1502 668/1625/1517 1521/1626/1518 671/1635/1527
f 668/1625/1517 667/1624/1516 1522/1627/1519 1521/1626/1518
f 667/1624/1516 666/1623/1515 1523/1630/1522 1522/1627/1519
f 666/1623/1515 36/1622/194 155/1636/193 1523/1630/1522
f 1523/1630/1522 155/1636/193 154/1637/192 1526/1631/1523
f 1526/1631/1523 154/1637/192 153/1638/191 1529/1634/1526
f 1529/1634/1526 153/1638/191 18/38/38 381/37/37
f 1528/1632/1524 1529/1634/1526 381/37/37 382/36/36
f 1527/1633/1525 1528/1632/1524 382/36/36 383/35/35
f 669/1639/1528 1527/1633/1525 383/35/35 74/15/15
f 670/1640/1529 1524/1629/1521 1527/1633/1525 669/1639/1528
f 671/1635/1527 1521/1626/1518 1524/1629/1521 670/1640/1529
f 1530/1641/1530 1531/1642/1531 1534/1643/1532 1533/1644/1533
f 1531/1642/1531 1532/1645/1534 1535/1646/1535 1534/1643/1532
f 1533/1644/1533 1534/1643/1532 1537/1647/1536 1536/1648/1537
f 1534/1643/1532 1535/1646/1535 1538/1649/1538 1537/1647/1536
f 72/1558/1462 672/1605/1505 1530/1641/1530 372/1572/1476
f 672/1605/1505 673/1604/1504 1531/1642/1531 1530/1641/1530
f 673/1604/1504 674/1603/1503 1532/1645/1534 1531/1642/1531
f 674/1603/1503 98/1602/1502 671/1635/1527 1532/1645/1534
f 1532/1645/1534 671/1635/1527 670/1640/1529 1535/1646/1535
f 1535/1646/1535 670/1640/1529 669/1639/1528 1538/1649/1538
f 1538/1649/1538 669/1639/1528 74/15/15 384/14/14
f 1537/1647/1536 1538/1649/1538 384/14/14 385/13/13
f 1536/1648/1537 1537/1647/1536 385/13/13 386/11/11
f 374/1574/1478 1536/1648/1537 386/11/11 26/10/10
f 373/1573/1477 1533/1644/1533 1536/1648/1537 374/1574/1478
f 372/1572/1476 1530/1641/1530 1533/1644/1533 373/1573/1477
